subject,year,paper_number,language,missing_memo_questions,total_questions,memo_coverage_pct,rows_with_memo_url,rows_without_memo_url,catalog_has_memo,qp_url,memo_url,remediation_hint
Setswana Home Language,2024,2,Setswana,122,122,0,0,122,yes,https://www.education.gov.za/LinkClick.aspx?fileticket=db9w05QsEbs%3d&tabid=4933&portalid=0&mid=13120,,MEMO_IN_CATALOG_NOT_LINKED — re-ingest with force to re-pair
Computer Applications Technology,2019,2,English,119,119,0,0,119,yes,https://www.education.gov.za/LinkClick.aspx?fileticket=omTMDEUn3dE%3d&tabid=2468&portalid=0&mid=8782,,MEMO_IN_CATALOG_NOT_LINKED — re-ingest with force to re-pair
Computer Applications Technology,2016,2,English,115,115,0,0,115,yes,https://www.education.gov.za/LinkClick.aspx?fileticket=X2z5moAAY-s%3d&tabid=1000&portalid=0&mid=4431,,MEMO_IN_CATALOG_NOT_LINKED — re-ingest with force to re-pair
siSwati First Additional Language,2021,2,siSwati,104,104,0,104,0,yes,https://www.education.gov.za/LinkClick.aspx?fileticket=Vy0JznymTzE%3d&tabid=2837&portalid=0&mid=9949,https://www.education.gov.za/LinkClick.aspx?fileticket=8CWT6O47y-0%3d&tabid=2837&portalid=0&mid=9949,"MEMO_PDF_EXTRACTION_FAILED — re-ingest with force, or OCR fallback"
Tshivenda First Additional Language,2020,2,Tshivenda,93,93,0,0,93,no,https://www.education.gov.za/LinkClick.aspx?fileticket=8bO09gsU888%3d&tabid=2702&portalid=0&mid=10160,,MEMO_MISSING_FROM_CATALOG — manually source memo PDF
Physical Sciences,2017,2,Afrikaans,90,90,0,0,90,yes,https://www.education.gov.za/LinkClick.aspx?fileticket=Ch4iRWCAJJw%3d&tabid=1686&portalid=0&mid=6755,,MEMO_IN_CATALOG_NOT_LINKED — re-ingest with force to re-pair
Physical Sciences,2017,2,English,90,90,0,90,0,yes,https://www.education.gov.za/LinkClick.aspx?fileticket=RCg7-dlBbr0%3d&tabid=1686&portalid=0&mid=6755,https://www.education.gov.za/LinkClick.aspx?fileticket=iCPNZkTuvZE%3d&tabid=1686&portalid=0&mid=6755,"MEMO_PDF_EXTRACTION_FAILED — re-ingest with force, or OCR fallback"
isiXhosa Home Language,2024,2,isiXhosa,89,89,0,0,89,yes,https://www.education.gov.za/LinkClick.aspx?fileticket=Y6Er6Ap6qqo%3d&tabid=4933&portalid=0&mid=13116,,MEMO_IN_CATALOG_NOT_LINKED — re-ingest with force to re-pair
Technical Sciences,2020,2,English,86,86,0,86,0,yes,https://www.education.gov.za/LinkClick.aspx?fileticket=e56PUzkT_e4%3d&tabid=2702&portalid=0&mid=9657,https://www.education.gov.za/LinkClick.aspx?fileticket=su12lV55X-4%3d&tabid=2702&portalid=0&mid=9657,"MEMO_PDF_EXTRACTION_FAILED — re-ingest with force, or OCR fallback"
Technical Sciences,2020,2,Afrikaans,86,86,0,0,86,no,https://www.education.gov.za/LinkClick.aspx?fileticket=bcepO3JfptQ%3d&tabid=2702&portalid=0&mid=9657,,MEMO_MISSING_FROM_CATALOG — manually source memo PDF
Agricultural Management Practices,2017,1,Afrikaans,85,85,0,0,85,yes,https://www.education.gov.za/LinkClick.aspx?fileticket=x-irOvmPK8M%3d&tabid=1856&portalid=0&mid=8640,,MEMO_IN_CATALOG_NOT_LINKED — re-ingest with force to re-pair
Technical Sciences,2021,2,Afrikaans,82,82,0,0,82,no,https://www.education.gov.za/LinkClick.aspx?fileticket=l0gmyNe0YoA%3d&tabid=2837&portalid=0&mid=9922,,MEMO_MISSING_FROM_CATALOG — manually source memo PDF
Technical Sciences,2021,2,English,82,82,0,82,0,yes,https://www.education.gov.za/LinkClick.aspx?fileticket=eW7-6W4n9qk%3d&tabid=2837&portalid=0&mid=9922,https://www.education.gov.za/LinkClick.aspx?fileticket=HIT9HUDE5fo%3d&tabid=2837&portalid=0&mid=9922,"MEMO_PDF_EXTRACTION_FAILED — re-ingest with force, or OCR fallback"
Electrical Technology,2015,1,English,82,82,0,82,0,yes,https://www.education.gov.za/LinkClick.aspx?fileticket=-PnWGSD8AOI%3d&tabid=979&portalid=0&mid=4282,https://www.education.gov.za/LinkClick.aspx?fileticket=0Kr4vsO-hCo%3d&tabid=979&portalid=0&mid=4282,"MEMO_PDF_EXTRACTION_FAILED — re-ingest with force, or OCR fallback"
Technical Sciences,2019,2,English,78,78,0,78,0,yes,https://www.education.gov.za/LinkClick.aspx?fileticket=0JxskFCMdwY%3d&tabid=2468&portalid=0&mid=8936,https://www.education.gov.za/LinkClick.aspx?fileticket=4ee0rH0A3qU%3d&tabid=2468&portalid=0&mid=8936,"MEMO_PDF_EXTRACTION_FAILED — re-ingest with force, or OCR fallback"
Technical Sciences,2019,2,Afrikaans,78,78,0,0,78,no,https://www.education.gov.za/LinkClick.aspx?fileticket=IRCG9CprUhY%3d&tabid=2468&portalid=0&mid=8936,,MEMO_MISSING_FROM_CATALOG — manually source memo PDF
Physical Sciences,2020,2,Afrikaans,76,76,0,0,76,yes,https://www.education.gov.za/LinkClick.aspx?fileticket=H8yi_oar-I8%3d&tabid=2702&portalid=0&mid=9635,,MEMO_IN_CATALOG_NOT_LINKED — re-ingest with force to re-pair
Physical Sciences,2015,2,Afrikaans,75,75,0,0,75,yes,https://www.education.gov.za/LinkClick.aspx?fileticket=IfbZSHXnayI%3d&tabid=979&portalid=0&mid=4293,,MEMO_IN_CATALOG_NOT_LINKED — re-ingest with force to re-pair
Physical Sciences,2019,2,Afrikaans,75,75,0,0,75,yes,https://www.education.gov.za/LinkClick.aspx?fileticket=cAThUPsVB4U%3d&tabid=2468&portalid=0&mid=8943,,MEMO_IN_CATALOG_NOT_LINKED — re-ingest with force to re-pair
Economics,2023,2,Afrikaans,74,74,0,0,74,yes,https://www.education.gov.za/LinkClick.aspx?fileticket=hS_trHgNH7c%3d&tabid=4504&portalid=0&mid=12307,,MEMO_IN_CATALOG_NOT_LINKED — re-ingest with force to re-pair
Economics,2023,1,Afrikaans,74,74,0,0,74,yes,https://www.education.gov.za/LinkClick.aspx?fileticket=JJsq0KM_2CM%3d&tabid=4504&portalid=0&mid=12307,,MEMO_IN_CATALOG_NOT_LINKED — re-ingest with force to re-pair
Physical Sciences,2018,2,Afrikaans,73,73,0,0,73,yes,https://www.education.gov.za/LinkClick.aspx?fileticket=dGFVWjPLJf4%3d&tabid=1920&portalid=0&mid=7599,,MEMO_IN_CATALOG_NOT_LINKED — re-ingest with force to re-pair
Physical Sciences,2024,2,Afrikaans,72,72,0,0,72,yes,https://www.education.gov.za/LinkClick.aspx?fileticket=tXqxy_HPixQ%3d&tabid=4933&portalid=0&mid=13149,,MEMO_IN_CATALOG_NOT_LINKED — re-ingest with force to re-pair
Physical Sciences,2016,2,Afrikaans,72,72,0,0,72,yes,https://www.education.gov.za/LinkClick.aspx?fileticket=ITvlHibgPhw%3d&tabid=1000&portalid=0&mid=4411,,MEMO_IN_CATALOG_NOT_LINKED — re-ingest with force to re-pair
Consumer Studies,2015,1,English,72,186,61,72,0,yes,https://www.education.gov.za/LinkClick.aspx?fileticket=715CFLPp71E%3d&tabid=979&portalid=0&mid=4276,https://www.education.gov.za/LinkClick.aspx?fileticket=XEVvjvN-Vt0%3d&tabid=979&portalid=0&mid=4276,"MEMO_PDF_EXTRACTION_FAILED — re-ingest with force, or OCR fallback"
Technical Sciences,2023,1,Afrikaans,71,71,0,0,71,no,https://www.education.gov.za/LinkClick.aspx?fileticket=wc1f5OXAuK0%3d&tabid=4504&portalid=0&mid=12324,,MEMO_MISSING_FROM_CATALOG — manually source memo PDF
Physical Sciences,2022,2,Afrikaans,70,70,0,0,70,yes,https://www.education.gov.za/LinkClick.aspx?fileticket=tM3z1--mTt8%3d&tabid=3138&portalid=0&mid=10577,,MEMO_IN_CATALOG_NOT_LINKED — re-ingest with force to re-pair
Technical Sciences,2024,1,Afrikaans,70,70,0,0,70,no,https://www.education.gov.za/LinkClick.aspx?fileticket=sLHuo0CHYmk%3d&tabid=4933&portalid=0&mid=13152,,MEMO_MISSING_FROM_CATALOG — manually source memo PDF
Physical Sciences,2021,2,Afrikaans,68,68,0,0,68,yes,https://www.education.gov.za/LinkClick.aspx?fileticket=Dzf4w_go8as%3d&tabid=2837&portalid=0&mid=9918,,MEMO_IN_CATALOG_NOT_LINKED — re-ingest with force to re-pair
Marine Sciences,2024,2,Afrikaans,67,67,0,0,67,yes,https://www.education.gov.za/LinkClick.aspx?fileticket=oqwy4iKWVzg%3d&tabid=5193&portalid=0&mid=13725,,MEMO_IN_CATALOG_NOT_LINKED — re-ingest with force to re-pair
Physical Sciences,2023,2,Afrikaans,66,66,0,0,66,yes,https://www.education.gov.za/LinkClick.aspx?fileticket=xmV_z_MhbV8%3d&tabid=4504&portalid=0&mid=12321,,MEMO_IN_CATALOG_NOT_LINKED — re-ingest with force to re-pair
Physical Sciences,2023,2,English,66,66,0,66,0,yes,https://www.education.gov.za/LinkClick.aspx?fileticket=3s86L5Ok4Ds%3d&tabid=4504&portalid=0&mid=12321,https://www.education.gov.za/LinkClick.aspx?fileticket=aLPZ0KC5LZU%3d&tabid=4504&portalid=0&mid=12321,"MEMO_PDF_EXTRACTION_FAILED — re-ingest with force, or OCR fallback"
Technical Sciences,2022,1,Afrikaans,65,65,0,0,65,no,https://www.education.gov.za/LinkClick.aspx?fileticket=tzBnHdo-ohY%3d&tabid=3138&portalid=0&mid=10580,,MEMO_MISSING_FROM_CATALOG — manually source memo PDF
Technical Sciences,2020,1,Afrikaans,64,64,0,0,64,no,https://www.education.gov.za/LinkClick.aspx?fileticket=brAx-gfCL6o%3d&tabid=2702&portalid=0&mid=9657,,MEMO_MISSING_FROM_CATALOG — manually source memo PDF
Technical Sciences,2025,1,English,63,63,0,63,0,yes,https://www.education.gov.za/LinkClick.aspx?fileticket=E_wUWra-Ywc%3d&tabid=5475&portalid=0&mid=14250,https://www.education.gov.za/LinkClick.aspx?fileticket=JgNTv3IS3qY%3d&tabid=5475&portalid=0&mid=14250,"MEMO_PDF_EXTRACTION_FAILED — re-ingest with force, or OCR fallback"
Technical Sciences,2025,1,Afrikaans,63,63,0,0,63,no,https://www.education.gov.za/LinkClick.aspx?fileticket=fGlLp_0LNtk%3d&tabid=5475&portalid=0&mid=14250,,MEMO_MISSING_FROM_CATALOG — manually source memo PDF
Marine Sciences,2024,1,Afrikaans,63,63,0,0,63,yes,https://www.education.gov.za/LinkClick.aspx?fileticket=VHFyT-B9Vpc%3d&tabid=5193&portalid=0&mid=13725,,MEMO_IN_CATALOG_NOT_LINKED — re-ingest with force to re-pair
Physical Sciences,2025,2,Afrikaans,62,62,0,0,62,yes,https://www.education.gov.za/LinkClick.aspx?fileticket=BlHw7yQL7KY%3d&tabid=5475&portalid=0&mid=14247,,MEMO_IN_CATALOG_NOT_LINKED — re-ingest with force to re-pair
Technical Sciences,2019,1,Afrikaans,61,61,0,0,61,no,https://www.education.gov.za/LinkClick.aspx?fileticket=ktvF5iFqmKM%3d&tabid=2468&portalid=0&mid=8936,,MEMO_MISSING_FROM_CATALOG — manually source memo PDF
Physical Sciences,2018,1,Afrikaans,59,59,0,0,59,yes,https://www.education.gov.za/LinkClick.aspx?fileticket=H8ZcGdO24F4%3d&tabid=1920&portalid=0&mid=7599,,MEMO_IN_CATALOG_NOT_LINKED — re-ingest with force to re-pair
Technical Sciences,2019,1,English,59,61,3,59,0,yes,https://www.education.gov.za/LinkClick.aspx?fileticket=ROa7e0rtgcQ%3d&tabid=2468&portalid=0&mid=8936,https://www.education.gov.za/LinkClick.aspx?fileticket=z_UtMFIa1jw%3d&tabid=2468&portalid=0&mid=8936,"MEMO_PDF_EXTRACTION_FAILED — re-ingest with force, or OCR fallback"
Physical Sciences,2025,1,Afrikaans,58,58,0,0,58,yes,https://www.education.gov.za/LinkClick.aspx?fileticket=PuQM712aRTU%3d&tabid=5475&portalid=0&mid=14247,,MEMO_IN_CATALOG_NOT_LINKED — re-ingest with force to re-pair
Physical Sciences,2019,1,Afrikaans,57,57,0,0,57,yes,https://www.education.gov.za/LinkClick.aspx?fileticket=AqutRclarWw%3d&tabid=2468&portalid=0&mid=8943,,MEMO_IN_CATALOG_NOT_LINKED — re-ingest with force to re-pair
Afrikaans First Additional Language,2019,1,Afrikaans,57,72,21,57,0,yes,https://www.education.gov.za/LinkClick.aspx?fileticket=XqbeEazFiJc%3d&tabid=2468&portalid=0&mid=8904,https://www.education.gov.za/LinkClick.aspx?fileticket=DEtwJQ2_xKI%3d&tabid=2468&portalid=0&mid=8904,"MEMO_PDF_EXTRACTION_FAILED — re-ingest with force, or OCR fallback"
Physical Sciences,2023,1,Afrikaans,57,57,0,0,57,yes,https://www.education.gov.za/LinkClick.aspx?fileticket=3fB6Owfs1ww%3d&tabid=4504&portalid=0&mid=12321,,MEMO_IN_CATALOG_NOT_LINKED — re-ingest with force to re-pair
Geography,2020,2,Afrikaans,56,56,0,0,56,yes,https://www.education.gov.za/LinkClick.aspx?fileticket=RSl9Os_NXMg%3d&tabid=2702&portalid=0&mid=9626,,MEMO_IN_CATALOG_NOT_LINKED — re-ingest with force to re-pair
Physical Sciences,2020,1,Afrikaans,56,56,0,0,56,yes,https://www.education.gov.za/LinkClick.aspx?fileticket=kLCtBJml5v8%3d&tabid=2702&portalid=0&mid=9635,,MEMO_IN_CATALOG_NOT_LINKED — re-ingest with force to re-pair
Marine Sciences,2025,1,Afrikaans,55,55,0,0,55,yes,https://www.education.gov.za/LinkClick.aspx?fileticket=Mvp0DBdcrkw%3d&tabid=5742&portalid=0&mid=14891,,MEMO_IN_CATALOG_NOT_LINKED — re-ingest with force to re-pair
Physical Sciences,2021,1,Afrikaans,55,55,0,0,55,yes,https://www.education.gov.za/LinkClick.aspx?fileticket=e6bT2tMISQ0%3d&tabid=2837&portalid=0&mid=9918,,MEMO_IN_CATALOG_NOT_LINKED — re-ingest with force to re-pair
Physical Sciences,2017,1,English,55,55,0,55,0,yes,https://www.education.gov.za/LinkClick.aspx?fileticket=eSAlWoZmU38%3d&tabid=1686&portalid=0&mid=6755,https://www.education.gov.za/LinkClick.aspx?fileticket=OJI3pbJBCIY%3d&tabid=1686&portalid=0&mid=6755,"MEMO_PDF_EXTRACTION_FAILED — re-ingest with force, or OCR fallback"
Physical Sciences,2017,1,Afrikaans,55,55,0,0,55,yes,https://www.education.gov.za/LinkClick.aspx?fileticket=bulDmV2oPls%3d&tabid=1686&portalid=0&mid=6755,,MEMO_IN_CATALOG_NOT_LINKED — re-ingest with force to re-pair
Physical Sciences,2016,1,Afrikaans,54,54,0,0,54,yes,https://www.education.gov.za/LinkClick.aspx?fileticket=PQ_A6gJ7UGk%3d&tabid=1000&portalid=0&mid=4411,,MEMO_IN_CATALOG_NOT_LINKED — re-ingest with force to re-pair
Business Studies,2021,2,Afrikaans,54,54,0,0,54,yes,https://www.education.gov.za/LinkClick.aspx?fileticket=TXhaSIpPxIc%3d&tabid=2837&portalid=0&mid=9898,,MEMO_IN_CATALOG_NOT_LINKED — re-ingest with force to re-pair
Technical Sciences,2021,1,Afrikaans,53,53,0,0,53,no,https://www.education.gov.za/LinkClick.aspx?fileticket=NTEFoEhLyLs%3d&tabid=2837&portalid=0&mid=9922,,MEMO_MISSING_FROM_CATALOG — manually source memo PDF
Physical Sciences,2022,1,Afrikaans,53,53,0,0,53,yes,https://www.education.gov.za/LinkClick.aspx?fileticket=Zp6aWvZf1Hw%3d&tabid=3138&portalid=0&mid=10577,,MEMO_IN_CATALOG_NOT_LINKED — re-ingest with force to re-pair
Physical Sciences,2024,1,Afrikaans,53,53,0,0,53,yes,https://www.education.gov.za/LinkClick.aspx?fileticket=Ql8DYyMjeNg%3d&tabid=4933&portalid=0&mid=13149,,MEMO_IN_CATALOG_NOT_LINKED — re-ingest with force to re-pair
Agricultural Management Practices,2021,1,English,52,107,51,52,0,yes,https://www.education.gov.za/LinkClick.aspx?fileticket=Lo_oEjh0HMs%3d&tabid=2837&portalid=0&mid=9895,https://www.education.gov.za/LinkClick.aspx?fileticket=dHjFThcHQhk%3d&tabid=2837&portalid=0&mid=9895,"MEMO_PDF_EXTRACTION_FAILED — re-ingest with force, or OCR fallback"
Physical Sciences,2015,1,Afrikaans,51,51,0,0,51,yes,https://www.education.gov.za/LinkClick.aspx?fileticket=18pD0alklRM%3d&tabid=979&portalid=0&mid=4293,,MEMO_IN_CATALOG_NOT_LINKED — re-ingest with force to re-pair
Afrikaans First Additional Language,2021,2,Afrikaans,50,273,82,50,0,yes,https://www.education.gov.za/LinkClick.aspx?fileticket=2536gFj2g5Q%3d&tabid=2837&portalid=0&mid=9945,https://www.education.gov.za/LinkClick.aspx?fileticket=l2PKH6Rbq9Y%3d&tabid=2837&portalid=0&mid=9945,"MEMO_PDF_EXTRACTION_FAILED — re-ingest with force, or OCR fallback"
Agricultural Management Practices,2021,1,Afrikaans,50,107,53,50,0,yes,https://www.education.gov.za/LinkClick.aspx?fileticket=V_418wSPp3I%3d&tabid=2837&portalid=0&mid=9895,https://www.education.gov.za/LinkClick.aspx?fileticket=QoE7XWGrvm4%3d&tabid=2837&portalid=0&mid=9895,"MEMO_PDF_EXTRACTION_FAILED — re-ingest with force, or OCR fallback"
Afrikaans First Additional Language,2024,2,Afrikaans,50,269,81,50,0,yes,https://www.education.gov.za/LinkClick.aspx?fileticket=7YYvZrpDECU%3d&tabid=4933&portalid=0&mid=13113,https://www.education.gov.za/LinkClick.aspx?fileticket=FQ3lp77J49k%3d&tabid=4933&portalid=0&mid=13113,"MEMO_PDF_EXTRACTION_FAILED — re-ingest with force, or OCR fallback"
Civil Technology,2018,1,English,49,95,48,49,0,yes,https://www.education.gov.za/LinkClick.aspx?fileticket=u4djuLSyXIE%3d&tabid=1920&portalid=0&mid=7581,https://www.education.gov.za/LinkClick.aspx?fileticket=jDkrr_PPHOE%3d&tabid=1920&portalid=0&mid=7581,"MEMO_PDF_EXTRACTION_FAILED — re-ingest with force, or OCR fallback"
Afrikaans Second Additional Language,2025,1,Afrikaans,49,77,36,49,0,yes,https://www.education.gov.za/LinkClick.aspx?fileticket=xqt3LgOtp1M%3d&tabid=5475&portalid=0&mid=14211,https://www.education.gov.za/LinkClick.aspx?fileticket=wP7Ijiglixk%3d&tabid=5475&portalid=0&mid=14211,"MEMO_PDF_EXTRACTION_FAILED — re-ingest with force, or OCR fallback"
Civil Technology,2018,1,Afrikaans,49,95,48,49,0,yes,https://www.education.gov.za/LinkClick.aspx?fileticket=2cePtSUesz8%3d&tabid=1920&portalid=0&mid=7581,https://www.education.gov.za/LinkClick.aspx?fileticket=6TKfNT9rQaE%3d&tabid=1920&portalid=0&mid=7581,"MEMO_PDF_EXTRACTION_FAILED — re-ingest with force, or OCR fallback"
Setswana First Additional Language,2021,1,Setswana,49,49,0,0,49,yes,https://www.education.gov.za/LinkClick.aspx?fileticket=qfiUUFf5MqM%3d&tabid=2837&portalid=0&mid=9948,,MEMO_IN_CATALOG_NOT_LINKED — re-ingest with force to re-pair
Geography,2021,1,Afrikaans,48,157,69,48,0,yes,https://www.education.gov.za/LinkClick.aspx?fileticket=icgCmUj7GfI%3d&tabid=2837&portalid=0&mid=9909,https://www.education.gov.za/LinkClick.aspx?fileticket=XtNy1Jdi6W0%3d&tabid=2837&portalid=0&mid=9909,"MEMO_PDF_EXTRACTION_FAILED — re-ingest with force, or OCR fallback"
isiXhosa First Additional Language,2019,2,isiXhosa,48,134,64,48,0,yes,https://www.education.gov.za/LinkClick.aspx?fileticket=FhLpIoBSbKc%3d&tabid=2468&portalid=0&mid=8912,https://www.education.gov.za/LinkClick.aspx?fileticket=vKTZJNhnViw%3d&tabid=2468&portalid=0&mid=8912,"MEMO_PDF_EXTRACTION_FAILED — re-ingest with force, or OCR fallback"
Afrikaans Second Additional Language,2017,1,Afrikaans,47,142,67,47,0,yes,https://www.education.gov.za/LinkClick.aspx?fileticket=77p2_W0QfOc%3d&tabid=1856&portalid=0&mid=8600,https://www.education.gov.za/LinkClick.aspx?fileticket=JRQCIcSBwiU%3d&tabid=1856&portalid=0&mid=8600,"MEMO_PDF_EXTRACTION_FAILED — re-ingest with force, or OCR fallback"
Agricultural Sciences,2020,1,Afrikaans,47,105,55,47,0,yes,https://www.education.gov.za/LinkClick.aspx?fileticket=B2mob8ot8hw%3d&tabid=2702&portalid=0&mid=9614,https://www.education.gov.za/LinkClick.aspx?fileticket=zN2O0zYim6k%3d&tabid=2702&portalid=0&mid=9614,"MEMO_PDF_EXTRACTION_FAILED — re-ingest with force, or OCR fallback"
Afrikaans First Additional Language,2020,2,Afrikaans,47,263,82,47,0,yes,https://www.education.gov.za/LinkClick.aspx?fileticket=5-FGncGQqks%3d&tabid=2702&portalid=0&mid=10165,https://www.education.gov.za/LinkClick.aspx?fileticket=gCX3etDnB5Y%3d&tabid=2702&portalid=0&mid=10165,"MEMO_PDF_EXTRACTION_FAILED — re-ingest with force, or OCR fallback"
Life Sciences,2021,1,Afrikaans,46,66,30,46,0,yes,https://www.education.gov.za/LinkClick.aspx?fileticket=Aq5494bKy2o%3d&tabid=2837&portalid=0&mid=9913,https://www.education.gov.za/LinkClick.aspx?fileticket=cx0-RkPTgNs%3d&tabid=2837&portalid=0&mid=9913,"MEMO_PDF_EXTRACTION_FAILED — re-ingest with force, or OCR fallback"
Life Sciences,2021,1,English,46,66,30,46,0,yes,https://www.education.gov.za/LinkClick.aspx?fileticket=pMZZtNfR4YE%3d&tabid=2837&portalid=0&mid=9913,https://www.education.gov.za/LinkClick.aspx?fileticket=OZpneDyDUJM%3d&tabid=2837&portalid=0&mid=9913,"MEMO_PDF_EXTRACTION_FAILED — re-ingest with force, or OCR fallback"
Afrikaans First Additional Language,2020,1,Afrikaans,46,73,37,46,0,yes,https://www.education.gov.za/LinkClick.aspx?fileticket=F9XlnwVx5hY%3d&tabid=2702&portalid=0&mid=10165,https://www.education.gov.za/LinkClick.aspx?fileticket=zGLCElFuBgk%3d&tabid=2702&portalid=0&mid=10165,"MEMO_PDF_EXTRACTION_FAILED — re-ingest with force, or OCR fallback"
siSwati First Additional Language,2021,1,siSwati,46,46,0,46,0,yes,https://www.education.gov.za/LinkClick.aspx?fileticket=Q9YR9eqHSf0%3d&tabid=2837&portalid=0&mid=9949,https://www.education.gov.za/LinkClick.aspx?fileticket=9_ORnKoU278%3d&tabid=2837&portalid=0&mid=9949,"MEMO_PDF_EXTRACTION_FAILED — re-ingest with force, or OCR fallback"
Technical Sciences,2024,2,Afrikaans,44,44,0,0,44,no,https://www.education.gov.za/LinkClick.aspx?fileticket=TUHIiQWq4ms%3d&tabid=4933&portalid=0&mid=13152,,MEMO_MISSING_FROM_CATALOG — manually source memo PDF
Hospitality Studies,2017,1,Afrikaans,43,110,61,43,0,yes,https://www.education.gov.za/LinkClick.aspx?fileticket=FgVc1mPbTNI%3d&tabid=1856&portalid=0&mid=7347,https://www.education.gov.za/LinkClick.aspx?fileticket=MN6w5r5uMYE%3d&tabid=1856&portalid=0&mid=7347,"MEMO_PDF_EXTRACTION_FAILED — re-ingest with force, or OCR fallback"
Geography,2015,1,Afrikaans,43,100,57,43,0,yes,https://www.education.gov.za/LinkClick.aspx?fileticket=S3SW9zBS9rA%3d&tabid=979&portalid=0&mid=4284,https://www.education.gov.za/LinkClick.aspx?fileticket=7bFZv15xHoc%3d&tabid=979&portalid=0&mid=4284,"MEMO_PDF_EXTRACTION_FAILED — re-ingest with force, or OCR fallback"
siSwati First Additional Language,2023,1,siSwati,43,43,0,0,43,yes,https://www.education.gov.za/LinkClick.aspx?fileticket=tBiaQ_YFLnw%3d&tabid=4504&portalid=0&mid=12292,,MEMO_IN_CATALOG_NOT_LINKED — re-ingest with force to re-pair
Marine Sciences,2021,1,English,43,66,35,43,0,yes,https://www.education.gov.za/LinkClick.aspx?fileticket=wRI2GegGst8%3d&tabid=2922&portalid=0&mid=10147,https://www.education.gov.za/LinkClick.aspx?fileticket=pdqpTFtnbCY%3d&tabid=2922&portalid=0&mid=10147,"MEMO_PDF_EXTRACTION_FAILED — re-ingest with force, or OCR fallback"
Geography,2021,1,English,43,157,73,43,0,yes,https://www.education.gov.za/LinkClick.aspx?fileticket=-qoqS7-qwpU%3d&tabid=2837&portalid=0&mid=9909,https://www.education.gov.za/LinkClick.aspx?fileticket=-Mz4bBnN8BM%3d&tabid=2837&portalid=0&mid=9909,"MEMO_PDF_EXTRACTION_FAILED — re-ingest with force, or OCR fallback"
Tourism,2016,1,Afrikaans,42,111,62,42,0,yes,https://www.education.gov.za/LinkClick.aspx?fileticket=SkPdkOK80sQ%3d&tabid=1000&portalid=0&mid=4404,https://www.education.gov.za/LinkClick.aspx?fileticket=5BCMU_swCyU%3d&tabid=1000&portalid=0&mid=4404,"MEMO_PDF_EXTRACTION_FAILED — re-ingest with force, or OCR fallback"
Technical Sciences,2023,2,English,42,42,0,42,0,yes,https://www.education.gov.za/LinkClick.aspx?fileticket=wypP8oztWw4%3d&tabid=4504&portalid=0&mid=12324,https://www.education.gov.za/LinkClick.aspx?fileticket=TbmfzHKCbP8%3d&tabid=4504&portalid=0&mid=12324,"MEMO_PDF_EXTRACTION_FAILED — re-ingest with force, or OCR fallback"
siSwati Home Language,2023,1,siSwati,42,42,0,0,42,yes,https://www.education.gov.za/LinkClick.aspx?fileticket=y3LsNQrUerQ%3d&tabid=4504&portalid=0&mid=12292,,MEMO_IN_CATALOG_NOT_LINKED — re-ingest with force to re-pair
Computer Applications Technology,2016,1,English,42,76,45,42,0,yes,https://www.education.gov.za/LinkClick.aspx?fileticket=Cn18rIVx3DQ%3d&tabid=1000&portalid=0&mid=4431,https://www.education.gov.za/LinkClick.aspx?fileticket=JUUjT4Tr9VQ%3d&tabid=1000&portalid=0&mid=4431,"MEMO_PDF_EXTRACTION_FAILED — re-ingest with force, or OCR fallback"
English First Additional Language,2022,2,English,42,104,60,42,0,yes,https://www.education.gov.za/LinkClick.aspx?fileticket=nInGapvnd5w%3d&tabid=3138&portalid=0&mid=10543,https://www.education.gov.za/LinkClick.aspx?fileticket=EmCwxavjjMo%3d&tabid=3138&portalid=0&mid=10543,"MEMO_PDF_EXTRACTION_FAILED — re-ingest with force, or OCR fallback"
Geography,2015,1,English,42,100,58,42,0,yes,https://www.education.gov.za/LinkClick.aspx?fileticket=pQgVSOOUFDM%3d&tabid=979&portalid=0&mid=4284,https://www.education.gov.za/LinkClick.aspx?fileticket=ZWOs0_3Vjrs%3d&tabid=979&portalid=0&mid=4284,"MEMO_PDF_EXTRACTION_FAILED — re-ingest with force, or OCR fallback"
Technical Sciences,2023,2,Afrikaans,42,42,0,0,42,no,https://www.education.gov.za/LinkClick.aspx?fileticket=w8tJeK4lcpk%3d&tabid=4504&portalid=0&mid=12324,,MEMO_MISSING_FROM_CATALOG — manually source memo PDF
Hospitality Studies,2017,1,English,41,112,63,41,0,yes,https://www.education.gov.za/LinkClick.aspx?fileticket=L5jZFQvQmGU%3d&tabid=1856&portalid=0&mid=7347,https://www.education.gov.za/LinkClick.aspx?fileticket=t0s4Yx913QE%3d&tabid=1856&portalid=0&mid=7347,"MEMO_PDF_EXTRACTION_FAILED — re-ingest with force, or OCR fallback"
Setswana Home Language,2024,1,Setswana,41,41,0,0,41,yes,https://www.education.gov.za/LinkClick.aspx?fileticket=D-o5EBgEjPc%3d&tabid=4933&portalid=0&mid=13120,,MEMO_IN_CATALOG_NOT_LINKED — re-ingest with force to re-pair
Afrikaans First Additional Language,2019,2,Afrikaans,41,241,83,41,0,yes,https://www.education.gov.za/LinkClick.aspx?fileticket=2kzYZaQpc-o%3d&tabid=2468&portalid=0&mid=8904,https://www.education.gov.za/LinkClick.aspx?fileticket=A8dDTy82dF0%3d&tabid=2468&portalid=0&mid=8904,"MEMO_PDF_EXTRACTION_FAILED — re-ingest with force, or OCR fallback"
Afrikaans Second Additional Language,2021,1,Afrikaans,41,110,63,41,0,yes,https://www.education.gov.za/LinkClick.aspx?fileticket=eAlb8tUropI%3d&tabid=2837&portalid=0&mid=9945,https://www.education.gov.za/LinkClick.aspx?fileticket=ggJwwBiR5wU%3d&tabid=2837&portalid=0&mid=9945,"MEMO_PDF_EXTRACTION_FAILED — re-ingest with force, or OCR fallback"
Technical Sciences,2024,2,English,41,44,7,41,0,yes,https://www.education.gov.za/LinkClick.aspx?fileticket=rDIBS_IC2TQ%3d&tabid=4933&portalid=0&mid=13152,https://www.education.gov.za/LinkClick.aspx?fileticket=zs503eXkZFw%3d&tabid=4933&portalid=0&mid=13152,"MEMO_PDF_EXTRACTION_FAILED — re-ingest with force, or OCR fallback"
Technical Sciences,2025,2,Afrikaans,41,41,0,0,41,no,https://www.education.gov.za/LinkClick.aspx?fileticket=3cdHTbAL2dw%3d&tabid=5475&portalid=0&mid=14250,,MEMO_MISSING_FROM_CATALOG — manually source memo PDF
Information Technology,2016,2,Afrikaans,41,103,60,41,0,yes,https://www.education.gov.za/LinkClick.aspx?fileticket=OPC2SS9_dE4%3d&tabid=1000&portalid=0&mid=4442,https://www.education.gov.za/LinkClick.aspx?fileticket=JxqdLtYG1Ys%3d&tabid=1000&portalid=0&mid=4442,"MEMO_PDF_EXTRACTION_FAILED — re-ingest with force, or OCR fallback"
Life Sciences,2016,1,English,41,58,29,41,0,yes,https://www.education.gov.za/LinkClick.aspx?fileticket=k_JQbpMTdJg%3d&tabid=1000&portalid=0&mid=4410,https://www.education.gov.za/LinkClick.aspx?fileticket=0xFYLAI49p8%3d&tabid=1000&portalid=0&mid=4410,"MEMO_PDF_EXTRACTION_FAILED — re-ingest with force, or OCR fallback"
Technical Sciences,2025,2,English,41,41,0,41,0,yes,https://www.education.gov.za/LinkClick.aspx?fileticket=MclR6i5W5Ho%3d&tabid=5475&portalid=0&mid=14250,https://www.education.gov.za/LinkClick.aspx?fileticket=KtRB46R_l4M%3d&tabid=5475&portalid=0&mid=14250,"MEMO_PDF_EXTRACTION_FAILED — re-ingest with force, or OCR fallback"
Tshivenda First Additional Language,2024,1,Tshivenda,41,42,2,41,0,yes,https://www.education.gov.za/LinkClick.aspx?fileticket=HgfEr57Dtsc%3d&tabid=4933&portalid=0&mid=13123,https://www.education.gov.za/LinkClick.aspx?fileticket=t8keXv-XaWM%3d&tabid=4933&portalid=0&mid=13123,"MEMO_PDF_EXTRACTION_FAILED — re-ingest with force, or OCR fallback"
Tourism,2015,1,English,41,116,65,41,0,yes,https://www.education.gov.za/LinkClick.aspx?fileticket=S87SYPw9TZQ%3d&tabid=979&portalid=0&mid=4295,https://www.education.gov.za/LinkClick.aspx?fileticket=yQ4yI4aA-tw%3d&tabid=979&portalid=0&mid=4295,"MEMO_PDF_EXTRACTION_FAILED — re-ingest with force, or OCR fallback"
Life Sciences,2016,2,English,40,56,29,40,0,yes,https://www.education.gov.za/LinkClick.aspx?fileticket=UeaYKtDjcXA%3d&tabid=1000&portalid=0&mid=4410,https://www.education.gov.za/LinkClick.aspx?fileticket=C7VYyu3lbOY%3d&tabid=1000&portalid=0&mid=4410,"MEMO_PDF_EXTRACTION_FAILED — re-ingest with force, or OCR fallback"
Afrikaans First Additional Language,2015,2,Afrikaans,40,231,83,40,0,yes,https://www.education.gov.za/LinkClick.aspx?fileticket=rgpo_0aqHkc%3d&tabid=979&portalid=0&mid=4298,https://www.education.gov.za/LinkClick.aspx?fileticket=Cza5xi8jguw%3d&tabid=979&portalid=0&mid=4298,"MEMO_PDF_EXTRACTION_FAILED — re-ingest with force, or OCR fallback"
Civil Technology,2021,1,English,40,79,49,40,0,yes,https://www.education.gov.za/LinkClick.aspx?fileticket=QDY9mrOaqP0%3d&tabid=2837&portalid=0&mid=9900,https://www.education.gov.za/LinkClick.aspx?fileticket=bQbqukTiYMA%3d&tabid=2837&portalid=0&mid=9900,"MEMO_PDF_EXTRACTION_FAILED — re-ingest with force, or OCR fallback"
Life Sciences,2017,2,English,40,59,32,40,0,yes,https://www.education.gov.za/LinkClick.aspx?fileticket=gBuHDpSjlXI%3d&tabid=1686&portalid=0&mid=6752,https://www.education.gov.za/LinkClick.aspx?fileticket=33k7LTfesO0%3d&tabid=1686&portalid=0&mid=6752,"MEMO_PDF_EXTRACTION_FAILED — re-ingest with force, or OCR fallback"
Agricultural Technology,2024,1,English,40,108,63,40,0,yes,https://www.education.gov.za/LinkClick.aspx?fileticket=sgUnUkkRA3s%3d&tabid=4933&portalid=0&mid=13129,https://www.education.gov.za/LinkClick.aspx?fileticket=4ierTAnpOZI%3d&tabid=4933&portalid=0&mid=13129,"MEMO_PDF_EXTRACTION_FAILED — re-ingest with force, or OCR fallback"
Technical Sciences,2022,2,Afrikaans,40,40,0,0,40,no,https://www.education.gov.za/LinkClick.aspx?fileticket=zT5-XxB2xK8%3d&tabid=3138&portalid=0&mid=10580,,MEMO_MISSING_FROM_CATALOG — manually source memo PDF
Life Sciences,2017,2,Afrikaans,40,59,32,40,0,yes,https://www.education.gov.za/LinkClick.aspx?fileticket=vMLxqsmVrbc%3d&tabid=1686&portalid=0&mid=6752,https://www.education.gov.za/LinkClick.aspx?fileticket=PHAcaGc7B9Y%3d&tabid=1686&portalid=0&mid=6752,"MEMO_PDF_EXTRACTION_FAILED — re-ingest with force, or OCR fallback"
Afrikaans First Additional Language,2017,2,Afrikaans,40,206,81,40,0,yes,https://www.education.gov.za/LinkClick.aspx?fileticket=QH7XGYe_GRA%3d&tabid=1686&portalid=0&mid=6732,https://www.education.gov.za/LinkClick.aspx?fileticket=YVUywe3bCdM%3d&tabid=1686&portalid=0&mid=6732,"MEMO_PDF_EXTRACTION_FAILED — re-ingest with force, or OCR fallback"
Technical Sciences,2022,2,English,40,40,0,40,0,yes,https://www.education.gov.za/LinkClick.aspx?fileticket=ez5cstokM5k%3d&tabid=3138&portalid=0&mid=10580,https://www.education.gov.za/LinkClick.aspx?fileticket=mKC8hd6k2oU%3d&tabid=3138&portalid=0&mid=10580,"MEMO_PDF_EXTRACTION_FAILED — re-ingest with force, or OCR fallback"
Tourism,2015,1,Afrikaans,40,116,66,40,0,yes,https://www.education.gov.za/LinkClick.aspx?fileticket=sYTLL3B2dro%3d&tabid=979&portalid=0&mid=4295,https://www.education.gov.za/LinkClick.aspx?fileticket=RxOyXiotNqg%3d&tabid=979&portalid=0&mid=4295,"MEMO_PDF_EXTRACTION_FAILED — re-ingest with force, or OCR fallback"
Life Sciences,2015,2,Afrikaans,39,54,28,39,0,yes,https://www.education.gov.za/LinkClick.aspx?fileticket=PnT0cG0TnUs%3d&tabid=979&portalid=0&mid=4288,https://www.education.gov.za/LinkClick.aspx?fileticket=ikquzl2emvY%3d&tabid=979&portalid=0&mid=4288,"MEMO_PDF_EXTRACTION_FAILED — re-ingest with force, or OCR fallback"
Agricultural Technology,2024,1,Afrikaans,39,109,64,39,0,yes,https://www.education.gov.za/LinkClick.aspx?fileticket=FXHqCN5Fp6o%3d&tabid=4933&portalid=0&mid=13129,https://www.education.gov.za/LinkClick.aspx?fileticket=z8ruL_Lg5a0%3d&tabid=4933&portalid=0&mid=13129,"MEMO_PDF_EXTRACTION_FAILED — re-ingest with force, or OCR fallback"
Life Sciences,2016,1,Afrikaans,39,58,33,39,0,yes,https://www.education.gov.za/LinkClick.aspx?fileticket=1tCXI6rqxmg%3d&tabid=1000&portalid=0&mid=4410,https://www.education.gov.za/LinkClick.aspx?fileticket=AjVnkkESrPE%3d&tabid=1000&portalid=0&mid=4410,"MEMO_PDF_EXTRACTION_FAILED — re-ingest with force, or OCR fallback"
isiZulu First Additional Language,2017,1,isiZulu,39,39,0,0,39,yes,https://www.education.gov.za/LinkClick.aspx?fileticket=BFu71rYebsg%3d&tabid=1686&portalid=0&mid=6736,,MEMO_IN_CATALOG_NOT_LINKED — re-ingest with force to re-pair
Life Sciences,2023,1,English,39,61,36,39,0,yes,https://www.education.gov.za/LinkClick.aspx?fileticket=S8oW1EAua-0%3d&tabid=4504&portalid=0&mid=12315,https://www.education.gov.za/LinkClick.aspx?fileticket=ghAiQ_WlwqA%3d&tabid=4504&portalid=0&mid=12315,"MEMO_PDF_EXTRACTION_FAILED — re-ingest with force, or OCR fallback"
Life Sciences,2015,2,English,39,54,28,39,0,yes,https://www.education.gov.za/LinkClick.aspx?fileticket=qZ8QRmhDt20%3d&tabid=979&portalid=0&mid=4288,https://www.education.gov.za/LinkClick.aspx?fileticket=T--NPPkh4OI%3d&tabid=979&portalid=0&mid=4288,"MEMO_PDF_EXTRACTION_FAILED — re-ingest with force, or OCR fallback"
Life Sciences,2018,2,English,39,63,38,39,0,yes,https://www.education.gov.za/LinkClick.aspx?fileticket=pXkr9Ura3QI%3d&tabid=1920&portalid=0&mid=7594,https://www.education.gov.za/LinkClick.aspx?fileticket=nYnZ7u8dKYU%3d&tabid=1920&portalid=0&mid=7594,"MEMO_PDF_EXTRACTION_FAILED — re-ingest with force, or OCR fallback"
Dance studies,2021,1,English,39,39,0,0,39,yes,https://www.education.gov.za/LinkClick.aspx?fileticket=lgZxZIJpGRw%3d&tabid=2837&portalid=0&mid=9903,,MEMO_IN_CATALOG_NOT_LINKED — re-ingest with force to re-pair
Life Sciences,2016,2,Afrikaans,39,56,30,39,0,yes,https://www.education.gov.za/LinkClick.aspx?fileticket=zsO8wF_QQ9I%3d&tabid=1000&portalid=0&mid=4410,https://www.education.gov.za/LinkClick.aspx?fileticket=l_jqmhmk32k%3d&tabid=1000&portalid=0&mid=4410,"MEMO_PDF_EXTRACTION_FAILED — re-ingest with force, or OCR fallback"
Afrikaans First Additional Language,2015,1,Afrikaans,39,71,45,39,0,yes,https://www.education.gov.za/LinkClick.aspx?fileticket=OaT1UcF9Jig%3d&tabid=979&portalid=0&mid=4298,https://www.education.gov.za/LinkClick.aspx?fileticket=HGtDIwcwX6I%3d&tabid=979&portalid=0&mid=4298,"MEMO_PDF_EXTRACTION_FAILED — re-ingest with force, or OCR fallback"
Consumer Studies,2017,1,English,39,100,61,39,0,yes,https://www.education.gov.za/LinkClick.aspx?fileticket=T4GnlXELNNM%3d&tabid=1856&portalid=0&mid=7338,https://www.education.gov.za/LinkClick.aspx?fileticket=bLNSgVj13qw%3d&tabid=1856&portalid=0&mid=7338,"MEMO_PDF_EXTRACTION_FAILED — re-ingest with force, or OCR fallback"
Life Sciences,2018,2,Afrikaans,39,63,38,39,0,yes,https://www.education.gov.za/LinkClick.aspx?fileticket=Ol_yH2PDGTw%3d&tabid=1920&portalid=0&mid=7594,https://www.education.gov.za/LinkClick.aspx?fileticket=aGY091F0s9w%3d&tabid=1920&portalid=0&mid=7594,"MEMO_PDF_EXTRACTION_FAILED — re-ingest with force, or OCR fallback"
Geography,2020,1,Afrikaans,38,154,75,38,0,yes,https://www.education.gov.za/LinkClick.aspx?fileticket=gI9BtvKjR4U%3d&tabid=2702&portalid=0&mid=9626,https://www.education.gov.za/LinkClick.aspx?fileticket=aIY5O2qmux0%3d&tabid=2702&portalid=0&mid=9626,"MEMO_PDF_EXTRACTION_FAILED — re-ingest with force, or OCR fallback"
Tourism,2016,1,English,38,111,66,38,0,yes,https://www.education.gov.za/LinkClick.aspx?fileticket=qDV9odNc9Vw%3d&tabid=1000&portalid=0&mid=4404,https://www.education.gov.za/LinkClick.aspx?fileticket=sTZ4pBcO6lg%3d&tabid=1000&portalid=0&mid=4404,"MEMO_PDF_EXTRACTION_FAILED — re-ingest with force, or OCR fallback"
Life Sciences,2018,1,Afrikaans,38,59,36,38,0,yes,https://www.education.gov.za/LinkClick.aspx?fileticket=lAeWP29OLpw%3d&tabid=1920&portalid=0&mid=7594,https://www.education.gov.za/LinkClick.aspx?fileticket=AJjHZ_WXK0g%3d&tabid=1920&portalid=0&mid=7594,"MEMO_PDF_EXTRACTION_FAILED — re-ingest with force, or OCR fallback"
Life Sciences,2017,1,English,38,63,40,38,0,yes,https://www.education.gov.za/LinkClick.aspx?fileticket=zRSPwdj-4hM%3d&tabid=1686&portalid=0&mid=6752,https://www.education.gov.za/LinkClick.aspx?fileticket=a1wmntQTVVM%3d&tabid=1686&portalid=0&mid=6752,"MEMO_PDF_EXTRACTION_FAILED — re-ingest with force, or OCR fallback"
Consumer Studies,2015,1,Afrikaans,38,93,59,38,0,yes,https://www.education.gov.za/LinkClick.aspx?fileticket=i6HDfuaHw8w%3d&tabid=979&portalid=0&mid=4276,https://www.education.gov.za/LinkClick.aspx?fileticket=zIUdRQwIiXc%3d&tabid=979&portalid=0&mid=4276,"MEMO_PDF_EXTRACTION_FAILED — re-ingest with force, or OCR fallback"
Life Sciences,2018,1,English,38,59,36,38,0,yes,https://www.education.gov.za/LinkClick.aspx?fileticket=860_Av3kR4A%3d&tabid=1920&portalid=0&mid=7594,https://www.education.gov.za/LinkClick.aspx?fileticket=DeBSjnSzxIo%3d&tabid=1920&portalid=0&mid=7594,"MEMO_PDF_EXTRACTION_FAILED — re-ingest with force, or OCR fallback"
Life Sciences,2020,2,English,38,59,36,38,0,yes,https://www.education.gov.za/LinkClick.aspx?fileticket=mxFP5xM-Il4%3d&tabid=2702&portalid=0&mid=9630,https://www.education.gov.za/LinkClick.aspx?fileticket=-5h73K2CQQQ%3d&tabid=2702&portalid=0&mid=9630,"MEMO_PDF_EXTRACTION_FAILED — re-ingest with force, or OCR fallback"
Geography,2020,1,English,38,156,76,38,0,yes,https://www.education.gov.za/LinkClick.aspx?fileticket=15WJ7q1PNB8%3d&tabid=2702&portalid=0&mid=9626,https://www.education.gov.za/LinkClick.aspx?fileticket=cn9Kkpz31Vc%3d&tabid=2702&portalid=0&mid=9626,"MEMO_PDF_EXTRACTION_FAILED — re-ingest with force, or OCR fallback"
Life Sciences,2020,2,Afrikaans,38,59,36,38,0,yes,https://www.education.gov.za/LinkClick.aspx?fileticket=KRmGXwJvBtg%3d&tabid=2702&portalid=0&mid=9630,https://www.education.gov.za/LinkClick.aspx?fileticket=9G3oAcywFAU%3d&tabid=2702&portalid=0&mid=9630,"MEMO_PDF_EXTRACTION_FAILED — re-ingest with force, or OCR fallback"
Marine Sciences,2021,2,English,37,60,38,37,0,yes,https://www.education.gov.za/LinkClick.aspx?fileticket=yrvxBIfBR2o%3d&tabid=2922&portalid=0&mid=10147,https://www.education.gov.za/LinkClick.aspx?fileticket=H4lwORhw6eQ%3d&tabid=2922&portalid=0&mid=10147,"MEMO_PDF_EXTRACTION_FAILED — re-ingest with force, or OCR fallback"
Hospitality Studies,2019,1,Afrikaans,37,91,59,37,0,yes,https://www.education.gov.za/LinkClick.aspx?fileticket=O5FUHXypuPk%3d&tabid=2468&portalid=0&mid=8930,https://www.education.gov.za/LinkClick.aspx?fileticket=3eB1a6yzPe0%3d&tabid=2468&portalid=0&mid=8930,"MEMO_PDF_EXTRACTION_FAILED — re-ingest with force, or OCR fallback"
Life Sciences,2020,1,English,37,59,37,37,0,yes,https://www.education.gov.za/LinkClick.aspx?fileticket=LtJTVvld-OI%3d&tabid=2702&portalid=0&mid=9630,https://www.education.gov.za/LinkClick.aspx?fileticket=NNep-axt6xI%3d&tabid=2702&portalid=0&mid=9630,"MEMO_PDF_EXTRACTION_FAILED — re-ingest with force, or OCR fallback"
Life Sciences,2020,1,Afrikaans,37,59,37,37,0,yes,https://www.education.gov.za/LinkClick.aspx?fileticket=TVUkbCsV5es%3d&tabid=2702&portalid=0&mid=9630,https://www.education.gov.za/LinkClick.aspx?fileticket=yidRjwumiZw%3d&tabid=2702&portalid=0&mid=9630,"MEMO_PDF_EXTRACTION_FAILED — re-ingest with force, or OCR fallback"
Civil Technology,2017,1,Afrikaans,37,98,62,37,0,yes,https://www.education.gov.za/LinkClick.aspx?fileticket=CxsPjJE1QZ8%3d&tabid=1856&portalid=0&mid=7336,https://www.education.gov.za/LinkClick.aspx?fileticket=MPKttcGXo1Q%3d&tabid=1856&portalid=0&mid=7336,"MEMO_PDF_EXTRACTION_FAILED — re-ingest with force, or OCR fallback"
Civil Technology,2017,1,English,37,98,62,37,0,yes,https://www.education.gov.za/LinkClick.aspx?fileticket=KI1JsONGNXM%3d&tabid=1856&portalid=0&mid=7336,https://www.education.gov.za/LinkClick.aspx?fileticket=GdBF7xmNhN4%3d&tabid=1856&portalid=0&mid=7336,"MEMO_PDF_EXTRACTION_FAILED — re-ingest with force, or OCR fallback"
Electrical Technology,2023,1,English,37,109,66,37,0,yes,https://www.education.gov.za/LinkClick.aspx?fileticket=fANl1HNnXtI%3d&tabid=4504&portalid=0&mid=12308,https://www.education.gov.za/LinkClick.aspx?fileticket=X_XWuUSQahI%3d&tabid=4504&portalid=0&mid=12308,"MEMO_PDF_EXTRACTION_FAILED — re-ingest with force, or OCR fallback"
Electrical Technology,2023,1,Afrikaans,37,109,66,37,0,yes,https://www.education.gov.za/LinkClick.aspx?fileticket=tcnESK3_3vI%3d&tabid=4504&portalid=0&mid=12308,https://www.education.gov.za/LinkClick.aspx?fileticket=ijRbOOycW4A%3d&tabid=4504&portalid=0&mid=12308,"MEMO_PDF_EXTRACTION_FAILED — re-ingest with force, or OCR fallback"
Afrikaans First Additional Language,2016,2,Afrikaans,36,234,85,36,0,yes,https://www.education.gov.za/LinkClick.aspx?fileticket=GhU08E2GjQw%3d&tabid=1000&portalid=0&mid=4423,https://www.education.gov.za/LinkClick.aspx?fileticket=KC9NSqEsNwI%3d&tabid=1000&portalid=0&mid=4423,"MEMO_PDF_EXTRACTION_FAILED — re-ingest with force, or OCR fallback"
Hospitality Studies,2020,1,Afrikaans,36,108,67,36,0,yes,https://www.education.gov.za/LinkClick.aspx?fileticket=cDiVKJLJKOQ%3d&tabid=2702&portalid=0&mid=9628,https://www.education.gov.za/LinkClick.aspx?fileticket=NGBWRx1jSP0%3d&tabid=2702&portalid=0&mid=9628,"MEMO_PDF_EXTRACTION_FAILED — re-ingest with force, or OCR fallback"
Life Sciences,2024,1,Afrikaans,36,79,54,36,0,yes,https://www.education.gov.za/LinkClick.aspx?fileticket=6z2E66s45nU%3d&tabid=4933&portalid=0&mid=13144,https://www.education.gov.za/LinkClick.aspx?fileticket=sqN6lj6t38E%3d&tabid=4933&portalid=0&mid=13144,"MEMO_PDF_EXTRACTION_FAILED — re-ingest with force, or OCR fallback"
Life Sciences,2015,1,English,36,58,38,36,0,yes,https://www.education.gov.za/LinkClick.aspx?fileticket=Nn7YRklI-Do%3d&tabid=979&portalid=0&mid=4288,https://www.education.gov.za/LinkClick.aspx?fileticket=E1VAAw3Aozg%3d&tabid=979&portalid=0&mid=4288,"MEMO_PDF_EXTRACTION_FAILED — re-ingest with force, or OCR fallback"
Hospitality Studies,2015,1,English,36,112,68,36,0,yes,https://www.education.gov.za/LinkClick.aspx?fileticket=Wfj00Uh9qqg%3d&tabid=979&portalid=0&mid=4286,https://www.education.gov.za/LinkClick.aspx?fileticket=LqsJIZTGJ_c%3d&tabid=979&portalid=0&mid=4286,"MEMO_PDF_EXTRACTION_FAILED — re-ingest with force, or OCR fallback"
Life Sciences,2024,1,English,36,79,54,36,0,yes,https://www.education.gov.za/LinkClick.aspx?fileticket=UH53U88PRPE%3d&tabid=5193&portalid=0&mid=13722,https://www.education.gov.za/LinkClick.aspx?fileticket=4RuUffqAKn4%3d&tabid=5193&portalid=0&mid=13722,"MEMO_PDF_EXTRACTION_FAILED — re-ingest with force, or OCR fallback"
Life Sciences,2015,1,Afrikaans,36,58,38,36,0,yes,https://www.education.gov.za/LinkClick.aspx?fileticket=DkG8BYUPZqQ%3d&tabid=979&portalid=0&mid=4288,https://www.education.gov.za/LinkClick.aspx?fileticket=VES5_blbnwg%3d&tabid=979&portalid=0&mid=4288,"MEMO_PDF_EXTRACTION_FAILED — re-ingest with force, or OCR fallback"
Afrikaans First Additional Language,2018,2,Afrikaans,35,256,86,35,0,yes,https://www.education.gov.za/LinkClick.aspx?fileticket=5dLfMinvpIQ%3d&tabid=1920&portalid=0&mid=7564,https://www.education.gov.za/LinkClick.aspx?fileticket=AJFJtJ7wUkY%3d&tabid=1920&portalid=0&mid=7564,"MEMO_PDF_EXTRACTION_FAILED — re-ingest with force, or OCR fallback"
Life Sciences,2024,2,English,35,76,54,35,0,yes,https://www.education.gov.za/LinkClick.aspx?fileticket=XNxm9Q00Rvs%3d&tabid=4933&portalid=0&mid=13144,https://www.education.gov.za/LinkClick.aspx?fileticket=6oEdNZ-qkmc%3d&tabid=4933&portalid=0&mid=13144,"MEMO_PDF_EXTRACTION_FAILED — re-ingest with force, or OCR fallback"
Consumer Studies,2018,1,English,35,85,59,35,0,yes,https://www.education.gov.za/LinkClick.aspx?fileticket=NTSkc8Ijjfw%3d&tabid=1920&portalid=0&mid=7583,https://www.education.gov.za/LinkClick.aspx?fileticket=PjhuZIQROzU%3d&tabid=1920&portalid=0&mid=7583,"MEMO_PDF_EXTRACTION_FAILED — re-ingest with force, or OCR fallback"
Life Sciences,2025,2,English,35,77,55,35,0,yes,https://www.education.gov.za/LinkClick.aspx?fileticket=cX-MYFxCmAg%3d&tabid=5475&portalid=0&mid=14242,https://www.education.gov.za/LinkClick.aspx?fileticket=0dItghSWH64%3d&tabid=5475&portalid=0&mid=14242,"MEMO_PDF_EXTRACTION_FAILED — re-ingest with force, or OCR fallback"
Xitsonga Home Language,2018,2,Xitsonga,35,35,0,35,0,yes,https://www.education.gov.za/LinkClick.aspx?fileticket=YcINN5nkir4%3d&tabid=1920&portalid=0&mid=7574,https://www.education.gov.za/LinkClick.aspx?fileticket=Mm8h4RRUPcE%3d&tabid=1920&portalid=0&mid=7574,"MEMO_PDF_EXTRACTION_FAILED — re-ingest with force, or OCR fallback"
Hospitality Studies,2020,1,English,35,108,68,35,0,yes,https://www.education.gov.za/LinkClick.aspx?fileticket=447SryB0LAQ%3d&tabid=2702&portalid=0&mid=9628,https://www.education.gov.za/LinkClick.aspx?fileticket=kN5tY7i_S00%3d&tabid=2702&portalid=0&mid=9628,"MEMO_PDF_EXTRACTION_FAILED — re-ingest with force, or OCR fallback"
Life Sciences,2024,2,Afrikaans,35,76,54,35,0,yes,https://www.education.gov.za/LinkClick.aspx?fileticket=wP1vHhDs6Pw%3d&tabid=4933&portalid=0&mid=13144,https://www.education.gov.za/LinkClick.aspx?fileticket=9L9Zw3O3t_Y%3d&tabid=4933&portalid=0&mid=13144,"MEMO_PDF_EXTRACTION_FAILED — re-ingest with force, or OCR fallback"
Life Sciences,2019,1,English,35,59,41,35,0,yes,https://www.education.gov.za/LinkClick.aspx?fileticket=zTy3lqQO-Ko%3d&tabid=2468&portalid=0&mid=8932,https://www.education.gov.za/LinkClick.aspx?fileticket=eMntg6k-EN0%3d&tabid=2468&portalid=0&mid=8932,"MEMO_PDF_EXTRACTION_FAILED — re-ingest with force, or OCR fallback"
Life Sciences,2023,1,Afrikaans,35,61,43,35,0,yes,https://www.education.gov.za/LinkClick.aspx?fileticket=AY_bKQNfwWg%3d&tabid=4504&portalid=0&mid=12315,https://www.education.gov.za/LinkClick.aspx?fileticket=tNRAEbXlThQ%3d&tabid=4504&portalid=0&mid=12315,"MEMO_PDF_EXTRACTION_FAILED — re-ingest with force, or OCR fallback"
Information Technology,2017,2,Afrikaans,34,112,70,34,0,yes,https://www.education.gov.za/LinkClick.aspx?fileticket=GCfHgyEFm8k%3d&tabid=1686&portalid=0&mid=6751,https://www.education.gov.za/LinkClick.aspx?fileticket=MGH2J8ZfJHE%3d&tabid=1686&portalid=0&mid=6751,"MEMO_PDF_EXTRACTION_FAILED — re-ingest with force, or OCR fallback"
Life Sciences,2022,1,Afrikaans,34,58,41,34,0,yes,https://www.education.gov.za/LinkClick.aspx?fileticket=txoitqlNeZ0%3d&tabid=3138&portalid=0&mid=10572,https://www.education.gov.za/LinkClick.aspx?fileticket=1aBKYHBeHtE%3d&tabid=3138&portalid=0&mid=10572,"MEMO_PDF_EXTRACTION_FAILED — re-ingest with force, or OCR fallback"
Agricultural Technology,2023,1,English,34,105,68,34,0,yes,https://www.education.gov.za/LinkClick.aspx?fileticket=1wA2VHpMUV0%3d&tabid=4504&portalid=0&mid=12299,https://www.education.gov.za/LinkClick.aspx?fileticket=CWS4AI19qW0%3d&tabid=4504&portalid=0&mid=12299,"MEMO_PDF_EXTRACTION_FAILED — re-ingest with force, or OCR fallback"
Information Technology,2022,2,Afrikaans,34,112,70,34,0,yes,https://www.education.gov.za/LinkClick.aspx?fileticket=H00iz1YSUhw%3d&tabid=3138&portalid=0&mid=10571,https://www.education.gov.za/LinkClick.aspx?fileticket=xJFGyOCoZaw%3d&tabid=3138&portalid=0&mid=10571,"MEMO_PDF_EXTRACTION_FAILED — re-ingest with force, or OCR fallback"
Life Sciences,2017,1,Afrikaans,34,63,46,34,0,yes,https://www.education.gov.za/LinkClick.aspx?fileticket=wspcMH126_Q%3d&tabid=1686&portalid=0&mid=6752,https://www.education.gov.za/LinkClick.aspx?fileticket=raOi13dXbbs%3d&tabid=1686&portalid=0&mid=6752,"MEMO_PDF_EXTRACTION_FAILED — re-ingest with force, or OCR fallback"
Information Technology,2017,2,English,34,112,70,34,0,yes,https://www.education.gov.za/LinkClick.aspx?fileticket=p7GSth1EU3o%3d&tabid=1686&portalid=0&mid=6751,https://www.education.gov.za/LinkClick.aspx?fileticket=SMlgR_eoKOE%3d&tabid=1686&portalid=0&mid=6751,"MEMO_PDF_EXTRACTION_FAILED — re-ingest with force, or OCR fallback"
Life Sciences,2025,2,Afrikaans,34,77,56,34,0,yes,https://www.education.gov.za/LinkClick.aspx?fileticket=q3g9qgMYl80%3d&tabid=5475&portalid=0&mid=14242,https://www.education.gov.za/LinkClick.aspx?fileticket=gGdl9gco9OI%3d&tabid=5475&portalid=0&mid=14242,"MEMO_PDF_EXTRACTION_FAILED — re-ingest with force, or OCR fallback"
Consumer Studies,2021,1,English,34,99,66,34,0,yes,https://www.education.gov.za/LinkClick.aspx?fileticket=TGJqsP0zdxg%3d&tabid=2837&portalid=0&mid=9902,https://www.education.gov.za/LinkClick.aspx?fileticket=2_Wl7lDZ0-Q%3d&tabid=2837&portalid=0&mid=9902,"MEMO_PDF_EXTRACTION_FAILED — re-ingest with force, or OCR fallback"
isiXhosa First Additional Language,2024,2,isiXhosa,34,148,77,34,0,yes,https://www.education.gov.za/LinkClick.aspx?fileticket=WblaR3-WbS0%3d&tabid=4933&portalid=0&mid=13116,https://www.education.gov.za/LinkClick.aspx?fileticket=OfbV6L9mqEI%3d&tabid=4933&portalid=0&mid=13116,"MEMO_PDF_EXTRACTION_FAILED — re-ingest with force, or OCR fallback"
Xitsonga Home Language,2020,2,Xitsonga,34,34,0,34,0,yes,https://www.education.gov.za/LinkClick.aspx?fileticket=JqY8oTOxNV0%3d&tabid=2702&portalid=0&mid=10159,https://www.education.gov.za/LinkClick.aspx?fileticket=NaMWupWs4-4%3d&tabid=2702&portalid=0&mid=10159,"MEMO_PDF_EXTRACTION_FAILED — re-ingest with force, or OCR fallback"
Agricultural Technology,2023,1,Afrikaans,34,105,68,34,0,yes,https://www.education.gov.za/LinkClick.aspx?fileticket=0d_mhTcP1uA%3d&tabid=4504&portalid=0&mid=12299,https://www.education.gov.za/LinkClick.aspx?fileticket=Doh7R9VI5Cc%3d&tabid=4504&portalid=0&mid=12299,"MEMO_PDF_EXTRACTION_FAILED — re-ingest with force, or OCR fallback"
Xitsonga Home Language,2021,2,Xitsonga,34,34,0,34,0,yes,https://www.education.gov.za/LinkClick.aspx?fileticket=q1ZjFXKUUpg%3d&tabid=2837&portalid=0&mid=9890,https://www.education.gov.za/LinkClick.aspx?fileticket=FtCrlCF4Elk%3d&tabid=2837&portalid=0&mid=9890,"MEMO_PDF_EXTRACTION_FAILED — re-ingest with force, or OCR fallback"
Life Sciences,2022,1,English,34,58,41,34,0,yes,https://www.education.gov.za/LinkClick.aspx?fileticket=ZHWguFBBghQ%3d&tabid=3138&portalid=0&mid=10572,https://www.education.gov.za/LinkClick.aspx?fileticket=pwmEl2uhYo0%3d&tabid=3138&portalid=0&mid=10572,"MEMO_PDF_EXTRACTION_FAILED — re-ingest with force, or OCR fallback"
Agricultural Sciences,2017,1,Afrikaans,34,94,64,34,0,yes,https://www.education.gov.za/LinkClick.aspx?fileticket=N1oKuCXMdbM%3d&tabid=1686&portalid=0&mid=6745,https://www.education.gov.za/LinkClick.aspx?fileticket=4No-R-Mjxyc%3d&tabid=1686&portalid=0&mid=6745,"MEMO_PDF_EXTRACTION_FAILED — re-ingest with force, or OCR fallback"
Life Sciences,2019,1,Afrikaans,34,59,42,34,0,yes,https://www.education.gov.za/LinkClick.aspx?fileticket=vbt2UI4R9os%3d&tabid=2468&portalid=0&mid=8932,https://www.education.gov.za/LinkClick.aspx?fileticket=b7Wr04SgDeY%3d&tabid=2468&portalid=0&mid=8932,"MEMO_PDF_EXTRACTION_FAILED — re-ingest with force, or OCR fallback"
Information Technology,2022,2,English,34,112,70,34,0,yes,https://www.education.gov.za/LinkClick.aspx?fileticket=HZttaGF5tLU%3d&tabid=3138&portalid=0&mid=10571,https://www.education.gov.za/LinkClick.aspx?fileticket=DzvMIUM9DPA%3d&tabid=3138&portalid=0&mid=10571,"MEMO_PDF_EXTRACTION_FAILED — re-ingest with force, or OCR fallback"
Xitsonga Home Language,2023,2,Xitsonga,34,34,0,34,0,yes,https://www.education.gov.za/LinkClick.aspx?fileticket=8miJOSK9zKY%3d&tabid=4504&portalid=0&mid=12294,https://www.education.gov.za/LinkClick.aspx?fileticket=GR1M2K_l9l4%3d&tabid=4504&portalid=0&mid=12294,"MEMO_PDF_EXTRACTION_FAILED — re-ingest with force, or OCR fallback"
Marine Sciences,2024,2,English,34,67,49,34,0,yes,https://www.education.gov.za/LinkClick.aspx?fileticket=aBYIP3_Ar_U%3d&tabid=5193&portalid=0&mid=13725,https://www.education.gov.za/LinkClick.aspx?fileticket=KCUPnzoHB90%3d&tabid=5193&portalid=0&mid=13725,"MEMO_PDF_EXTRACTION_FAILED — re-ingest with force, or OCR fallback"
Afrikaans Home Language,2021,2,Afrikaans,33,165,80,33,0,yes,https://www.education.gov.za/LinkClick.aspx?fileticket=qz0bZXoT9dQ%3d&tabid=2837&portalid=0&mid=9945,https://www.education.gov.za/LinkClick.aspx?fileticket=MhYaC3L5Jdk%3d&tabid=2837&portalid=0&mid=9945,"MEMO_PDF_EXTRACTION_FAILED — re-ingest with force, or OCR fallback"
Agricultural Technology,2022,1,Afrikaans,33,102,68,33,0,yes,https://www.education.gov.za/LinkClick.aspx?fileticket=SQ4vRBNr_vg%3d&tabid=3138&portalid=0&mid=10557,https://www.education.gov.za/LinkClick.aspx?fileticket=DjWim0f1WW4%3d&tabid=3138&portalid=0&mid=10557,"MEMO_PDF_EXTRACTION_FAILED — re-ingest with force, or OCR fallback"
Sesotho Home Language,2019,2,Sesotho,33,33,0,33,0,yes,https://www.education.gov.za/LinkClick.aspx?fileticket=gqn6H68X_Es%3d&tabid=2468&portalid=0&mid=8915,https://www.education.gov.za/LinkClick.aspx?fileticket=nlB6fWWpY5A%3d&tabid=2468&portalid=0&mid=8915,"MEMO_PDF_EXTRACTION_FAILED — re-ingest with force, or OCR fallback"
Life Sciences,2019,2,English,33,66,50,33,0,yes,https://www.education.gov.za/LinkClick.aspx?fileticket=8k44y1YvIX0%3d&tabid=2468&portalid=0&mid=8932,https://www.education.gov.za/LinkClick.aspx?fileticket=sx8EkTl2dQc%3d&tabid=2468&portalid=0&mid=8932,"MEMO_PDF_EXTRACTION_FAILED — re-ingest with force, or OCR fallback"
Sesotho Home Language,2021,2,Sesotho,33,33,0,0,33,yes,https://www.education.gov.za/LinkClick.aspx?fileticket=9DjLxeMPOu8%3d&tabid=2837&portalid=0&mid=10519,,MEMO_IN_CATALOG_NOT_LINKED — re-ingest with force to re-pair
Life Sciences,2023,2,English,33,68,51,33,0,yes,https://www.education.gov.za/LinkClick.aspx?fileticket=LxXtem7BikA%3d&tabid=4504&portalid=0&mid=12315,https://www.education.gov.za/LinkClick.aspx?fileticket=7x7lQqg4L-w%3d&tabid=4504&portalid=0&mid=12315,"MEMO_PDF_EXTRACTION_FAILED — re-ingest with force, or OCR fallback"
Xitsonga Home Language,2022,2,Xitsonga,33,33,0,33,0,yes,https://www.education.gov.za/LinkClick.aspx?fileticket=_47v8q054lw%3d&tabid=3138&portalid=0&mid=10552,https://www.education.gov.za/LinkClick.aspx?fileticket=_83GRs5qKhw%3d&tabid=3138&portalid=0&mid=10552,"MEMO_PDF_EXTRACTION_FAILED — re-ingest with force, or OCR fallback"
Geography,2017,1,Afrikaans,33,151,78,33,0,yes,https://www.education.gov.za/LinkClick.aspx?fileticket=MPg68T6jwE0%3d&tabid=1686&portalid=0&mid=6749,https://www.education.gov.za/LinkClick.aspx?fileticket=U_awuKBgM7M%3d&tabid=1686&portalid=0&mid=6749,"MEMO_PDF_EXTRACTION_FAILED — re-ingest with force, or OCR fallback"
Information Technology,2018,2,English,33,108,69,33,0,yes,https://www.education.gov.za/LinkClick.aspx?fileticket=cfJoBMwdbp4%3d&tabid=1920&portalid=0&mid=7593,https://www.education.gov.za/LinkClick.aspx?fileticket=KjQZJqR4vzw%3d&tabid=1920&portalid=0&mid=7593,"MEMO_PDF_EXTRACTION_FAILED — re-ingest with force, or OCR fallback"
Information Technology,2016,2,English,33,103,68,33,0,yes,https://www.education.gov.za/LinkClick.aspx?fileticket=Pd7sBuSbJbc%3d&tabid=1000&portalid=0&mid=4442,https://www.education.gov.za/LinkClick.aspx?fileticket=ZQpiiPZIclg%3d&tabid=1000&portalid=0&mid=4442,"MEMO_PDF_EXTRACTION_FAILED — re-ingest with force, or OCR fallback"
Hospitality Studies,2018,1,English,33,105,69,33,0,yes,https://www.education.gov.za/LinkClick.aspx?fileticket=6ogmRr7KPS0%3d&tabid=1920&portalid=0&mid=7592,https://www.education.gov.za/LinkClick.aspx?fileticket=ESUJX7iSfhU%3d&tabid=1920&portalid=0&mid=7592,"MEMO_PDF_EXTRACTION_FAILED — re-ingest with force, or OCR fallback"
Consumer Studies,2017,1,Afrikaans,33,100,67,33,0,yes,https://www.education.gov.za/LinkClick.aspx?fileticket=DoBgpHhy08A%3d&tabid=1856&portalid=0&mid=7338,https://www.education.gov.za/LinkClick.aspx?fileticket=sl4IMhUD6VA%3d&tabid=1856&portalid=0&mid=7338,"MEMO_PDF_EXTRACTION_FAILED — re-ingest with force, or OCR fallback"
Agricultural Technology,2022,1,English,33,102,68,33,0,yes,https://www.education.gov.za/LinkClick.aspx?fileticket=_rKvWQw8EpA%3d&tabid=3138&portalid=0&mid=10557,https://www.education.gov.za/LinkClick.aspx?fileticket=kF8BYrnEwV8%3d&tabid=3138&portalid=0&mid=10557,"MEMO_PDF_EXTRACTION_FAILED — re-ingest with force, or OCR fallback"
Hospitality Studies,2018,1,Afrikaans,33,105,69,33,0,yes,https://www.education.gov.za/LinkClick.aspx?fileticket=cio1CEHAQXs%3d&tabid=1920&portalid=0&mid=7592,https://www.education.gov.za/LinkClick.aspx?fileticket=HUV57TEGuYQ%3d&tabid=1920&portalid=0&mid=7592,"MEMO_PDF_EXTRACTION_FAILED — re-ingest with force, or OCR fallback"
Sesotho Home Language,2018,2,Sesotho,33,33,0,33,0,yes,https://www.education.gov.za/LinkClick.aspx?fileticket=Ll7gI0R1MYQ%3d&tabid=1920&portalid=0&mid=7570,https://www.education.gov.za/LinkClick.aspx?fileticket=-_QyOJNVXXs%3d&tabid=1920&portalid=0&mid=7570,"MEMO_PDF_EXTRACTION_FAILED — re-ingest with force, or OCR fallback"
Electrical Technology,2022,1,English,33,104,68,33,0,yes,https://www.education.gov.za/LinkClick.aspx?fileticket=850JHGLDxe8%3d&tabid=3138&portalid=0&mid=10566,https://www.education.gov.za/LinkClick.aspx?fileticket=kAjNXQk736A%3d&tabid=3138&portalid=0&mid=10566,"MEMO_PDF_EXTRACTION_FAILED — re-ingest with force, or OCR fallback"
Electrical Technology,2022,1,Afrikaans,33,104,68,33,0,yes,https://www.education.gov.za/LinkClick.aspx?fileticket=vrEZzJaLar8%3d&tabid=3138&portalid=0&mid=10566,https://www.education.gov.za/LinkClick.aspx?fileticket=V0N3hqjVB2Q%3d&tabid=3138&portalid=0&mid=10566,"MEMO_PDF_EXTRACTION_FAILED — re-ingest with force, or OCR fallback"
Sesotho Home Language,2025,2,Sesotho,33,33,0,33,0,yes,https://www.education.gov.za/LinkClick.aspx?fileticket=B9gCUCwb78o%3d&tabid=5475&portalid=0&mid=14219,https://www.education.gov.za/LinkClick.aspx?fileticket=r69O_YXkMj8%3d&tabid=5475&portalid=0&mid=14219,"MEMO_PDF_EXTRACTION_FAILED — re-ingest with force, or OCR fallback"
Life Sciences,2023,2,Afrikaans,33,68,51,33,0,yes,https://www.education.gov.za/LinkClick.aspx?fileticket=kTjkf-fFWBg%3d&tabid=4504&portalid=0&mid=12315,https://www.education.gov.za/LinkClick.aspx?fileticket=bFiGERVCoLU%3d&tabid=4504&portalid=0&mid=12315,"MEMO_PDF_EXTRACTION_FAILED — re-ingest with force, or OCR fallback"
Information Technology,2019,2,English,32,115,72,32,0,yes,https://www.education.gov.za/LinkClick.aspx?fileticket=zqiTSo47SYQ%3d&tabid=2468&portalid=0&mid=8931,https://www.education.gov.za/LinkClick.aspx?fileticket=sit2njftXWI%3d&tabid=2468&portalid=0&mid=8931,"MEMO_PDF_EXTRACTION_FAILED — re-ingest with force, or OCR fallback"
Agricultural Management Practices,2016,1,Afrikaans,32,107,70,32,0,yes,https://www.education.gov.za/LinkClick.aspx?fileticket=SBpGiUp09qM%3d&tabid=1000&portalid=0&mid=4426,https://www.education.gov.za/LinkClick.aspx?fileticket=S0hFdPNbQkA%3d&tabid=1000&portalid=0&mid=4426,"MEMO_PDF_EXTRACTION_FAILED — re-ingest with force, or OCR fallback"
Information Technology,2021,2,Afrikaans,32,117,73,32,0,yes,https://www.education.gov.za/LinkClick.aspx?fileticket=1B1P7QrpY8A%3d&tabid=2837&portalid=0&mid=9912,https://www.education.gov.za/LinkClick.aspx?fileticket=9b-8aY3EiiU%3d&tabid=2837&portalid=0&mid=9912,"MEMO_PDF_EXTRACTION_FAILED — re-ingest with force, or OCR fallback"
Civil Technology,2019,1,English,32,68,53,32,0,yes,https://www.education.gov.za/LinkClick.aspx?fileticket=p-O9cDPt5fQ%3d&tabid=2468&portalid=0&mid=8781,https://www.education.gov.za/LinkClick.aspx?fileticket=jW5SQlHXzds%3d&tabid=2468&portalid=0&mid=8781,"MEMO_PDF_EXTRACTION_FAILED — re-ingest with force, or OCR fallback"
Life Sciences,2019,2,Afrikaans,32,66,52,32,0,yes,https://www.education.gov.za/LinkClick.aspx?fileticket=vesSn5mhCz0%3d&tabid=2468&portalid=0&mid=8932,https://www.education.gov.za/LinkClick.aspx?fileticket=PrHiCGGqflw%3d&tabid=2468&portalid=0&mid=8932,"MEMO_PDF_EXTRACTION_FAILED — re-ingest with force, or OCR fallback"
Sesotho Home Language,2024,2,Sesotho,32,32,0,32,0,yes,https://www.education.gov.za/LinkClick.aspx?fileticket=jVljxmDxI0E%3d&tabid=4933&portalid=0&mid=13121,https://www.education.gov.za/LinkClick.aspx?fileticket=GeEYjSU1jFE%3d&tabid=4933&portalid=0&mid=13121,"MEMO_PDF_EXTRACTION_FAILED — re-ingest with force, or OCR fallback"
Afrikaans First Additional Language,2022,2,Afrikaans,32,251,87,32,0,yes,https://www.education.gov.za/LinkClick.aspx?fileticket=siF-I_90bjs%3d&tabid=3138&portalid=0&mid=10542,https://www.education.gov.za/LinkClick.aspx?fileticket=P6rwjy7FyFA%3d&tabid=3138&portalid=0&mid=10542,"MEMO_PDF_EXTRACTION_FAILED — re-ingest with force, or OCR fallback"
Life Sciences,2022,2,Afrikaans,32,68,53,32,0,yes,https://www.education.gov.za/LinkClick.aspx?fileticket=ZYZuyQRJ8zc%3d&tabid=3138&portalid=0&mid=10572,https://www.education.gov.za/LinkClick.aspx?fileticket=8tYDNBjwMUQ%3d&tabid=3138&portalid=0&mid=10572,"MEMO_PDF_EXTRACTION_FAILED — re-ingest with force, or OCR fallback"
Life Sciences,2021,2,English,32,63,49,32,0,yes,https://www.education.gov.za/LinkClick.aspx?fileticket=IXdM-hwqPHc%3d&tabid=2837&portalid=0&mid=9913,https://www.education.gov.za/LinkClick.aspx?fileticket=lNesRJOWTBs%3d&tabid=2837&portalid=0&mid=9913,"MEMO_PDF_EXTRACTION_FAILED — re-ingest with force, or OCR fallback"
Life Sciences,2021,2,Afrikaans,32,63,49,32,0,yes,https://www.education.gov.za/LinkClick.aspx?fileticket=XuILXWq6EBM%3d&tabid=2837&portalid=0&mid=9913,https://www.education.gov.za/LinkClick.aspx?fileticket=ysuD7Sekvsw%3d&tabid=2837&portalid=0&mid=9913,"MEMO_PDF_EXTRACTION_FAILED — re-ingest with force, or OCR fallback"
Information Technology,2019,2,Afrikaans,32,115,72,32,0,yes,https://www.education.gov.za/LinkClick.aspx?fileticket=11zL6uDBLTw%3d&tabid=2468&portalid=0&mid=8931,https://www.education.gov.za/LinkClick.aspx?fileticket=awagkvSMcs8%3d&tabid=2468&portalid=0&mid=8931,"MEMO_PDF_EXTRACTION_FAILED — re-ingest with force, or OCR fallback"
Life Sciences,2022,2,English,32,68,53,32,0,yes,https://www.education.gov.za/LinkClick.aspx?fileticket=KD_uy_KOePE%3d&tabid=3138&portalid=0&mid=10572,https://www.education.gov.za/LinkClick.aspx?fileticket=cmXc6pX11Ic%3d&tabid=3138&portalid=0&mid=10572,"MEMO_PDF_EXTRACTION_FAILED — re-ingest with force, or OCR fallback"
Information Technology,2021,2,English,32,117,73,32,0,yes,https://www.education.gov.za/LinkClick.aspx?fileticket=mBh9wFnYvzQ%3d&tabid=2837&portalid=0&mid=9912,https://www.education.gov.za/LinkClick.aspx?fileticket=g6D6X7OobF4%3d&tabid=2837&portalid=0&mid=9912,"MEMO_PDF_EXTRACTION_FAILED — re-ingest with force, or OCR fallback"
Sesotho Home Language,2022,2,Sesotho,32,32,0,32,0,yes,https://www.education.gov.za/LinkClick.aspx?fileticket=46i8LjJX49o%3d&tabid=3138&portalid=0&mid=10548,https://www.education.gov.za/LinkClick.aspx?fileticket=hq2hwUykVNY%3d&tabid=3138&portalid=0&mid=10548,"MEMO_PDF_EXTRACTION_FAILED — re-ingest with force, or OCR fallback"
Consumer Studies,2021,1,Afrikaans,32,105,70,32,0,yes,https://www.education.gov.za/LinkClick.aspx?fileticket=LMfZ6ozDToY%3d&tabid=2837&portalid=0&mid=9902,https://www.education.gov.za/LinkClick.aspx?fileticket=lqZ56VEMm0k%3d&tabid=2837&portalid=0&mid=9902,"MEMO_PDF_EXTRACTION_FAILED — re-ingest with force, or OCR fallback"
Sepedi Home Language,2016,2,Sepedi,32,32,0,32,0,yes,https://www.education.gov.za/LinkClick.aspx?fileticket=k-eJLuWPV68%3d&tabid=1000&portalid=0&mid=4418,https://www.education.gov.za/LinkClick.aspx?fileticket=0VJon3w0Q6U%3d&tabid=1000&portalid=0&mid=4418,"MEMO_PDF_EXTRACTION_FAILED — re-ingest with force, or OCR fallback"
Afrikaans Second Additional Language,2020,1,Afrikaans,32,116,72,32,0,yes,https://www.education.gov.za/LinkClick.aspx?fileticket=H_v4ujTcwIY%3d&tabid=2702&portalid=0&mid=10165,https://www.education.gov.za/LinkClick.aspx?fileticket=zcKfUg408MQ%3d&tabid=2702&portalid=0&mid=10165,"MEMO_PDF_EXTRACTION_FAILED — re-ingest with force, or OCR fallback"
Sepedi Home Language,2022,2,Sepedi,32,32,0,32,0,yes,https://www.education.gov.za/LinkClick.aspx?fileticket=1HflNvxxd5Q%3d&tabid=3138&portalid=0&mid=10547,https://www.education.gov.za/LinkClick.aspx?fileticket=J4VNbsVziaQ%3d&tabid=3138&portalid=0&mid=10547,"MEMO_PDF_EXTRACTION_FAILED — re-ingest with force, or OCR fallback"
Civil Technology,2015,1,Afrikaans,31,103,70,31,0,yes,https://www.education.gov.za/LinkClick.aspx?fileticket=Nvo7hVipGw4%3d&tabid=979&portalid=0&mid=4277,https://www.education.gov.za/LinkClick.aspx?fileticket=KyAbh8OAiXM%3d&tabid=979&portalid=0&mid=4277,"MEMO_PDF_EXTRACTION_FAILED — re-ingest with force, or OCR fallback"
Geography,2017,1,English,31,151,79,31,0,yes,https://www.education.gov.za/LinkClick.aspx?fileticket=sCrlyDsCnMw%3d&tabid=1686&portalid=0&mid=6749,https://www.education.gov.za/LinkClick.aspx?fileticket=usHSsRAu4zE%3d&tabid=1686&portalid=0&mid=6749,"MEMO_PDF_EXTRACTION_FAILED — re-ingest with force, or OCR fallback"
Agricultural Sciences,2024,2,Afrikaans,31,104,70,31,0,yes,https://www.education.gov.za/LinkClick.aspx?fileticket=Opz6_XVhkw4%3d&tabid=4933&portalid=0&mid=13128,https://www.education.gov.za/LinkClick.aspx?fileticket=M9wGtyWK7p0%3d&tabid=4933&portalid=0&mid=13128,"MEMO_PDF_EXTRACTION_FAILED — re-ingest with force, or OCR fallback"
Computer Applications Technology,2024,2,English,31,106,71,31,0,yes,https://www.education.gov.za/LinkClick.aspx?fileticket=qoFr9FcFoAQ%3d&tabid=4933&portalid=0&mid=13132,https://www.education.gov.za/LinkClick.aspx?fileticket=FtYti6crqBM%3d&tabid=4933&portalid=0&mid=13132,"MEMO_PDF_EXTRACTION_FAILED — re-ingest with force, or OCR fallback"
Geography,2018,1,English,31,107,71,31,0,yes,https://www.education.gov.za/LinkClick.aspx?fileticket=Se80Gfqm41M%3d&tabid=1920&portalid=0&mid=7590,https://www.education.gov.za/LinkClick.aspx?fileticket=CWnFtkM4ygU%3d&tabid=1920&portalid=0&mid=7590,"MEMO_PDF_EXTRACTION_FAILED — re-ingest with force, or OCR fallback"
Agricultural Technology,2020,1,English,31,73,58,31,0,yes,https://www.education.gov.za/LinkClick.aspx?fileticket=mq5NdCzGUJM%3d&tabid=2702&portalid=0&mid=9615,https://www.education.gov.za/LinkClick.aspx?fileticket=5NHnj7lGDwQ%3d&tabid=2702&portalid=0&mid=9615,"MEMO_PDF_EXTRACTION_FAILED — re-ingest with force, or OCR fallback"
Afrikaans Second Additional Language,2023,1,Afrikaans,31,77,60,31,0,yes,https://www.education.gov.za/LinkClick.aspx?fileticket=fI_6JIJszKc%3d&tabid=4504&portalid=0&mid=12283,https://www.education.gov.za/LinkClick.aspx?fileticket=6XskVJ8C_5o%3d&tabid=4504&portalid=0&mid=12283,"MEMO_PDF_EXTRACTION_FAILED — re-ingest with force, or OCR fallback"
Civil Technology,2015,1,English,31,103,70,31,0,yes,https://www.education.gov.za/LinkClick.aspx?fileticket=E96w45JnH8E%3d&tabid=979&portalid=0&mid=4277,https://www.education.gov.za/LinkClick.aspx?fileticket=FvTjaBz7k7Y%3d&tabid=979&portalid=0&mid=4277,"MEMO_PDF_EXTRACTION_FAILED — re-ingest with force, or OCR fallback"
Afrikaans Second Additional Language,2022,1,Afrikaans,31,82,62,31,0,yes,https://www.education.gov.za/LinkClick.aspx?fileticket=UUi3HUsoi0w%3d&tabid=3138&portalid=0&mid=10542,https://www.education.gov.za/LinkClick.aspx?fileticket=ZwfAm06H8k8%3d&tabid=3138&portalid=0&mid=10542,"MEMO_PDF_EXTRACTION_FAILED — re-ingest with force, or OCR fallback"
Agricultural Management Practices,2016,1,English,31,107,71,31,0,yes,https://www.education.gov.za/LinkClick.aspx?fileticket=cGEh9yK56rY%3d&tabid=1000&portalid=0&mid=4426,https://www.education.gov.za/LinkClick.aspx?fileticket=bCgBxAHpejk%3d&tabid=1000&portalid=0&mid=4426,"MEMO_PDF_EXTRACTION_FAILED — re-ingest with force, or OCR fallback"
Xitsonga Home Language,2019,2,Xitsonga,31,31,0,31,0,yes,https://www.education.gov.za/LinkClick.aspx?fileticket=niwOKFpS8wA%3d&tabid=2468&portalid=0&mid=8922,https://www.education.gov.za/LinkClick.aspx?fileticket=HzDxxmU1AEQ%3d&tabid=2468&portalid=0&mid=8922,"MEMO_PDF_EXTRACTION_FAILED — re-ingest with force, or OCR fallback"
Afrikaans First Additional Language,2017,1,Afrikaans,31,67,54,31,0,yes,https://www.education.gov.za/LinkClick.aspx?fileticket=9J97e9cEj_8%3d&tabid=1686&portalid=0&mid=6732,https://www.education.gov.za/LinkClick.aspx?fileticket=PRu4cV8_SpU%3d&tabid=1686&portalid=0&mid=6732,"MEMO_PDF_EXTRACTION_FAILED — re-ingest with force, or OCR fallback"
isiXhosa First Additional Language,2022,2,isiXhosa,31,140,78,31,0,yes,https://www.education.gov.za/LinkClick.aspx?fileticket=ObXwnINRgsI%3d&tabid=3138&portalid=0&mid=10545,https://www.education.gov.za/LinkClick.aspx?fileticket=Z8ycgYD6GQg%3d&tabid=3138&portalid=0&mid=10545,"MEMO_PDF_EXTRACTION_FAILED — re-ingest with force, or OCR fallback"
Agricultural Technology,2020,1,Afrikaans,31,73,58,31,0,yes,https://www.education.gov.za/LinkClick.aspx?fileticket=EeEwqx2Niks%3d&tabid=2702&portalid=0&mid=9615,https://www.education.gov.za/LinkClick.aspx?fileticket=o9wZrWxbzPQ%3d&tabid=2702&portalid=0&mid=9615,"MEMO_PDF_EXTRACTION_FAILED — re-ingest with force, or OCR fallback"
Information Technology,2018,2,Afrikaans,31,108,71,31,0,yes,https://www.education.gov.za/LinkClick.aspx?fileticket=4dLBSaXgy8s%3d&tabid=1920&portalid=0&mid=7593,https://www.education.gov.za/LinkClick.aspx?fileticket=tliUpZymvws%3d&tabid=1920&portalid=0&mid=7593,"MEMO_PDF_EXTRACTION_FAILED — re-ingest with force, or OCR fallback"
Computer Applications Technology,2024,2,Afrikaans,31,106,71,31,0,yes,https://www.education.gov.za/LinkClick.aspx?fileticket=HiXeg2PsvMM%3d&tabid=4933&portalid=0&mid=13132,https://www.education.gov.za/LinkClick.aspx?fileticket=TkB6bqmgmmk%3d&tabid=4933&portalid=0&mid=13132,"MEMO_PDF_EXTRACTION_FAILED — re-ingest with force, or OCR fallback"
Consumer Studies,2018,1,Afrikaans,30,85,65,30,0,yes,https://www.education.gov.za/LinkClick.aspx?fileticket=0YFv_o6tBmU%3d&tabid=1920&portalid=0&mid=7583,https://www.education.gov.za/LinkClick.aspx?fileticket=zPiuJRxJKUw%3d&tabid=1920&portalid=0&mid=7583,"MEMO_PDF_EXTRACTION_FAILED — re-ingest with force, or OCR fallback"
Life Sciences,2025,1,Afrikaans,30,76,61,30,0,yes,https://www.education.gov.za/LinkClick.aspx?fileticket=0tHJV_jy_jI%3d&tabid=5475&portalid=0&mid=14242,https://www.education.gov.za/LinkClick.aspx?fileticket=DtqylDW26zo%3d&tabid=5475&portalid=0&mid=14242,"MEMO_PDF_EXTRACTION_FAILED — re-ingest with force, or OCR fallback"
Hospitality Studies,2019,1,English,30,91,67,30,0,yes,https://www.education.gov.za/LinkClick.aspx?fileticket=LWgKjNuwTWY%3d&tabid=2468&portalid=0&mid=8930,https://www.education.gov.za/LinkClick.aspx?fileticket=g1BeG7MLTBo%3d&tabid=2468&portalid=0&mid=8930,"MEMO_PDF_EXTRACTION_FAILED — re-ingest with force, or OCR fallback"
Electrical Technology,2024,1,English,30,101,70,30,0,yes,https://www.education.gov.za/LinkClick.aspx?fileticket=EWrBWLtMvEI%3d&tabid=4933&portalid=0&mid=13138,https://www.education.gov.za/LinkClick.aspx?fileticket=UNvthAr-rdk%3d&tabid=4933&portalid=0&mid=13138,"MEMO_PDF_EXTRACTION_FAILED — re-ingest with force, or OCR fallback"
Geography,2016,1,English,30,101,70,30,0,yes,https://www.education.gov.za/LinkClick.aspx?fileticket=y2PBL1CgCBY%3d&tabid=1000&portalid=0&mid=4439,https://www.education.gov.za/LinkClick.aspx?fileticket=eh-dCMbjtr4%3d&tabid=1000&portalid=0&mid=4439,"MEMO_PDF_EXTRACTION_FAILED — re-ingest with force, or OCR fallback"
Agricultural Sciences,2018,2,Afrikaans,30,106,72,30,0,yes,https://www.education.gov.za/LinkClick.aspx?fileticket=EqXwIk6Do9Y%3d&tabid=1920&portalid=0&mid=7578,https://www.education.gov.za/LinkClick.aspx?fileticket=rhujGjxiMJM%3d&tabid=1920&portalid=0&mid=7578,"MEMO_PDF_EXTRACTION_FAILED — re-ingest with force, or OCR fallback"
Geography,2018,1,Afrikaans,30,108,72,30,0,yes,https://www.education.gov.za/LinkClick.aspx?fileticket=mq8hYZ5CZDI%3d&tabid=1920&portalid=0&mid=7590,https://www.education.gov.za/LinkClick.aspx?fileticket=97rerSJpBLg%3d&tabid=1920&portalid=0&mid=7590,"MEMO_PDF_EXTRACTION_FAILED — re-ingest with force, or OCR fallback"
Electrical Technology,2024,1,Afrikaans,30,101,70,30,0,yes,https://www.education.gov.za/LinkClick.aspx?fileticket=IsYtKwE_F2c%3d&tabid=4933&portalid=0&mid=13138,https://www.education.gov.za/LinkClick.aspx?fileticket=C0JZwO_tFCM%3d&tabid=4933&portalid=0&mid=13138,"MEMO_PDF_EXTRACTION_FAILED — re-ingest with force, or OCR fallback"
Afrikaans Second Additional Language,2018,1,Afrikaans,30,115,74,30,0,yes,https://www.education.gov.za/LinkClick.aspx?fileticket=Qkt1pWpdcsE%3d&tabid=1920&portalid=0&mid=7564,https://www.education.gov.za/LinkClick.aspx?fileticket=yrLlSeo0j7c%3d&tabid=1920&portalid=0&mid=7564,"MEMO_PDF_EXTRACTION_FAILED — re-ingest with force, or OCR fallback"
Geography,2019,1,English,30,158,81,30,0,yes,https://www.education.gov.za/LinkClick.aspx?fileticket=FOSVGzDUsp0%3d&tabid=2468&portalid=0&mid=8928,https://www.education.gov.za/LinkClick.aspx?fileticket=5gWyMrhQkpA%3d&tabid=2468&portalid=0&mid=8928,"MEMO_PDF_EXTRACTION_FAILED — re-ingest with force, or OCR fallback"
Life Sciences,2025,1,English,29,76,62,29,0,yes,https://www.education.gov.za/LinkClick.aspx?fileticket=20C-PvsQdug%3d&tabid=5475&portalid=0&mid=14242,https://www.education.gov.za/LinkClick.aspx?fileticket=8gUTreWnQdw%3d&tabid=5475&portalid=0&mid=14242,"MEMO_PDF_EXTRACTION_FAILED — re-ingest with force, or OCR fallback"
Sepedi Home Language,2021,2,Sepedi,29,29,0,29,0,yes,https://www.education.gov.za/LinkClick.aspx?fileticket=NDIKF5zH_nY%3d&tabid=2837&portalid=0&mid=9946,https://www.education.gov.za/LinkClick.aspx?fileticket=T-mJr8ECYSI%3d&tabid=2837&portalid=0&mid=9946,"MEMO_PDF_EXTRACTION_FAILED — re-ingest with force, or OCR fallback"
Information Technology,2020,2,English,29,112,74,29,0,yes,https://www.education.gov.za/LinkClick.aspx?fileticket=8rIqUUx6Rbo%3d&tabid=2702&portalid=0&mid=9629,https://www.education.gov.za/LinkClick.aspx?fileticket=C9chZ86KDxU%3d&tabid=2702&portalid=0&mid=9629,"MEMO_PDF_EXTRACTION_FAILED — re-ingest with force, or OCR fallback"
Agricultural Technology,2017,1,English,29,103,72,29,0,yes,https://www.education.gov.za/LinkClick.aspx?fileticket=pOnjYU7cKn4%3d&tabid=1856&portalid=0&mid=7334,https://www.education.gov.za/LinkClick.aspx?fileticket=AhRM1Te5Zhg%3d&tabid=1856&portalid=0&mid=7334,"MEMO_PDF_EXTRACTION_FAILED — re-ingest with force, or OCR fallback"
Agricultural Technology,2017,1,Afrikaans,29,103,72,29,0,yes,https://www.education.gov.za/LinkClick.aspx?fileticket=Qc0EZENO1Zs%3d&tabid=1856&portalid=0&mid=7334,https://www.education.gov.za/LinkClick.aspx?fileticket=ksrDz4_Zwp4%3d&tabid=1856&portalid=0&mid=7334,"MEMO_PDF_EXTRACTION_FAILED — re-ingest with force, or OCR fallback"
Agricultural Technology,2016,1,Afrikaans,29,103,72,29,0,yes,https://www.education.gov.za/LinkClick.aspx?fileticket=X9xvIyzylXY%3d&tabid=1000&portalid=0&mid=4428,https://www.education.gov.za/LinkClick.aspx?fileticket=LMhERbvJTEQ%3d&tabid=1000&portalid=0&mid=4428,"MEMO_PDF_EXTRACTION_FAILED — re-ingest with force, or OCR fallback"
Electrical Technology,2025,1,Afrikaans,29,105,72,29,0,yes,https://www.education.gov.za/LinkClick.aspx?fileticket=IT0HrjXOhjY%3d&tabid=5475&portalid=0&mid=14236,https://www.education.gov.za/LinkClick.aspx?fileticket=3OmhYmBVxpk%3d&tabid=5475&portalid=0&mid=14236,"MEMO_PDF_EXTRACTION_FAILED — re-ingest with force, or OCR fallback"
Xitsonga First Additional Language,2020,2,Xitsonga,29,29,0,29,0,yes,https://www.education.gov.za/LinkClick.aspx?fileticket=_wuzu_Vpvas%3d&tabid=2702&portalid=0&mid=10159,https://www.education.gov.za/LinkClick.aspx?fileticket=kmDzTcNvP5w%3d&tabid=2702&portalid=0&mid=10159,"MEMO_PDF_EXTRACTION_FAILED — re-ingest with force, or OCR fallback"
Consumer Studies,2016,1,English,29,72,60,29,0,yes,https://www.education.gov.za/LinkClick.aspx?fileticket=b_wkqBG2qNw%3d&tabid=1000&portalid=0&mid=4432,https://www.education.gov.za/LinkClick.aspx?fileticket=t1Fs0LRu4Y0%3d&tabid=1000&portalid=0&mid=4432,"MEMO_PDF_EXTRACTION_FAILED — re-ingest with force, or OCR fallback"
Xitsonga Home Language,2024,2,Xitsonga,29,29,0,29,0,yes,https://www.education.gov.za/LinkClick.aspx?fileticket=jPAODWqSuZA%3d&tabid=4933&portalid=0&mid=13124,https://www.education.gov.za/LinkClick.aspx?fileticket=PJJG1k4N2uA%3d&tabid=4933&portalid=0&mid=13124,"MEMO_PDF_EXTRACTION_FAILED — re-ingest with force, or OCR fallback"
Xitsonga Home Language,2025,2,Xitsonga,29,29,0,29,0,yes,https://www.education.gov.za/LinkClick.aspx?fileticket=-cp5NOuH-JE%3d&tabid=5475&portalid=0&mid=14222,https://www.education.gov.za/LinkClick.aspx?fileticket=gHFY93wT9m8%3d&tabid=5475&portalid=0&mid=14222,"MEMO_PDF_EXTRACTION_FAILED — re-ingest with force, or OCR fallback"
Electrical Technology,2025,1,English,29,105,72,29,0,yes,https://www.education.gov.za/LinkClick.aspx?fileticket=vGin6JyKMc8%3d&tabid=5475&portalid=0&mid=14236,https://www.education.gov.za/LinkClick.aspx?fileticket=TBBS8L6ni-s%3d&tabid=5475&portalid=0&mid=14236,"MEMO_PDF_EXTRACTION_FAILED — re-ingest with force, or OCR fallback"
Mechanical Technology,2015,1,English,29,103,72,29,0,yes,https://www.education.gov.za/LinkClick.aspx?fileticket=gy611kgDAvo%3d&tabid=979&portalid=0&mid=4291,https://www.education.gov.za/LinkClick.aspx?fileticket=GhPm_Q1r9so%3d&tabid=979&portalid=0&mid=4291,"MEMO_PDF_EXTRACTION_FAILED — re-ingest with force, or OCR fallback"
Agricultural Management Practices,2018,1,Afrikaans,29,91,68,29,0,yes,https://www.education.gov.za/LinkClick.aspx?fileticket=t7Sz-i_8ud0%3d&tabid=1920&portalid=0&mid=7577,https://www.education.gov.za/LinkClick.aspx?fileticket=UHBa-Bp3lrQ%3d&tabid=1920&portalid=0&mid=7577,"MEMO_PDF_EXTRACTION_FAILED — re-ingest with force, or OCR fallback"
Computer Applications Technology,2015,2,Afrikaans,29,117,75,29,0,yes,https://www.education.gov.za/LinkClick.aspx?fileticket=jKAgeugYG6M%3d&tabid=979&portalid=0&mid=4275,https://www.education.gov.za/LinkClick.aspx?fileticket=sRvUbrcXLv8%3d&tabid=979&portalid=0&mid=4275,"MEMO_PDF_EXTRACTION_FAILED — re-ingest with force, or OCR fallback"
Information Technology,2020,2,Afrikaans,29,112,74,29,0,yes,https://www.education.gov.za/LinkClick.aspx?fileticket=zp-FfJUSlXU%3d&tabid=2702&portalid=0&mid=9629,https://www.education.gov.za/LinkClick.aspx?fileticket=fHvJyp6qK6U%3d&tabid=2702&portalid=0&mid=9629,"MEMO_PDF_EXTRACTION_FAILED — re-ingest with force, or OCR fallback"
Consumer Studies,2016,1,Afrikaans,29,72,60,29,0,yes,https://www.education.gov.za/LinkClick.aspx?fileticket=WqKtF2Liq84%3d&tabid=1000&portalid=0&mid=4432,https://www.education.gov.za/LinkClick.aspx?fileticket=3Cu6mulXgnc%3d&tabid=1000&portalid=0&mid=4432,"MEMO_PDF_EXTRACTION_FAILED — re-ingest with force, or OCR fallback"
isiXhosa First Additional Language,2021,2,isiXhosa,29,142,80,29,0,yes,https://www.education.gov.za/LinkClick.aspx?fileticket=xElHwotJZpg%3d&tabid=2837&portalid=0&mid=10517,https://www.education.gov.za/LinkClick.aspx?fileticket=Y-OR6MyDStE%3d&tabid=2837&portalid=0&mid=10517,"MEMO_PDF_EXTRACTION_FAILED — re-ingest with force, or OCR fallback"
Hospitality Studies,2015,1,Afrikaans,29,112,74,29,0,yes,https://www.education.gov.za/LinkClick.aspx?fileticket=2SzqyQYhv8s%3d&tabid=979&portalid=0&mid=4286,https://www.education.gov.za/LinkClick.aspx?fileticket=hW259fU66z0%3d&tabid=979&portalid=0&mid=4286,"MEMO_PDF_EXTRACTION_FAILED — re-ingest with force, or OCR fallback"
Geography,2019,1,Afrikaans,29,157,82,29,0,yes,https://www.education.gov.za/LinkClick.aspx?fileticket=8G5rf3xgHS0%3d&tabid=2468&portalid=0&mid=8928,https://www.education.gov.za/LinkClick.aspx?fileticket=F5ozgjazJGU%3d&tabid=2468&portalid=0&mid=8928,"MEMO_PDF_EXTRACTION_FAILED — re-ingest with force, or OCR fallback"
Hospitality Studies,2024,1,Afrikaans,28,115,76,28,0,yes,https://www.education.gov.za/LinkClick.aspx?fileticket=9anaFYADLEY%3d&tabid=5193&portalid=0&mid=13719,https://www.education.gov.za/LinkClick.aspx?fileticket=_VOSmWPQuks%3d&tabid=5193&portalid=0&mid=13719,"MEMO_PDF_EXTRACTION_FAILED — re-ingest with force, or OCR fallback"
Sepedi Home Language,2017,2,Sepedi,28,28,0,28,0,yes,https://www.education.gov.za/LinkClick.aspx?fileticket=7-niUp3wi6s%3d&tabid=1686&portalid=0&mid=6737,https://www.education.gov.za/LinkClick.aspx?fileticket=AB4ozWR9JvQ%3d&tabid=1686&portalid=0&mid=6737,"MEMO_PDF_EXTRACTION_FAILED — re-ingest with force, or OCR fallback"
Consumer Studies,2019,1,Afrikaans,28,85,67,28,0,yes,https://www.education.gov.za/LinkClick.aspx?fileticket=ptnzGlgMets%3d&tabid=2468&portalid=0&mid=8783,https://www.education.gov.za/LinkClick.aspx?fileticket=FGdxicp3N0Y%3d&tabid=2468&portalid=0&mid=8783,"MEMO_PDF_EXTRACTION_FAILED — re-ingest with force, or OCR fallback"
Geography,2016,1,Afrikaans,28,100,72,28,0,yes,https://www.education.gov.za/LinkClick.aspx?fileticket=vkdNF3Mytc0%3d&tabid=1000&portalid=0&mid=4439,https://www.education.gov.za/LinkClick.aspx?fileticket=3Dp28ym0YrU%3d&tabid=1000&portalid=0&mid=4439,"MEMO_PDF_EXTRACTION_FAILED — re-ingest with force, or OCR fallback"
Life Orientation,2015,1,Afrikaans,28,28,0,0,28,yes,https://www.education.gov.za/LinkClick.aspx?fileticket=LWI3rpxIt6Q%3d&tabid=979&portalid=0&mid=4534,,MEMO_IN_CATALOG_NOT_LINKED — re-ingest with force to re-pair
Agricultural Technology,2015,1,Afrikaans,28,112,75,28,0,yes,https://www.education.gov.za/LinkClick.aspx?fileticket=o6NTgd9vYHE%3d&tabid=979&portalid=0&mid=4272,https://www.education.gov.za/LinkClick.aspx?fileticket=LF631ygjPDM%3d&tabid=979&portalid=0&mid=4272,"MEMO_PDF_EXTRACTION_FAILED — re-ingest with force, or OCR fallback"
Afrikaans Second Additional Language,2019,1,Afrikaans,28,107,74,28,0,yes,https://www.education.gov.za/LinkClick.aspx?fileticket=zluivfsxvpM%3d&tabid=2468&portalid=0&mid=8904,https://www.education.gov.za/LinkClick.aspx?fileticket=0SIMbz6_rzc%3d&tabid=2468&portalid=0&mid=8904,"MEMO_PDF_EXTRACTION_FAILED — re-ingest with force, or OCR fallback"
Sesotho Home Language,2023,2,Sesotho,28,28,0,28,0,yes,https://www.education.gov.za/LinkClick.aspx?fileticket=fg4V6pJwjjo%3d&tabid=4504&portalid=0&mid=12291,https://www.education.gov.za/LinkClick.aspx?fileticket=6_cmFaL1QHQ%3d&tabid=4504&portalid=0&mid=12291,"MEMO_PDF_EXTRACTION_FAILED — re-ingest with force, or OCR fallback"
Religion Studies,2020,1,Afrikaans,28,94,70,28,0,yes,https://www.education.gov.za/LinkClick.aspx?fileticket=4d4w3jdeAEM%3d&tabid=2702&portalid=0&mid=9660,https://www.education.gov.za/LinkClick.aspx?fileticket=QJj6biDRwIM%3d&tabid=2702&portalid=0&mid=9660,"MEMO_PDF_EXTRACTION_FAILED — re-ingest with force, or OCR fallback"
Agricultural Technology,2015,1,English,28,111,75,28,0,yes,https://www.education.gov.za/LinkClick.aspx?fileticket=K7w6woRNWdY%3d&tabid=979&portalid=0&mid=4272,https://www.education.gov.za/LinkClick.aspx?fileticket=YcW6vZFzLvk%3d&tabid=979&portalid=0&mid=4272,"MEMO_PDF_EXTRACTION_FAILED — re-ingest with force, or OCR fallback"
Agricultural Sciences,2018,2,English,28,106,74,28,0,yes,https://www.education.gov.za/LinkClick.aspx?fileticket=QUt-3MZytCw%3d&tabid=1920&portalid=0&mid=7578,https://www.education.gov.za/LinkClick.aspx?fileticket=Nv0qpNAxZPY%3d&tabid=1920&portalid=0&mid=7578,"MEMO_PDF_EXTRACTION_FAILED — re-ingest with force, or OCR fallback"
Consumer Studies,2019,1,English,28,85,67,28,0,yes,https://www.education.gov.za/LinkClick.aspx?fileticket=DNY87r5_3q0%3d&tabid=2468&portalid=0&mid=8783,https://www.education.gov.za/LinkClick.aspx?fileticket=bt-C4HgNPRo%3d&tabid=2468&portalid=0&mid=8783,"MEMO_PDF_EXTRACTION_FAILED — re-ingest with force, or OCR fallback"
Sepedi Home Language,2015,2,Sepedi,28,31,10,28,0,yes,https://www.education.gov.za/LinkClick.aspx?fileticket=gidWmKZSMtE%3d&tabid=979&portalid=0&mid=4303,https://www.education.gov.za/LinkClick.aspx?fileticket=1vT5mbzK2ts%3d&tabid=979&portalid=0&mid=4303,"MEMO_PDF_EXTRACTION_FAILED — re-ingest with force, or OCR fallback"
Life Orientation,2015,1,English,28,28,0,0,28,yes,https://www.education.gov.za/LinkClick.aspx?fileticket=1Ikz_lScRUI%3d&tabid=979&portalid=0&mid=4534,,MEMO_IN_CATALOG_NOT_LINKED — re-ingest with force to re-pair
English First Additional Language,2018,2,English,28,109,74,28,0,yes,https://www.education.gov.za/LinkClick.aspx?fileticket=qfpj5HlytRo%3d&tabid=1920&portalid=0&mid=7565,https://www.education.gov.za/LinkClick.aspx?fileticket=pvHTcY75U4E%3d&tabid=1920&portalid=0&mid=7565,"MEMO_PDF_EXTRACTION_FAILED — re-ingest with force, or OCR fallback"
Agricultural Management Practices,2018,1,English,27,91,70,27,0,yes,https://www.education.gov.za/LinkClick.aspx?fileticket=QGLInUi_CDM%3d&tabid=1920&portalid=0&mid=7577,https://www.education.gov.za/LinkClick.aspx?fileticket=QzhYeLvLXTY%3d&tabid=1920&portalid=0&mid=7577,"MEMO_PDF_EXTRACTION_FAILED — re-ingest with force, or OCR fallback"
Computer Applications Technology,2016,2,Afrikaans,27,115,77,27,0,yes,https://www.education.gov.za/LinkClick.aspx?fileticket=MwXPpEnbM7Q%3d&tabid=1000&portalid=0&mid=4431,https://www.education.gov.za/LinkClick.aspx?fileticket=ZvdgXDdDbSE%3d&tabid=1000&portalid=0&mid=4431,"MEMO_PDF_EXTRACTION_FAILED — re-ingest with force, or OCR fallback"
Computer Applications Technology,2019,2,Afrikaans,27,119,77,27,0,yes,https://www.education.gov.za/LinkClick.aspx?fileticket=eXr6KJ7W-MA%3d&tabid=2468&portalid=0&mid=8782,https://www.education.gov.za/LinkClick.aspx?fileticket=iLOdSoy3zU0%3d&tabid=2468&portalid=0&mid=8782,"MEMO_PDF_EXTRACTION_FAILED — re-ingest with force, or OCR fallback"
Music,2021,1,Afrikaans,27,96,72,27,0,yes,https://www.education.gov.za/LinkClick.aspx?fileticket=KfwEn_gORfM%3d&tabid=2837&portalid=0&mid=9917,https://www.education.gov.za/LinkClick.aspx?fileticket=kTT_WZH8_aY%3d&tabid=2837&portalid=0&mid=9917,"MEMO_PDF_EXTRACTION_FAILED — re-ingest with force, or OCR fallback"
Religion Studies,2015,1,Afrikaans,27,87,69,27,0,yes,https://www.education.gov.za/LinkClick.aspx?fileticket=u509XRSVMjU%3d&tabid=979&portalid=0&mid=4294,https://www.education.gov.za/LinkClick.aspx?fileticket=LuFnj7Ytk0M%3d&tabid=979&portalid=0&mid=4294,"MEMO_PDF_EXTRACTION_FAILED — re-ingest with force, or OCR fallback"
Agricultural Sciences,2021,2,English,27,101,73,27,0,yes,https://www.education.gov.za/LinkClick.aspx?fileticket=nmicpxrM_8U%3d&tabid=2837&portalid=0&mid=9896,https://www.education.gov.za/LinkClick.aspx?fileticket=7s04oCrPbow%3d&tabid=2837&portalid=0&mid=9896,"MEMO_PDF_EXTRACTION_FAILED — re-ingest with force, or OCR fallback"
English First Additional Language,2015,2,English,27,103,74,27,0,yes,https://www.education.gov.za/LinkClick.aspx?fileticket=EnGFZ3iyN9A%3d&tabid=979&portalid=0&mid=4299,https://www.education.gov.za/LinkClick.aspx?fileticket=KaJfHLaF3pw%3d&tabid=979&portalid=0&mid=4299,"MEMO_PDF_EXTRACTION_FAILED — re-ingest with force, or OCR fallback"
Religion Studies,2021,1,English,27,87,69,27,0,yes,https://www.education.gov.za/LinkClick.aspx?fileticket=wQKrYZ5iRfY%3d&tabid=2837&portalid=0&mid=9919,https://www.education.gov.za/LinkClick.aspx?fileticket=qiXXGXzs6GE%3d&tabid=2837&portalid=0&mid=9919,"MEMO_PDF_EXTRACTION_FAILED — re-ingest with force, or OCR fallback"
Agricultural Sciences,2023,2,Afrikaans,27,101,73,27,0,yes,https://www.education.gov.za/LinkClick.aspx?fileticket=6RA5EqDVFRg%3d&tabid=4504&portalid=0&mid=12298,https://www.education.gov.za/LinkClick.aspx?fileticket=WGIe1rRakJI%3d&tabid=4504&portalid=0&mid=12298,"MEMO_PDF_EXTRACTION_FAILED — re-ingest with force, or OCR fallback"
Xitsonga First Additional Language,2019,2,Xitsonga,27,27,0,27,0,yes,https://www.education.gov.za/LinkClick.aspx?fileticket=hliT3BNfbXM%3d&tabid=2468&portalid=0&mid=8922,https://www.education.gov.za/LinkClick.aspx?fileticket=HhIUdr70Zd4%3d&tabid=2468&portalid=0&mid=8922,"MEMO_PDF_EXTRACTION_FAILED — re-ingest with force, or OCR fallback"
Afrikaans First Additional Language,2023,2,Afrikaans,27,217,88,27,0,yes,https://www.education.gov.za/LinkClick.aspx?fileticket=6zYJrnDJM9U%3d&tabid=4504&portalid=0&mid=12283,https://www.education.gov.za/LinkClick.aspx?fileticket=Iwirl6OyreY%3d&tabid=4504&portalid=0&mid=12283,"MEMO_PDF_EXTRACTION_FAILED — re-ingest with force, or OCR fallback"
Music,2021,1,English,27,96,72,27,0,yes,https://www.education.gov.za/LinkClick.aspx?fileticket=o0_TuPojgq8%3d&tabid=2837&portalid=0&mid=9917,https://www.education.gov.za/LinkClick.aspx?fileticket=h2y9EcYGBLo%3d&tabid=2837&portalid=0&mid=9917,"MEMO_PDF_EXTRACTION_FAILED — re-ingest with force, or OCR fallback"
Xitsonga First Additional Language,2022,2,Xitsonga,27,27,0,27,0,yes,https://www.education.gov.za/LinkClick.aspx?fileticket=Z67d4HavdYc%3d&tabid=3138&portalid=0&mid=10552,https://www.education.gov.za/LinkClick.aspx?fileticket=XHhaDgdqz24%3d&tabid=3138&portalid=0&mid=10552,"MEMO_PDF_EXTRACTION_FAILED — re-ingest with force, or OCR fallback"
Agricultural Sciences,2024,1,Afrikaans,27,106,75,27,0,yes,https://www.education.gov.za/LinkClick.aspx?fileticket=3AkRqEXO76I%3d&tabid=4933&portalid=0&mid=13128,https://www.education.gov.za/LinkClick.aspx?fileticket=JvZxQ3U0Zgk%3d&tabid=4933&portalid=0&mid=13128,"MEMO_PDF_EXTRACTION_FAILED — re-ingest with force, or OCR fallback"
Religion Studies,2020,1,English,27,94,71,27,0,yes,https://www.education.gov.za/LinkClick.aspx?fileticket=xkdK75nNYE4%3d&tabid=2702&portalid=0&mid=9660,https://www.education.gov.za/LinkClick.aspx?fileticket=biOQcudPPR8%3d&tabid=2702&portalid=0&mid=9660,"MEMO_PDF_EXTRACTION_FAILED — re-ingest with force, or OCR fallback"
Agricultural Sciences,2021,2,Afrikaans,27,101,73,27,0,yes,https://www.education.gov.za/LinkClick.aspx?fileticket=9PiVM1FhTrg%3d&tabid=2837&portalid=0&mid=9896,https://www.education.gov.za/LinkClick.aspx?fileticket=WFGPHWzEyuU%3d&tabid=2837&portalid=0&mid=9896,"MEMO_PDF_EXTRACTION_FAILED — re-ingest with force, or OCR fallback"
Agricultural Sciences,2025,2,Afrikaans,27,114,76,27,0,yes,https://www.education.gov.za/LinkClick.aspx?fileticket=GzywJyYgor0%3d&tabid=5475&portalid=0&mid=14226,https://www.education.gov.za/LinkClick.aspx?fileticket=EmoIYn1U_jg%3d&tabid=5475&portalid=0&mid=14226,"MEMO_PDF_EXTRACTION_FAILED — re-ingest with force, or OCR fallback"
Technical Sciences,2023,1,English,27,71,62,27,0,yes,https://www.education.gov.za/LinkClick.aspx?fileticket=cF9_lckOfgM%3d&tabid=4504&portalid=0&mid=12324,https://www.education.gov.za/LinkClick.aspx?fileticket=uftYDO5mSi8%3d&tabid=4504&portalid=0&mid=12324,"MEMO_PDF_EXTRACTION_FAILED — re-ingest with force, or OCR fallback"
English First Additional Language,2023,2,English,27,104,74,27,0,yes,https://www.education.gov.za/LinkClick.aspx?fileticket=2jUodEAPUO0%3d&tabid=4504&portalid=0&mid=12284,https://www.education.gov.za/LinkClick.aspx?fileticket=Eb-XBkxfjhs%3d&tabid=4504&portalid=0&mid=12284,"MEMO_PDF_EXTRACTION_FAILED — re-ingest with force, or OCR fallback"
Religion Studies,2021,1,Afrikaans,27,87,69,27,0,yes,https://www.education.gov.za/LinkClick.aspx?fileticket=i2q-eBwV7WM%3d&tabid=2837&portalid=0&mid=9919,https://www.education.gov.za/LinkClick.aspx?fileticket=-nYPR-at8Z8%3d&tabid=2837&portalid=0&mid=9919,"MEMO_PDF_EXTRACTION_FAILED — re-ingest with force, or OCR fallback"
Tshivenda First Additional Language,2024,2,Tshivenda,27,106,75,27,0,yes,https://www.education.gov.za/LinkClick.aspx?fileticket=O44eazl80F0%3d&tabid=4933&portalid=0&mid=13123,https://www.education.gov.za/LinkClick.aspx?fileticket=tYlIq4sJG3s%3d&tabid=4933&portalid=0&mid=13123,"MEMO_PDF_EXTRACTION_FAILED — re-ingest with force, or OCR fallback"
Music,2017,1,Afrikaans,26,74,65,26,0,yes,https://www.education.gov.za/LinkClick.aspx?fileticket=vorGTAXvi2k%3d&tabid=1856&portalid=0&mid=7353,https://www.education.gov.za/LinkClick.aspx?fileticket=Go-H7hKiADY%3d&tabid=1856&portalid=0&mid=7353,"MEMO_PDF_EXTRACTION_FAILED — re-ingest with force, or OCR fallback"
Sesotho Home Language,2016,2,Sesotho,26,28,7,26,0,yes,https://www.education.gov.za/LinkClick.aspx?fileticket=0BV1CTiZm_E%3d&tabid=1000&portalid=0&mid=4419,https://www.education.gov.za/LinkClick.aspx?fileticket=NHOvScwAlCI%3d&tabid=1000&portalid=0&mid=4419,"MEMO_PDF_EXTRACTION_FAILED — re-ingest with force, or OCR fallback"
Agricultural Sciences,2025,2,English,26,113,77,26,0,yes,https://www.education.gov.za/LinkClick.aspx?fileticket=PmGd4YibMrM%3d&tabid=5475&portalid=0&mid=14226,https://www.education.gov.za/LinkClick.aspx?fileticket=cLTEwG6XnBI%3d&tabid=5475&portalid=0&mid=14226,"MEMO_PDF_EXTRACTION_FAILED — re-ingest with force, or OCR fallback"
Sepedi First Additional Language,2015,2,Sepedi,26,26,0,26,0,yes,https://www.education.gov.za/LinkClick.aspx?fileticket=k22dNBQ4s6k%3d&tabid=979&portalid=0&mid=4303,https://www.education.gov.za/LinkClick.aspx?fileticket=mrx7ztv_FTc%3d&tabid=979&portalid=0&mid=4303,"MEMO_PDF_EXTRACTION_FAILED — re-ingest with force, or OCR fallback"
Agricultural Sciences,2023,2,English,26,101,74,26,0,yes,https://www.education.gov.za/LinkClick.aspx?fileticket=2oLUAk2JTy4%3d&tabid=4504&portalid=0&mid=12298,https://www.education.gov.za/LinkClick.aspx?fileticket=jg9GeJkYK9o%3d&tabid=4504&portalid=0&mid=12298,"MEMO_PDF_EXTRACTION_FAILED — re-ingest with force, or OCR fallback"
Agricultural Technology,2016,1,English,26,101,74,26,0,yes,https://www.education.gov.za/LinkClick.aspx?fileticket=vLo51dGGS4c%3d&tabid=1000&portalid=0&mid=4428,https://www.education.gov.za/LinkClick.aspx?fileticket=yV6FIsQRt3s%3d&tabid=1000&portalid=0&mid=4428,"MEMO_PDF_EXTRACTION_FAILED — re-ingest with force, or OCR fallback"
Sepedi Home Language,2025,2,Sepedi,26,29,10,26,0,yes,https://www.education.gov.za/LinkClick.aspx?fileticket=k0FyvxObIbA%3d&tabid=5475&portalid=0&mid=14217,https://www.education.gov.za/LinkClick.aspx?fileticket=4PmUBoRqHqQ%3d&tabid=5475&portalid=0&mid=14217,"MEMO_PDF_EXTRACTION_FAILED — re-ingest with force, or OCR fallback"
Business Studies,2017,1,Afrikaans,26,118,78,26,0,yes,https://www.education.gov.za/LinkClick.aspx?fileticket=6qqlGa-qeUE%3d&tabid=1686&portalid=0&mid=6746,https://www.education.gov.za/LinkClick.aspx?fileticket=WJlGSXYPFbg%3d&tabid=1686&portalid=0&mid=6746,"MEMO_PDF_EXTRACTION_FAILED — re-ingest with force, or OCR fallback"
Hospitality Studies,2024,1,English,26,117,78,26,0,yes,https://www.education.gov.za/LinkClick.aspx?fileticket=fbJUNeVm4_c%3d&tabid=5193&portalid=0&mid=13719,https://www.education.gov.za/LinkClick.aspx?fileticket=1WZ1zWxldKw%3d&tabid=5193&portalid=0&mid=13719,"MEMO_PDF_EXTRACTION_FAILED — re-ingest with force, or OCR fallback"
Hospitality Studies,2025,1,Afrikaans,26,105,75,26,0,yes,https://www.education.gov.za/LinkClick.aspx?fileticket=hXQyKHBEThk%3d&tabid=5475&portalid=0&mid=14240,https://www.education.gov.za/LinkClick.aspx?fileticket=atBKS2O_AR0%3d&tabid=5475&portalid=0&mid=14240,"MEMO_PDF_EXTRACTION_FAILED — re-ingest with force, or OCR fallback"
Civil technology,2016,1,English,26,109,76,26,0,yes,https://www.education.gov.za/LinkClick.aspx?fileticket=iT3FiBzteEI%3d&tabid=1000&portalid=0&mid=4430,https://www.education.gov.za/LinkClick.aspx?fileticket=G7WjwxxxeLM%3d&tabid=1000&portalid=0&mid=4430,"MEMO_PDF_EXTRACTION_FAILED — re-ingest with force, or OCR fallback"
isiXhosa First Additional Language,2023,2,isiXhosa,26,149,83,26,0,yes,https://www.education.gov.za/LinkClick.aspx?fileticket=JhRvT0DYM9M%3d&tabid=4504&portalid=0&mid=12286,https://www.education.gov.za/LinkClick.aspx?fileticket=-gH6xXAKsAc%3d&tabid=4504&portalid=0&mid=12286,"MEMO_PDF_EXTRACTION_FAILED — re-ingest with force, or OCR fallback"
Agricultural Technology,2018,1,Afrikaans,26,91,71,26,0,yes,https://www.education.gov.za/LinkClick.aspx?fileticket=6_vpKJUv8cc%3d&tabid=1920&portalid=0&mid=7579,https://www.education.gov.za/LinkClick.aspx?fileticket=IFhXUxIlBh0%3d&tabid=1920&portalid=0&mid=7579,"MEMO_PDF_EXTRACTION_FAILED — re-ingest with force, or OCR fallback"
Sepedi Home Language,2019,2,Sepedi,26,28,7,26,0,yes,https://www.education.gov.za/LinkClick.aspx?fileticket=SaKhsJggO8Q%3d&tabid=2468&portalid=0&mid=8914,https://www.education.gov.za/LinkClick.aspx?fileticket=CY8QQ8xgYLk%3d&tabid=2468&portalid=0&mid=8914,"MEMO_PDF_EXTRACTION_FAILED — re-ingest with force, or OCR fallback"
Hospitality Studies,2022,1,Afrikaans,25,108,77,25,0,yes,https://www.education.gov.za/LinkClick.aspx?fileticket=y6XdmD-jo-I%3d&tabid=3138&portalid=0&mid=10570,https://www.education.gov.za/LinkClick.aspx?fileticket=Fi5GrGsB5a0%3d&tabid=3138&portalid=0&mid=10570,"MEMO_PDF_EXTRACTION_FAILED — re-ingest with force, or OCR fallback"
Computer Applications Technology,2022,2,English,25,112,78,25,0,yes,https://www.education.gov.za/LinkClick.aspx?fileticket=fL38kM2a5gY%3d&tabid=3138&portalid=0&mid=10560,https://www.education.gov.za/LinkClick.aspx?fileticket=UDvceXiA6Xo%3d&tabid=3138&portalid=0&mid=10560,"MEMO_PDF_EXTRACTION_FAILED — re-ingest with force, or OCR fallback"
Religion Studies,2019,1,English,25,77,68,25,0,yes,https://www.education.gov.za/LinkClick.aspx?fileticket=WvZWzGx81Zo%3d&tabid=2468&portalid=0&mid=8942,https://www.education.gov.za/LinkClick.aspx?fileticket=iDev_fLxeQ4%3d&tabid=2468&portalid=0&mid=8942,"MEMO_PDF_EXTRACTION_FAILED — re-ingest with force, or OCR fallback"
Dance studies,2022,1,English,25,34,26,25,0,yes,https://www.education.gov.za/LinkClick.aspx?fileticket=SmSxaPRf7fI%3d&tabid=3138&portalid=0&mid=10562,https://www.education.gov.za/LinkClick.aspx?fileticket=N--Q5Z6m-U4%3d&tabid=3138&portalid=0&mid=10562,"MEMO_PDF_EXTRACTION_FAILED — re-ingest with force, or OCR fallback"
Agricultural Sciences,2024,2,English,25,85,71,25,0,yes,https://www.education.gov.za/LinkClick.aspx?fileticket=f-y9A6msGco%3d&tabid=4933&portalid=0&mid=13128,https://www.education.gov.za/LinkClick.aspx?fileticket=OcK6oZ5UULc%3d&tabid=4933&portalid=0&mid=13128,"MEMO_PDF_EXTRACTION_FAILED — re-ingest with force, or OCR fallback"
Mechanical Technology,2015,1,Afrikaans,25,103,76,25,0,yes,https://www.education.gov.za/LinkClick.aspx?fileticket=pj8Qt-JQogk%3d&tabid=979&portalid=0&mid=4291,https://www.education.gov.za/LinkClick.aspx?fileticket=NeD02INGWRM%3d&tabid=979&portalid=0&mid=4291,"MEMO_PDF_EXTRACTION_FAILED — re-ingest with force, or OCR fallback"
Music,2017,1,English,25,73,66,25,0,yes,https://www.education.gov.za/LinkClick.aspx?fileticket=6D4gJWlEiPQ%3d&tabid=1856&portalid=0&mid=7353,https://www.education.gov.za/LinkClick.aspx?fileticket=QrYV0rGV13o%3d&tabid=1856&portalid=0&mid=7353,"MEMO_PDF_EXTRACTION_FAILED — re-ingest with force, or OCR fallback"
Sepedi Home Language,2020,2,Sepedi,25,25,0,25,0,yes,https://www.education.gov.za/LinkClick.aspx?fileticket=1IF5z9pQ95U%3d&tabid=2702&portalid=0&mid=10164,https://www.education.gov.za/LinkClick.aspx?fileticket=5v-R6MOu0gc%3d&tabid=2702&portalid=0&mid=10164,"MEMO_PDF_EXTRACTION_FAILED — re-ingest with force, or OCR fallback"
Computer Applications Technology,2021,2,Afrikaans,25,114,78,25,0,yes,https://www.education.gov.za/LinkClick.aspx?fileticket=bnevejjbMqk%3d&tabid=2837&portalid=0&mid=9901,https://www.education.gov.za/LinkClick.aspx?fileticket=pvB8OGdSqkk%3d&tabid=2837&portalid=0&mid=9901,"MEMO_PDF_EXTRACTION_FAILED — re-ingest with force, or OCR fallback"
Mechanical Technology,2017,1,English,25,101,75,25,0,yes,https://www.education.gov.za/LinkClick.aspx?fileticket=OSTrLu0LXaw%3d&tabid=1856&portalid=0&mid=7352,https://www.education.gov.za/LinkClick.aspx?fileticket=ljg7Ae6NVR4%3d&tabid=1856&portalid=0&mid=7352,"MEMO_PDF_EXTRACTION_FAILED — re-ingest with force, or OCR fallback"
Religion Studies,2019,1,Afrikaans,25,77,68,25,0,yes,https://www.education.gov.za/LinkClick.aspx?fileticket=WoOZBxSIJMc%3d&tabid=2468&portalid=0&mid=8942,https://www.education.gov.za/LinkClick.aspx?fileticket=Ahemd9N2d78%3d&tabid=2468&portalid=0&mid=8942,"MEMO_PDF_EXTRACTION_FAILED — re-ingest with force, or OCR fallback"
Sesotho Home Language,2017,2,Sesotho,25,27,7,25,0,yes,https://www.education.gov.za/LinkClick.aspx?fileticket=sqeEwp496Qc%3d&tabid=1686&portalid=0&mid=6738,https://www.education.gov.za/LinkClick.aspx?fileticket=IeEG6qjRX0Y%3d&tabid=1686&portalid=0&mid=6738,"MEMO_PDF_EXTRACTION_FAILED — re-ingest with force, or OCR fallback"
Sesotho Home Language,2015,2,Sesotho,25,25,0,25,0,yes,https://www.education.gov.za/LinkClick.aspx?fileticket=RMlSZzbQzOY%3d&tabid=979&portalid=0&mid=4304,https://www.education.gov.za/LinkClick.aspx?fileticket=hKvc6aTxnJI%3d&tabid=979&portalid=0&mid=4304,"MEMO_PDF_EXTRACTION_FAILED — re-ingest with force, or OCR fallback"
Sepedi Home Language,2018,2,Sepedi,25,28,11,25,0,yes,https://www.education.gov.za/LinkClick.aspx?fileticket=9K0C8nAlkj0%3d&tabid=1920&portalid=0&mid=7569,https://www.education.gov.za/LinkClick.aspx?fileticket=Dvui19N7pDQ%3d&tabid=1920&portalid=0&mid=7569,"MEMO_PDF_EXTRACTION_FAILED — re-ingest with force, or OCR fallback"
Civil technology,2016,1,Afrikaans,25,108,77,25,0,yes,https://www.education.gov.za/LinkClick.aspx?fileticket=k35o2ICGZzU%3d&tabid=1000&portalid=0&mid=4430,https://www.education.gov.za/LinkClick.aspx?fileticket=8w5B86aLb2Y%3d&tabid=1000&portalid=0&mid=4430,"MEMO_PDF_EXTRACTION_FAILED — re-ingest with force, or OCR fallback"
Agricultural Sciences,2024,1,English,25,105,76,25,0,yes,https://www.education.gov.za/LinkClick.aspx?fileticket=kfx2vVo3OgU%3d&tabid=4933&portalid=0&mid=13128,https://www.education.gov.za/LinkClick.aspx?fileticket=oCLA2ZkclEU%3d&tabid=4933&portalid=0&mid=13128,"MEMO_PDF_EXTRACTION_FAILED — re-ingest with force, or OCR fallback"
Marine Sciences,2023,2,Afrikaans,25,64,61,25,0,yes,https://www.education.gov.za/LinkClick.aspx?fileticket=ncpjguP0Kkc%3d&tabid=4682&portalid=0&mid=12682,https://www.education.gov.za/LinkClick.aspx?fileticket=Qtg57dpZMhM%3d&tabid=4682&portalid=0&mid=12682,"MEMO_PDF_EXTRACTION_FAILED — re-ingest with force, or OCR fallback"
Marine Sciences,2023,2,English,25,64,61,25,0,yes,https://www.education.gov.za/LinkClick.aspx?fileticket=uqLPmlsjXWY%3d&tabid=4682&portalid=0&mid=12682,https://www.education.gov.za/LinkClick.aspx?fileticket=pyM8DKw-gCE%3d&tabid=4682&portalid=0&mid=12682,"MEMO_PDF_EXTRACTION_FAILED — re-ingest with force, or OCR fallback"
Consumer Studies,2020,1,Afrikaans,25,188,87,25,0,yes,https://www.education.gov.za/LinkClick.aspx?fileticket=boqaYsGzLiU%3d&tabid=2702&portalid=0&mid=9619,https://www.education.gov.za/LinkClick.aspx?fileticket=DkpmmCd-hA4%3d&tabid=2702&portalid=0&mid=9619,"MEMO_PDF_EXTRACTION_FAILED — re-ingest with force, or OCR fallback"
Agricultural Management Practices,2015,1,Afrikaans,25,84,70,25,0,yes,https://www.education.gov.za/LinkClick.aspx?fileticket=5HqdhRKPQLM%3d&tabid=979&portalid=0&mid=4273,https://www.education.gov.za/LinkClick.aspx?fileticket=TNrIAZr_kls%3d&tabid=979&portalid=0&mid=4273,"MEMO_PDF_EXTRACTION_FAILED — re-ingest with force, or OCR fallback"
Hospitality Studies,2023,1,Afrikaans,25,106,76,25,0,yes,https://www.education.gov.za/LinkClick.aspx?fileticket=9evA7Nlv6N4%3d&tabid=4504&portalid=0&mid=12312,https://www.education.gov.za/LinkClick.aspx?fileticket=VYbQljQeMgU%3d&tabid=4504&portalid=0&mid=12312,"MEMO_PDF_EXTRACTION_FAILED — re-ingest with force, or OCR fallback"
Agricultural Technology,2019,1,Afrikaans,25,92,73,25,0,yes,https://www.education.gov.za/LinkClick.aspx?fileticket=dyDkpnlmNKw%3d&tabid=2468&portalid=0&mid=8779,https://www.education.gov.za/LinkClick.aspx?fileticket=YErNmJu98-Q%3d&tabid=2468&portalid=0&mid=8779,"MEMO_PDF_EXTRACTION_FAILED — re-ingest with force, or OCR fallback"
Xitsonga First Additional Language,2025,2,Xitsonga,25,25,0,25,0,yes,https://www.education.gov.za/LinkClick.aspx?fileticket=QFQ5O9MoBt0%3d&tabid=5475&portalid=0&mid=14222,https://www.education.gov.za/LinkClick.aspx?fileticket=L6w3hak-2xU%3d&tabid=5475&portalid=0&mid=14222,"MEMO_PDF_EXTRACTION_FAILED — re-ingest with force, or OCR fallback"
Information Technology,2015,2,English,25,100,75,25,0,yes,https://www.education.gov.za/LinkClick.aspx?fileticket=B3Tyw-lVggw%3d&tabid=979&portalid=0&mid=4287,https://www.education.gov.za/LinkClick.aspx?fileticket=mXcGdmj0LMU%3d&tabid=979&portalid=0&mid=4287,"MEMO_PDF_EXTRACTION_FAILED — re-ingest with force, or OCR fallback"
Computer Applications Technology,2021,2,English,25,114,78,25,0,yes,https://www.education.gov.za/LinkClick.aspx?fileticket=2uIbKp2y3Fk%3d&tabid=2837&portalid=0&mid=9901,https://www.education.gov.za/LinkClick.aspx?fileticket=s6yl3Pz0oTg%3d&tabid=2837&portalid=0&mid=9901,"MEMO_PDF_EXTRACTION_FAILED — re-ingest with force, or OCR fallback"
Civil Technology,2021,1,Afrikaans,25,94,73,25,0,yes,https://www.education.gov.za/LinkClick.aspx?fileticket=VrG-IkPhwrs%3d&tabid=2837&portalid=0&mid=9900,https://www.education.gov.za/LinkClick.aspx?fileticket=BnRDIGhq3Gs%3d&tabid=2837&portalid=0&mid=9900,"MEMO_PDF_EXTRACTION_FAILED — re-ingest with force, or OCR fallback"
Agricultural Sciences,2022,1,Afrikaans,25,105,76,25,0,yes,https://www.education.gov.za/LinkClick.aspx?fileticket=zp8sgCHz6pc%3d&tabid=3138&portalid=0&mid=10556,https://www.education.gov.za/LinkClick.aspx?fileticket=pI1IsuWDS-I%3d&tabid=3138&portalid=0&mid=10556,"MEMO_PDF_EXTRACTION_FAILED — re-ingest with force, or OCR fallback"
Agricultural Management Practices,2024,1,Afrikaans,25,94,73,25,0,yes,https://www.education.gov.za/LinkClick.aspx?fileticket=RvPr_0RBprY%3d&tabid=4933&portalid=0&mid=13127,https://www.education.gov.za/LinkClick.aspx?fileticket=PP0zB0VFidQ%3d&tabid=4933&portalid=0&mid=13127,"MEMO_PDF_EXTRACTION_FAILED — re-ingest with force, or OCR fallback"
Information Technology,2025,2,Afrikaans,25,112,78,25,0,yes,https://www.education.gov.za/LinkClick.aspx?fileticket=fokJRRmyj-E%3d&tabid=5475&portalid=0&mid=14241,https://www.education.gov.za/LinkClick.aspx?fileticket=cCqKboYKIjg%3d&tabid=5475&portalid=0&mid=14241,"MEMO_PDF_EXTRACTION_FAILED — re-ingest with force, or OCR fallback"
Mechanical Technology,2017,1,Afrikaans,25,101,75,25,0,yes,https://www.education.gov.za/LinkClick.aspx?fileticket=QGL5nbDYg94%3d&tabid=1856&portalid=0&mid=7352,https://www.education.gov.za/LinkClick.aspx?fileticket=NsLxnPmfz4c%3d&tabid=1856&portalid=0&mid=7352,"MEMO_PDF_EXTRACTION_FAILED — re-ingest with force, or OCR fallback"
Business Studies,2017,1,English,25,118,79,25,0,yes,https://www.education.gov.za/LinkClick.aspx?fileticket=FZpjJMJaTCo%3d&tabid=1686&portalid=0&mid=6746,https://www.education.gov.za/LinkClick.aspx?fileticket=BB1cb7Tzpis%3d&tabid=1686&portalid=0&mid=6746,"MEMO_PDF_EXTRACTION_FAILED — re-ingest with force, or OCR fallback"
Computer Applications Technology,2022,2,Afrikaans,25,112,78,25,0,yes,https://www.education.gov.za/LinkClick.aspx?fileticket=APchQZPehOg%3d&tabid=3138&portalid=0&mid=10560,https://www.education.gov.za/LinkClick.aspx?fileticket=NTMN4_abJmw%3d&tabid=3138&portalid=0&mid=10560,"MEMO_PDF_EXTRACTION_FAILED — re-ingest with force, or OCR fallback"
Computer Applications Technology,2018,2,Afrikaans,24,114,79,24,0,yes,https://www.education.gov.za/LinkClick.aspx?fileticket=DJ8pXgBdM2U%3d&tabid=1920&portalid=0&mid=7582,https://www.education.gov.za/LinkClick.aspx?fileticket=Y0CJ7RTPuuo%3d&tabid=1920&portalid=0&mid=7582,"MEMO_PDF_EXTRACTION_FAILED — re-ingest with force, or OCR fallback"
Agricultural Technology,2025,1,English,24,83,71,24,0,yes,https://www.education.gov.za/LinkClick.aspx?fileticket=QMO9h0YVprI%3d&tabid=5475&portalid=0&mid=14227,https://www.education.gov.za/LinkClick.aspx?fileticket=CXNZXnjTb08%3d&tabid=5475&portalid=0&mid=14227,"MEMO_PDF_EXTRACTION_FAILED — re-ingest with force, or OCR fallback"
Afrikaans Second Additional Language,2022,2,Afrikaans,24,78,69,24,0,yes,https://www.education.gov.za/LinkClick.aspx?fileticket=WZmZoYHQIb8%3d&tabid=3138&portalid=0&mid=10542,https://www.education.gov.za/LinkClick.aspx?fileticket=TEh9dBdKWys%3d&tabid=3138&portalid=0&mid=10542,"MEMO_PDF_EXTRACTION_FAILED — re-ingest with force, or OCR fallback"
Religion Studies,2024,1,Afrikaans,24,85,72,24,0,yes,https://www.education.gov.za/LinkClick.aspx?fileticket=PVY7xeqrx18%3d&tabid=4933&portalid=0&mid=13150,https://www.education.gov.za/LinkClick.aspx?fileticket=gbZsc77RXZM%3d&tabid=4933&portalid=0&mid=13150,"MEMO_PDF_EXTRACTION_FAILED — re-ingest with force, or OCR fallback"
Hospitality Studies,2021,1,Afrikaans,24,91,74,24,0,yes,https://www.education.gov.za/LinkClick.aspx?fileticket=5slFKqx7Rvo%3d&tabid=2837&portalid=0&mid=9911,https://www.education.gov.za/LinkClick.aspx?fileticket=2Me7geyjx9Q%3d&tabid=2837&portalid=0&mid=9911,"MEMO_PDF_EXTRACTION_FAILED — re-ingest with force, or OCR fallback"
Computer Applications Technology,2023,2,Afrikaans,24,112,79,24,0,yes,https://www.education.gov.za/LinkClick.aspx?fileticket=PR_QToRBkKY%3d&tabid=4504&portalid=0&mid=12302,https://www.education.gov.za/LinkClick.aspx?fileticket=5kdWiP8WCho%3d&tabid=4504&portalid=0&mid=12302,"MEMO_PDF_EXTRACTION_FAILED — re-ingest with force, or OCR fallback"
Computer Applications Technology,2018,2,English,24,114,79,24,0,yes,https://www.education.gov.za/LinkClick.aspx?fileticket=lp-cEah--zY%3d&tabid=1920&portalid=0&mid=7582,https://www.education.gov.za/LinkClick.aspx?fileticket=8Ewcoa1DdYo%3d&tabid=1920&portalid=0&mid=7582,"MEMO_PDF_EXTRACTION_FAILED — re-ingest with force, or OCR fallback"
Agricultural Sciences,2025,1,Afrikaans,24,113,79,24,0,yes,https://www.education.gov.za/LinkClick.aspx?fileticket=cOUYFy0AhME%3d&tabid=5475&portalid=0&mid=14226,https://www.education.gov.za/LinkClick.aspx?fileticket=be7N9XfWsfg%3d&tabid=5475&portalid=0&mid=14226,"MEMO_PDF_EXTRACTION_FAILED — re-ingest with force, or OCR fallback"
Marine Sciences,2024,1,English,24,63,62,24,0,yes,https://www.education.gov.za/LinkClick.aspx?fileticket=O9hcI5lWDMQ%3d&tabid=5193&portalid=0&mid=13725,https://www.education.gov.za/LinkClick.aspx?fileticket=mslTaqPSieQ%3d&tabid=5193&portalid=0&mid=13725,"MEMO_PDF_EXTRACTION_FAILED — re-ingest with force, or OCR fallback"
Hospitality Studies,2025,1,English,24,103,77,24,0,yes,https://www.education.gov.za/LinkClick.aspx?fileticket=CXmkustwah4%3d&tabid=5475&portalid=0&mid=14240,https://www.education.gov.za/LinkClick.aspx?fileticket=wUzG705WXMI%3d&tabid=5475&portalid=0&mid=14240,"MEMO_PDF_EXTRACTION_FAILED — re-ingest with force, or OCR fallback"
Agricultural Management Practices,2015,1,English,24,84,71,24,0,yes,https://www.education.gov.za/LinkClick.aspx?fileticket=g7G59S-Uq34%3d&tabid=979&portalid=0&mid=4273,https://www.education.gov.za/LinkClick.aspx?fileticket=SWPOFA3GCGg%3d&tabid=979&portalid=0&mid=4273,"MEMO_PDF_EXTRACTION_FAILED — re-ingest with force, or OCR fallback"
Computer Applications Technology,2023,2,English,24,112,79,24,0,yes,https://www.education.gov.za/LinkClick.aspx?fileticket=NmoxUIPy3wE%3d&tabid=4504&portalid=0&mid=12302,https://www.education.gov.za/LinkClick.aspx?fileticket=AS2MqjQ9woc%3d&tabid=4504&portalid=0&mid=12302,"MEMO_PDF_EXTRACTION_FAILED — re-ingest with force, or OCR fallback"
Dance studies,2024,1,English,24,43,44,24,0,yes,https://www.education.gov.za/LinkClick.aspx?fileticket=DjB0RiRlgg8%3d&tabid=4933&portalid=0&mid=13134,https://www.education.gov.za/LinkClick.aspx?fileticket=dqZZICx0cxk%3d&tabid=4933&portalid=0&mid=13134,"MEMO_PDF_EXTRACTION_FAILED — re-ingest with force, or OCR fallback"
Agricultural Sciences,2020,1,English,24,105,77,24,0,yes,https://www.education.gov.za/LinkClick.aspx?fileticket=obiAcqmZT6I%3d&tabid=2702&portalid=0&mid=9614,https://www.education.gov.za/LinkClick.aspx?fileticket=3IiF0wAhYzs%3d&tabid=2702&portalid=0&mid=9614,"MEMO_PDF_EXTRACTION_FAILED — re-ingest with force, or OCR fallback"
Religion Studies,2025,1,English,24,79,70,24,0,yes,https://www.education.gov.za/LinkClick.aspx?fileticket=5PErqVyIoaQ%3d&tabid=5742&portalid=0&mid=14849,https://www.education.gov.za/LinkClick.aspx?fileticket=yCihY6Fc3gs%3d&tabid=5742&portalid=0&mid=14849,"MEMO_PDF_EXTRACTION_FAILED — re-ingest with force, or OCR fallback"
Agricultural Technology,2019,1,English,24,91,74,24,0,yes,https://www.education.gov.za/LinkClick.aspx?fileticket=0Njrw_VlzI0%3d&tabid=2468&portalid=0&mid=8779,https://www.education.gov.za/LinkClick.aspx?fileticket=-ZQn-z_4bJA%3d&tabid=2468&portalid=0&mid=8779,"MEMO_PDF_EXTRACTION_FAILED — re-ingest with force, or OCR fallback"
Agricultural Sciences,2020,2,Afrikaans,24,78,69,24,0,yes,https://www.education.gov.za/LinkClick.aspx?fileticket=HbbASnrthAc%3d&tabid=2702&portalid=0&mid=9614,https://www.education.gov.za/LinkClick.aspx?fileticket=bKRIjkCcr8g%3d&tabid=2702&portalid=0&mid=9614,"MEMO_PDF_EXTRACTION_FAILED — re-ingest with force, or OCR fallback"
Religion Studies,2024,1,English,24,85,72,24,0,yes,https://www.education.gov.za/LinkClick.aspx?fileticket=Iwn1Ut_QOyY%3d&tabid=4933&portalid=0&mid=13150,https://www.education.gov.za/LinkClick.aspx?fileticket=A5BvteWMpto%3d&tabid=4933&portalid=0&mid=13150,"MEMO_PDF_EXTRACTION_FAILED — re-ingest with force, or OCR fallback"
Agricultural Technology,2025,1,Afrikaans,24,83,71,24,0,yes,https://www.education.gov.za/LinkClick.aspx?fileticket=6TyrjzkANk4%3d&tabid=5475&portalid=0&mid=14227,https://www.education.gov.za/LinkClick.aspx?fileticket=UvUfXysZb2w%3d&tabid=5475&portalid=0&mid=14227,"MEMO_PDF_EXTRACTION_FAILED — re-ingest with force, or OCR fallback"
Information Technology,2025,2,English,24,112,79,24,0,yes,https://www.education.gov.za/LinkClick.aspx?fileticket=eWoRWA2sOWQ%3d&tabid=5475&portalid=0&mid=14241,https://www.education.gov.za/LinkClick.aspx?fileticket=16pSvHH5LAA%3d&tabid=5475&portalid=0&mid=14241,"MEMO_PDF_EXTRACTION_FAILED — re-ingest with force, or OCR fallback"
Agricultural Management Practices,2024,1,English,24,94,74,24,0,yes,https://www.education.gov.za/LinkClick.aspx?fileticket=ozh0-nruofk%3d&tabid=4933&portalid=0&mid=13127,https://www.education.gov.za/LinkClick.aspx?fileticket=y89_SG5SxWg%3d&tabid=4933&portalid=0&mid=13127,"MEMO_PDF_EXTRACTION_FAILED — re-ingest with force, or OCR fallback"
Dance studies,2024,1,Afrikaans,24,43,44,24,0,yes,https://www.education.gov.za/LinkClick.aspx?fileticket=uqct-kw69DY%3d&tabid=4933&portalid=0&mid=13134,https://www.education.gov.za/LinkClick.aspx?fileticket=T6YyQHFtnRs%3d&tabid=4933&portalid=0&mid=13134,"MEMO_PDF_EXTRACTION_FAILED — re-ingest with force, or OCR fallback"
Agricultural Sciences,2022,2,English,24,104,77,24,0,yes,https://www.education.gov.za/LinkClick.aspx?fileticket=Zt8UZPLC59Y%3d&tabid=3138&portalid=0&mid=10556,https://www.education.gov.za/LinkClick.aspx?fileticket=3AENrGWYquY%3d&tabid=3138&portalid=0&mid=10556,"MEMO_PDF_EXTRACTION_FAILED — re-ingest with force, or OCR fallback"
Agricultural Management Practices,2025,1,Afrikaans,24,85,72,24,0,yes,https://www.education.gov.za/LinkClick.aspx?fileticket=WU0nkKH5LbU%3d&tabid=5475&portalid=0&mid=14225,https://www.education.gov.za/LinkClick.aspx?fileticket=vlmqfc1blxs%3d&tabid=5475&portalid=0&mid=14225,"MEMO_PDF_EXTRACTION_FAILED — re-ingest with force, or OCR fallback"
Agricultural Sciences,2019,2,Afrikaans,23,94,76,23,0,yes,https://www.education.gov.za/LinkClick.aspx?fileticket=UDc6VLKv9gw%3d&tabid=2468&portalid=0&mid=8778,https://www.education.gov.za/LinkClick.aspx?fileticket=zSrAQ-1RnUE%3d&tabid=2468&portalid=0&mid=8778,"MEMO_PDF_EXTRACTION_FAILED — re-ingest with force, or OCR fallback"
Agricultural Sciences,2019,2,English,23,94,76,23,0,yes,https://www.education.gov.za/LinkClick.aspx?fileticket=rRYo9BGmEeg%3d&tabid=2468&portalid=0&mid=8778,https://www.education.gov.za/LinkClick.aspx?fileticket=IGVoEMLcY-g%3d&tabid=2468&portalid=0&mid=8778,"MEMO_PDF_EXTRACTION_FAILED — re-ingest with force, or OCR fallback"
Afrikaans Second Additional Language,2024,1,Afrikaans,23,78,71,23,0,yes,https://www.education.gov.za/LinkClick.aspx?fileticket=RGKAE71s5fA%3d&tabid=4933&portalid=0&mid=13113,https://www.education.gov.za/LinkClick.aspx?fileticket=jj04oMALr0U%3d&tabid=4933&portalid=0&mid=13113,"MEMO_PDF_EXTRACTION_FAILED — re-ingest with force, or OCR fallback"
Hospitality Studies,2021,1,English,23,91,75,23,0,yes,https://www.education.gov.za/LinkClick.aspx?fileticket=hqVX0UArRLg%3d&tabid=2837&portalid=0&mid=9911,https://www.education.gov.za/LinkClick.aspx?fileticket=nUlvmdFsEGQ%3d&tabid=2837&portalid=0&mid=9911,"MEMO_PDF_EXTRACTION_FAILED — re-ingest with force, or OCR fallback"
Afrikaans Home Language,2024,2,Afrikaans,23,152,85,23,0,yes,https://www.education.gov.za/LinkClick.aspx?fileticket=9fx2O6QandU%3d&tabid=4933&portalid=0&mid=13113,https://www.education.gov.za/LinkClick.aspx?fileticket=ggP78lsqbsc%3d&tabid=4933&portalid=0&mid=13113,"MEMO_PDF_EXTRACTION_FAILED — re-ingest with force, or OCR fallback"
Hospitality Studies,2022,1,English,23,108,79,23,0,yes,https://www.education.gov.za/LinkClick.aspx?fileticket=7Jo5JZDx2Ko%3d&tabid=3138&portalid=0&mid=10570,https://www.education.gov.za/LinkClick.aspx?fileticket=B4FOxqT9UhU%3d&tabid=3138&portalid=0&mid=10570,"MEMO_PDF_EXTRACTION_FAILED — re-ingest with force, or OCR fallback"
Civil Technology,2019,1,Afrikaans,23,73,68,23,0,yes,https://www.education.gov.za/LinkClick.aspx?fileticket=QQhv7fTbkwE%3d&tabid=2468&portalid=0&mid=8781,https://www.education.gov.za/LinkClick.aspx?fileticket=UDHYQU4mnW8%3d&tabid=2468&portalid=0&mid=8781,"MEMO_PDF_EXTRACTION_FAILED — re-ingest with force, or OCR fallback"
Religion Studies,2023,1,English,23,78,71,23,0,yes,https://www.education.gov.za/LinkClick.aspx?fileticket=cpObBiESEj0%3d&tabid=4504&portalid=0&mid=12322,https://www.education.gov.za/LinkClick.aspx?fileticket=QXYPzU9J47E%3d&tabid=4504&portalid=0&mid=12322,"MEMO_PDF_EXTRACTION_FAILED — re-ingest with force, or OCR fallback"
Tourism,2019,1,English,23,114,80,23,0,yes,https://www.education.gov.za/LinkClick.aspx?fileticket=C01yqAr61Ds%3d&tabid=2468&portalid=0&mid=8934,https://www.education.gov.za/LinkClick.aspx?fileticket=ZCu4Ac3z9Co%3d&tabid=2468&portalid=0&mid=8934,"MEMO_PDF_EXTRACTION_FAILED — re-ingest with force, or OCR fallback"
Tourism,2017,1,Afrikaans,23,109,79,23,0,yes,https://www.education.gov.za/LinkClick.aspx?fileticket=DFa4bP6mA7M%3d&tabid=1856&portalid=0&mid=7356,https://www.education.gov.za/LinkClick.aspx?fileticket=Lv_sIF3ebXs%3d&tabid=1856&portalid=0&mid=7356,"MEMO_PDF_EXTRACTION_FAILED — re-ingest with force, or OCR fallback"
isiXhosa First Additional Language,2025,2,isiXhosa,23,102,77,23,0,yes,https://www.education.gov.za/LinkClick.aspx?fileticket=5zFwkXiT8VY%3d&tabid=5475&portalid=0&mid=14214,https://www.education.gov.za/LinkClick.aspx?fileticket=bCy4HGJ_Cds%3d&tabid=5475&portalid=0&mid=14214,"MEMO_PDF_EXTRACTION_FAILED — re-ingest with force, or OCR fallback"
Agricultural Sciences,2023,1,Afrikaans,23,101,77,23,0,yes,https://www.education.gov.za/LinkClick.aspx?fileticket=cyXxuLJe9q0%3d&tabid=4504&portalid=0&mid=12298,https://www.education.gov.za/LinkClick.aspx?fileticket=AKcyYPta8YA%3d&tabid=4504&portalid=0&mid=12298,"MEMO_PDF_EXTRACTION_FAILED — re-ingest with force, or OCR fallback"
Agricultural Technology,2018,1,English,23,88,74,23,0,yes,https://www.education.gov.za/LinkClick.aspx?fileticket=Vesk_fU8_ZI%3d&tabid=1920&portalid=0&mid=7579,https://www.education.gov.za/LinkClick.aspx?fileticket=1YfbW5CukY4%3d&tabid=1920&portalid=0&mid=7579,"MEMO_PDF_EXTRACTION_FAILED — re-ingest with force, or OCR fallback"
Mechanical Technology,2016,1,Afrikaans,23,93,75,23,0,yes,https://www.education.gov.za/LinkClick.aspx?fileticket=IOuFoNNW2W0%3d&tabid=1000&portalid=0&mid=4407,https://www.education.gov.za/LinkClick.aspx?fileticket=5JuRiQEFquo%3d&tabid=1000&portalid=0&mid=4407,"MEMO_PDF_EXTRACTION_FAILED — re-ingest with force, or OCR fallback"
Religion Studies,2023,1,Afrikaans,23,78,71,23,0,yes,https://www.education.gov.za/LinkClick.aspx?fileticket=Dhn8grvjYqg%3d&tabid=4504&portalid=0&mid=12322,https://www.education.gov.za/LinkClick.aspx?fileticket=TgTkYUJCUtM%3d&tabid=4504&portalid=0&mid=12322,"MEMO_PDF_EXTRACTION_FAILED — re-ingest with force, or OCR fallback"
Religion Studies,2015,1,English,23,66,65,23,0,yes,https://www.education.gov.za/LinkClick.aspx?fileticket=UPwNJfPOtu4%3d&tabid=979&portalid=0&mid=4294,https://www.education.gov.za/LinkClick.aspx?fileticket=TFXHSJM1kuA%3d&tabid=979&portalid=0&mid=4294,"MEMO_PDF_EXTRACTION_FAILED — re-ingest with force, or OCR fallback"
Sesotho First Additional Language,2016,2,Sesotho,23,23,0,23,0,yes,https://www.education.gov.za/LinkClick.aspx?fileticket=IxQ3vMXexAs%3d&tabid=1000&portalid=0&mid=4419,https://www.education.gov.za/LinkClick.aspx?fileticket=p-3wGN-qzT0%3d&tabid=1000&portalid=0&mid=4419,"MEMO_PDF_EXTRACTION_FAILED — re-ingest with force, or OCR fallback"
Mechanical Technology,2020,1,English,23,94,76,23,0,yes,https://www.education.gov.za/LinkClick.aspx?fileticket=Yw9O4s47wnQ%3d&tabid=2702&portalid=0&mid=9633,https://www.education.gov.za/LinkClick.aspx?fileticket=UxmlzJ26MBc%3d&tabid=2702&portalid=0&mid=9633,"MEMO_PDF_EXTRACTION_FAILED — re-ingest with force, or OCR fallback"
Hospitality Studies,2023,1,English,23,107,79,23,0,yes,https://www.education.gov.za/LinkClick.aspx?fileticket=c9TLxkeD2mc%3d&tabid=4504&portalid=0&mid=12312,https://www.education.gov.za/LinkClick.aspx?fileticket=R1qiq-RR-DM%3d&tabid=4504&portalid=0&mid=12312,"MEMO_PDF_EXTRACTION_FAILED — re-ingest with force, or OCR fallback"
Information Technology,2023,2,Afrikaans,23,97,76,23,0,yes,https://www.education.gov.za/LinkClick.aspx?fileticket=JJu42Cr7IuY%3d&tabid=4504&portalid=0&mid=12313,https://www.education.gov.za/LinkClick.aspx?fileticket=oGBVS9U1DWE%3d&tabid=4504&portalid=0&mid=12313,"MEMO_PDF_EXTRACTION_FAILED — re-ingest with force, or OCR fallback"
Agricultural Sciences,2020,2,English,23,78,71,23,0,yes,https://www.education.gov.za/LinkClick.aspx?fileticket=WCDmascA-nQ%3d&tabid=2702&portalid=0&mid=9614,https://www.education.gov.za/LinkClick.aspx?fileticket=MTWHizSjvq8%3d&tabid=2702&portalid=0&mid=9614,"MEMO_PDF_EXTRACTION_FAILED — re-ingest with force, or OCR fallback"
Religion Studies,2025,1,Afrikaans,23,78,71,23,0,yes,https://www.education.gov.za/LinkClick.aspx?fileticket=ieY4f-AEN_A%3d&tabid=5742&portalid=0&mid=14849,https://www.education.gov.za/LinkClick.aspx?fileticket=GSJ0NwF8G_4%3d&tabid=5742&portalid=0&mid=14849,"MEMO_PDF_EXTRACTION_FAILED — re-ingest with force, or OCR fallback"
Agricultural Sciences,2022,1,English,23,105,78,23,0,yes,https://www.education.gov.za/LinkClick.aspx?fileticket=iIn_yHWQjWU%3d&tabid=3138&portalid=0&mid=10556,https://www.education.gov.za/LinkClick.aspx?fileticket=2iXe3k7XXEk%3d&tabid=3138&portalid=0&mid=10556,"MEMO_PDF_EXTRACTION_FAILED — re-ingest with force, or OCR fallback"
isiZulu Home Language,2024,2,isiZulu,22,111,80,22,0,yes,https://www.education.gov.za/LinkClick.aspx?fileticket=kIARCsi8zbU%3d&tabid=4933&portalid=0&mid=13117,https://www.education.gov.za/LinkClick.aspx?fileticket=UL2d5GUsYIA%3d&tabid=4933&portalid=0&mid=13117,"MEMO_PDF_EXTRACTION_FAILED — re-ingest with force, or OCR fallback"
Physical Sciences,2020,2,English,22,76,71,22,0,yes,https://www.education.gov.za/LinkClick.aspx?fileticket=xUQ6Zo6wIpI%3d&tabid=2702&portalid=0&mid=9635,https://www.education.gov.za/LinkClick.aspx?fileticket=l5Q6JxAbkZ0%3d&tabid=2702&portalid=0&mid=9635,"MEMO_PDF_EXTRACTION_FAILED — re-ingest with force, or OCR fallback"
Tourism,2017,1,English,22,108,80,22,0,yes,https://www.education.gov.za/LinkClick.aspx?fileticket=8Xf1-mdLHk0%3d&tabid=1856&portalid=0&mid=7356,https://www.education.gov.za/LinkClick.aspx?fileticket=9yNx_gMV4ac%3d&tabid=1856&portalid=0&mid=7356,"MEMO_PDF_EXTRACTION_FAILED — re-ingest with force, or OCR fallback"
Music,2022,1,Afrikaans,22,96,77,22,0,yes,https://www.education.gov.za/LinkClick.aspx?fileticket=yFAAKd_xhgI%3d&tabid=3138&portalid=0&mid=10576,https://www.education.gov.za/LinkClick.aspx?fileticket=4qMez4ddDpY%3d&tabid=3138&portalid=0&mid=10576,"MEMO_PDF_EXTRACTION_FAILED — re-ingest with force, or OCR fallback"
Mechanical Technology,2016,1,English,22,93,76,22,0,yes,https://www.education.gov.za/LinkClick.aspx?fileticket=3gXmkySNNlA%3d&tabid=1000&portalid=0&mid=4407,https://www.education.gov.za/LinkClick.aspx?fileticket=PIrvZ9N6tN4%3d&tabid=1000&portalid=0&mid=4407,"MEMO_PDF_EXTRACTION_FAILED — re-ingest with force, or OCR fallback"
Music,2019,1,Afrikaans,22,80,73,22,0,yes,https://www.education.gov.za/LinkClick.aspx?fileticket=9dInEQqnVgs%3d&tabid=2468&portalid=0&mid=8941,https://www.education.gov.za/LinkClick.aspx?fileticket=jlPtf9cC0yk%3d&tabid=2468&portalid=0&mid=8941,"MEMO_PDF_EXTRACTION_FAILED — re-ingest with force, or OCR fallback"
Agricultural Sciences,2021,1,Afrikaans,22,103,79,22,0,yes,https://www.education.gov.za/LinkClick.aspx?fileticket=xtzsuVquCO8%3d&tabid=2837&portalid=0&mid=9896,https://www.education.gov.za/LinkClick.aspx?fileticket=sQ-4rNgmHJY%3d&tabid=2837&portalid=0&mid=9896,"MEMO_PDF_EXTRACTION_FAILED — re-ingest with force, or OCR fallback"
Electrical Technology,2021,1,English,22,83,73,22,0,yes,https://www.education.gov.za/LinkClick.aspx?fileticket=tVQnbSko37w%3d&tabid=2837&portalid=0&mid=9907,https://www.education.gov.za/LinkClick.aspx?fileticket=xmTNtFN6JY4%3d&tabid=2837&portalid=0&mid=9907,"MEMO_PDF_EXTRACTION_FAILED — re-ingest with force, or OCR fallback"
Agricultural Sciences,2025,1,English,22,111,80,22,0,yes,https://www.education.gov.za/LinkClick.aspx?fileticket=GLu_eSvsiEk%3d&tabid=5475&portalid=0&mid=14226,https://www.education.gov.za/LinkClick.aspx?fileticket=RMCsZBGTbx4%3d&tabid=5475&portalid=0&mid=14226,"MEMO_PDF_EXTRACTION_FAILED — re-ingest with force, or OCR fallback"
Electrical Technology,2020,1,Afrikaans,22,94,77,22,0,yes,https://www.education.gov.za/LinkClick.aspx?fileticket=WLei1k-l7_Y%3d&tabid=2702&portalid=0&mid=9624,https://www.education.gov.za/LinkClick.aspx?fileticket=GFwByr_qSME%3d&tabid=2702&portalid=0&mid=9624,"MEMO_PDF_EXTRACTION_FAILED — re-ingest with force, or OCR fallback"
Computer Applications Technology,2025,2,English,22,107,79,22,0,yes,https://www.education.gov.za/LinkClick.aspx?fileticket=JXpTgtD6HYY%3d&tabid=5475&portalid=0&mid=14230,https://www.education.gov.za/LinkClick.aspx?fileticket=NTIDxblvE4c%3d&tabid=5475&portalid=0&mid=14230,"MEMO_PDF_EXTRACTION_FAILED — re-ingest with force, or OCR fallback"
Information Technology,2023,2,English,22,97,77,22,0,yes,https://www.education.gov.za/LinkClick.aspx?fileticket=drkN_-c2fjc%3d&tabid=4504&portalid=0&mid=12313,https://www.education.gov.za/LinkClick.aspx?fileticket=4UWOXQhl6VU%3d&tabid=4504&portalid=0&mid=12313,"MEMO_PDF_EXTRACTION_FAILED — re-ingest with force, or OCR fallback"
Music,2020,1,Afrikaans,22,78,72,22,0,yes,https://www.education.gov.za/LinkClick.aspx?fileticket=A93_hirSPig%3d&tabid=2702&portalid=0&mid=9634,https://www.education.gov.za/LinkClick.aspx?fileticket=1Gltl-VBv1c%3d&tabid=2702&portalid=0&mid=9634,"MEMO_PDF_EXTRACTION_FAILED — re-ingest with force, or OCR fallback"
Business Studies,2016,1,Afrikaans,22,103,79,22,0,yes,https://www.education.gov.za/LinkClick.aspx?fileticket=wf6E8yrLykI%3d&tabid=1000&portalid=0&mid=4429,https://www.education.gov.za/LinkClick.aspx?fileticket=YsNfB5KIZsY%3d&tabid=1000&portalid=0&mid=4429,"MEMO_PDF_EXTRACTION_FAILED — re-ingest with force, or OCR fallback"
Religion Studies,2017,1,English,22,64,66,22,0,yes,https://www.education.gov.za/LinkClick.aspx?fileticket=QJmynwz1JGY%3d&tabid=1686&portalid=0&mid=6756,https://www.education.gov.za/LinkClick.aspx?fileticket=orasnfAuW4M%3d&tabid=1686&portalid=0&mid=6756,"MEMO_PDF_EXTRACTION_FAILED — re-ingest with force, or OCR fallback"
Agricultural Sciences,2016,1,Afrikaans,22,94,77,22,0,yes,https://www.education.gov.za/LinkClick.aspx?fileticket=0Z4fLn3pCkQ%3d&tabid=1000&portalid=0&mid=4427,https://www.education.gov.za/LinkClick.aspx?fileticket=ZEC0m2Y7m08%3d&tabid=1000&portalid=0&mid=4427,"MEMO_PDF_EXTRACTION_FAILED — re-ingest with force, or OCR fallback"
Computer Applications Technology,2017,2,English,22,114,81,22,0,yes,https://www.education.gov.za/LinkClick.aspx?fileticket=FK0fY2EaZMQ%3d&tabid=1686&portalid=0&mid=6747,https://www.education.gov.za/LinkClick.aspx?fileticket=eMnjHJOsA34%3d&tabid=1686&portalid=0&mid=6747,"MEMO_PDF_EXTRACTION_FAILED — re-ingest with force, or OCR fallback"
Agricultural Management Practices,2025,1,English,22,85,74,22,0,yes,https://www.education.gov.za/LinkClick.aspx?fileticket=OoywZADqfpY%3d&tabid=5475&portalid=0&mid=14225,https://www.education.gov.za/LinkClick.aspx?fileticket=aNSRCceZAX0%3d&tabid=5475&portalid=0&mid=14225,"MEMO_PDF_EXTRACTION_FAILED — re-ingest with force, or OCR fallback"
Agricultural Sciences,2021,1,English,22,103,79,22,0,yes,https://www.education.gov.za/LinkClick.aspx?fileticket=uMfnbLLNOh8%3d&tabid=2837&portalid=0&mid=9896,https://www.education.gov.za/LinkClick.aspx?fileticket=ikTzgQ0QGUg%3d&tabid=2837&portalid=0&mid=9896,"MEMO_PDF_EXTRACTION_FAILED — re-ingest with force, or OCR fallback"
Tourism,2019,1,Afrikaans,22,114,81,22,0,yes,https://www.education.gov.za/LinkClick.aspx?fileticket=-J4xdDWf1Bs%3d&tabid=2468&portalid=0&mid=8934,https://www.education.gov.za/LinkClick.aspx?fileticket=C0vYq8KrShY%3d&tabid=2468&portalid=0&mid=8934,"MEMO_PDF_EXTRACTION_FAILED — re-ingest with force, or OCR fallback"
Agricultural Sciences,2018,1,English,22,101,78,22,0,yes,https://www.education.gov.za/LinkClick.aspx?fileticket=3m__XVJKEyk%3d&tabid=1920&portalid=0&mid=7578,https://www.education.gov.za/LinkClick.aspx?fileticket=I6cJHkLj5mQ%3d&tabid=1920&portalid=0&mid=7578,"MEMO_PDF_EXTRACTION_FAILED — re-ingest with force, or OCR fallback"
Mechanical Technology,2018,1,English,22,103,79,22,0,yes,https://www.education.gov.za/LinkClick.aspx?fileticket=5Gj-OopCf6s%3d&tabid=1920&portalid=0&mid=7597,https://www.education.gov.za/LinkClick.aspx?fileticket=vFTQ3TS8CsE%3d&tabid=1920&portalid=0&mid=7597,"MEMO_PDF_EXTRACTION_FAILED — re-ingest with force, or OCR fallback"
Agricultural Sciences,2023,1,English,22,100,78,22,0,yes,https://www.education.gov.za/LinkClick.aspx?fileticket=cOUCa9zlwTg%3d&tabid=4504&portalid=0&mid=12298,https://www.education.gov.za/LinkClick.aspx?fileticket=qBJ9zOGswxk%3d&tabid=4504&portalid=0&mid=12298,"MEMO_PDF_EXTRACTION_FAILED — re-ingest with force, or OCR fallback"
Tourism,2021,1,Afrikaans,22,98,78,22,0,yes,https://www.education.gov.za/LinkClick.aspx?fileticket=wG45JVy4KHQ%3d&tabid=2837&portalid=0&mid=9923,https://www.education.gov.za/LinkClick.aspx?fileticket=AADAhJtcrTs%3d&tabid=2837&portalid=0&mid=9923,"MEMO_PDF_EXTRACTION_FAILED — re-ingest with force, or OCR fallback"
Agricultural Sciences,2017,1,English,22,95,77,22,0,yes,https://www.education.gov.za/LinkClick.aspx?fileticket=LXqS9kg-35s%3d&tabid=1686&portalid=0&mid=6745,https://www.education.gov.za/LinkClick.aspx?fileticket=JCsQxYWT57I%3d&tabid=1686&portalid=0&mid=6745,"MEMO_PDF_EXTRACTION_FAILED — re-ingest with force, or OCR fallback"
Agricultural Sciences,2015,2,Afrikaans,22,75,71,22,0,yes,https://www.education.gov.za/LinkClick.aspx?fileticket=d45_Ul4R7KU%3d&tabid=979&portalid=0&mid=4271,https://www.education.gov.za/LinkClick.aspx?fileticket=H1TKoXeD8zQ%3d&tabid=979&portalid=0&mid=4271,"MEMO_PDF_EXTRACTION_FAILED — re-ingest with force, or OCR fallback"
Music,2020,1,English,22,78,72,22,0,yes,https://www.education.gov.za/LinkClick.aspx?fileticket=KGKcA-zFoEk%3d&tabid=2702&portalid=0&mid=9634,https://www.education.gov.za/LinkClick.aspx?fileticket=M4kLp8V3oBk%3d&tabid=2702&portalid=0&mid=9634,"MEMO_PDF_EXTRACTION_FAILED — re-ingest with force, or OCR fallback"
Electrical Technology,2021,1,Afrikaans,22,83,73,22,0,yes,https://www.education.gov.za/LinkClick.aspx?fileticket=FgDiRIn4Hyo%3d&tabid=2837&portalid=0&mid=9907,https://www.education.gov.za/LinkClick.aspx?fileticket=cbQiNf7FKGE%3d&tabid=2837&portalid=0&mid=9907,"MEMO_PDF_EXTRACTION_FAILED — re-ingest with force, or OCR fallback"
Mechanical Technology,2018,1,Afrikaans,22,103,79,22,0,yes,https://www.education.gov.za/LinkClick.aspx?fileticket=ybK1aiIKQBI%3d&tabid=1920&portalid=0&mid=7597,https://www.education.gov.za/LinkClick.aspx?fileticket=igkqgC8Y1l4%3d&tabid=1920&portalid=0&mid=7597,"MEMO_PDF_EXTRACTION_FAILED — re-ingest with force, or OCR fallback"
Agricultural Sciences,2018,1,Afrikaans,22,102,78,22,0,yes,https://www.education.gov.za/LinkClick.aspx?fileticket=8-6gyhCPRGg%3d&tabid=1920&portalid=0&mid=7578,https://www.education.gov.za/LinkClick.aspx?fileticket=KBYvORoeNd4%3d&tabid=1920&portalid=0&mid=7578,"MEMO_PDF_EXTRACTION_FAILED — re-ingest with force, or OCR fallback"
Hospitality Studies,2016,1,Afrikaans,22,95,77,22,0,yes,https://www.education.gov.za/LinkClick.aspx?fileticket=Is-a1Pt31zU%3d&tabid=1000&portalid=0&mid=4441,https://www.education.gov.za/LinkClick.aspx?fileticket=VXt5wlHvB-c%3d&tabid=1000&portalid=0&mid=4441,"MEMO_PDF_EXTRACTION_FAILED — re-ingest with force, or OCR fallback"
Tshivenda First Additional Language,2025,2,Tshivenda,22,77,71,22,0,yes,https://www.education.gov.za/LinkClick.aspx?fileticket=ICzpVNsG1NM%3d&tabid=5475&portalid=0&mid=14221,https://www.education.gov.za/LinkClick.aspx?fileticket=67I60UnwF4M%3d&tabid=5475&portalid=0&mid=14221,"MEMO_PDF_EXTRACTION_FAILED — re-ingest with force, or OCR fallback"
Religion Studies,2016,1,Afrikaans,22,60,63,22,0,yes,https://www.education.gov.za/LinkClick.aspx?fileticket=3nkdv6Td9c4%3d&tabid=1000&portalid=0&mid=4403,https://www.education.gov.za/LinkClick.aspx?fileticket=O37x7M-r62U%3d&tabid=1000&portalid=0&mid=4403,"MEMO_PDF_EXTRACTION_FAILED — re-ingest with force, or OCR fallback"
Religion Studies,2017,1,Afrikaans,22,63,65,22,0,yes,https://www.education.gov.za/LinkClick.aspx?fileticket=iWIyEgjHS6Y%3d&tabid=1686&portalid=0&mid=6756,https://www.education.gov.za/LinkClick.aspx?fileticket=EZUMgntnB8M%3d&tabid=1686&portalid=0&mid=6756,"MEMO_PDF_EXTRACTION_FAILED — re-ingest with force, or OCR fallback"
Religion Studies,2016,1,English,22,60,63,22,0,yes,https://www.education.gov.za/LinkClick.aspx?fileticket=FaKL0vfHavo%3d&tabid=1000&portalid=0&mid=4403,https://www.education.gov.za/LinkClick.aspx?fileticket=Qi8Y_U6VbPI%3d&tabid=1000&portalid=0&mid=4403,"MEMO_PDF_EXTRACTION_FAILED — re-ingest with force, or OCR fallback"
Computer Applications Technology,2025,2,Afrikaans,22,107,79,22,0,yes,https://www.education.gov.za/LinkClick.aspx?fileticket=0H5LD6G7EM4%3d&tabid=5475&portalid=0&mid=14230,https://www.education.gov.za/LinkClick.aspx?fileticket=L9oGxHDkF_E%3d&tabid=5475&portalid=0&mid=14230,"MEMO_PDF_EXTRACTION_FAILED — re-ingest with force, or OCR fallback"
Agricultural Sciences,2016,1,English,21,93,77,21,0,yes,https://www.education.gov.za/LinkClick.aspx?fileticket=aPxgXzzdWus%3d&tabid=1000&portalid=0&mid=4427,https://www.education.gov.za/LinkClick.aspx?fileticket=E5GxNuHO_cU%3d&tabid=1000&portalid=0&mid=4427,"MEMO_PDF_EXTRACTION_FAILED — re-ingest with force, or OCR fallback"
Technical Sciences,2024,1,English,21,70,70,21,0,yes,https://www.education.gov.za/LinkClick.aspx?fileticket=tcufMabU7wQ%3d&tabid=4933&portalid=0&mid=13152,https://www.education.gov.za/LinkClick.aspx?fileticket=n_-hfPcuxKQ%3d&tabid=4933&portalid=0&mid=13152,"MEMO_PDF_EXTRACTION_FAILED — re-ingest with force, or OCR fallback"
Religion Studies,2018,1,English,21,66,68,21,0,yes,https://www.education.gov.za/LinkClick.aspx?fileticket=R0iztSOY-iE%3d&tabid=1920&portalid=0&mid=7600,https://www.education.gov.za/LinkClick.aspx?fileticket=wENr95j8EBo%3d&tabid=1920&portalid=0&mid=7600,"MEMO_PDF_EXTRACTION_FAILED — re-ingest with force, or OCR fallback"
Agricultural Sciences,2017,2,Afrikaans,21,96,78,21,0,yes,https://www.education.gov.za/LinkClick.aspx?fileticket=DzCF74eoEkA%3d&tabid=1686&portalid=0&mid=6745,https://www.education.gov.za/LinkClick.aspx?fileticket=ExuZ1sneInA%3d&tabid=1686&portalid=0&mid=6745,"MEMO_PDF_EXTRACTION_FAILED — re-ingest with force, or OCR fallback"
Agricultural Management Practices,2022,1,Afrikaans,21,101,79,21,0,yes,https://www.education.gov.za/LinkClick.aspx?fileticket=t3H7CELWV_o%3d&tabid=3138&portalid=0&mid=10555,https://www.education.gov.za/LinkClick.aspx?fileticket=4Fe0rVeOJsI%3d&tabid=3138&portalid=0&mid=10555,"MEMO_PDF_EXTRACTION_FAILED — re-ingest with force, or OCR fallback"
Agricultural Sciences,2019,1,English,21,105,80,21,0,yes,https://www.education.gov.za/LinkClick.aspx?fileticket=XLoyO-mV-DI%3d&tabid=2468&portalid=0&mid=8778,https://www.education.gov.za/LinkClick.aspx?fileticket=0xi_zCQG-Ug%3d&tabid=2468&portalid=0&mid=8778,"MEMO_PDF_EXTRACTION_FAILED — re-ingest with force, or OCR fallback"
Dance studies,2025,1,Afrikaans,21,35,40,21,0,yes,https://www.education.gov.za/LinkClick.aspx?fileticket=O5cWaB9EvEs%3d&tabid=5475&portalid=0&mid=14232,https://www.education.gov.za/LinkClick.aspx?fileticket=STNuUH_vb2E%3d&tabid=5475&portalid=0&mid=14232,"MEMO_PDF_EXTRACTION_FAILED — re-ingest with force, or OCR fallback"
Computer Applications Technology,2015,2,English,21,117,82,21,0,yes,https://www.education.gov.za/LinkClick.aspx?fileticket=BT_aUa35dNw%3d&tabid=979&portalid=0&mid=4275,https://www.education.gov.za/LinkClick.aspx?fileticket=IK0ioIWF4dU%3d&tabid=979&portalid=0&mid=4275,"MEMO_PDF_EXTRACTION_FAILED — re-ingest with force, or OCR fallback"
Physical Sciences,2023,1,English,21,57,63,21,0,yes,https://www.education.gov.za/LinkClick.aspx?fileticket=Yak0VdHytZc%3d&tabid=4504&portalid=0&mid=12321,https://www.education.gov.za/LinkClick.aspx?fileticket=fQHTbH4T2fo%3d&tabid=4504&portalid=0&mid=12321,"MEMO_PDF_EXTRACTION_FAILED — re-ingest with force, or OCR fallback"
Technical Sciences,2022,1,English,21,65,68,21,0,yes,https://www.education.gov.za/LinkClick.aspx?fileticket=LBQ6e_PVZvg%3d&tabid=3138&portalid=0&mid=10580,https://www.education.gov.za/LinkClick.aspx?fileticket=fUS7MIMNKu8%3d&tabid=3138&portalid=0&mid=10580,"MEMO_PDF_EXTRACTION_FAILED — re-ingest with force, or OCR fallback"
Agricultural Sciences,2015,1,English,21,90,77,21,0,yes,https://www.education.gov.za/LinkClick.aspx?fileticket=oet6_Zw_F6A%3d&tabid=979&portalid=0&mid=4271,https://www.education.gov.za/LinkClick.aspx?fileticket=9grUYEhRbEU%3d&tabid=979&portalid=0&mid=4271,"MEMO_PDF_EXTRACTION_FAILED — re-ingest with force, or OCR fallback"
Computer Applications Technology,2017,2,Afrikaans,21,114,82,21,0,yes,https://www.education.gov.za/LinkClick.aspx?fileticket=H8t9US270KU%3d&tabid=1686&portalid=0&mid=6747,https://www.education.gov.za/LinkClick.aspx?fileticket=8Bm6DR6QKe4%3d&tabid=1686&portalid=0&mid=6747,"MEMO_PDF_EXTRACTION_FAILED — re-ingest with force, or OCR fallback"
Xitsonga First Additional Language,2017,2,Xitsonga,21,21,0,21,0,yes,https://www.education.gov.za/LinkClick.aspx?fileticket=pZ0CM4WBUZE%3d&tabid=1686&portalid=0&mid=6742,https://www.education.gov.za/LinkClick.aspx?fileticket=dQ8o3DbLe00%3d&tabid=1686&portalid=0&mid=6742,"MEMO_PDF_EXTRACTION_FAILED — re-ingest with force, or OCR fallback"
Agricultural Sciences,2015,2,English,21,84,75,21,0,yes,https://www.education.gov.za/LinkClick.aspx?fileticket=6zo1N65wyuw%3d&tabid=979&portalid=0&mid=4271,https://www.education.gov.za/LinkClick.aspx?fileticket=b6Bsns5guzs%3d&tabid=979&portalid=0&mid=4271,"MEMO_PDF_EXTRACTION_FAILED — re-ingest with force, or OCR fallback"
Electrical Technology,2019,1,Afrikaans,21,90,77,21,0,yes,https://www.education.gov.za/LinkClick.aspx?fileticket=ekUM4NrOTo8%3d&tabid=2468&portalid=0&mid=8908,https://www.education.gov.za/LinkClick.aspx?fileticket=idh0mFjS2Kk%3d&tabid=2468&portalid=0&mid=8908,"MEMO_PDF_EXTRACTION_FAILED — re-ingest with force, or OCR fallback"
Agricultural Sciences,2016,2,English,21,92,77,21,0,yes,https://www.education.gov.za/LinkClick.aspx?fileticket=OHSuQm-VSNw%3d&tabid=1000&portalid=0&mid=4427,https://www.education.gov.za/LinkClick.aspx?fileticket=M9ilfNw_bbk%3d&tabid=1000&portalid=0&mid=4427,"MEMO_PDF_EXTRACTION_FAILED — re-ingest with force, or OCR fallback"
Mechanical Technology,2025,1,Afrikaans,21,126,83,21,0,yes,https://www.education.gov.za/LinkClick.aspx?fileticket=_yfYTacR_Nc%3d&tabid=5475&portalid=0&mid=14245,https://www.education.gov.za/LinkClick.aspx?fileticket=ds7OLtcdU_M%3d&tabid=5475&portalid=0&mid=14245,"MEMO_PDF_EXTRACTION_FAILED — re-ingest with force, or OCR fallback"
Religion Studies,2022,1,English,21,80,74,21,0,yes,https://www.education.gov.za/LinkClick.aspx?fileticket=WapvJOmAmx8%3d&tabid=3138&portalid=0&mid=10578,https://www.education.gov.za/LinkClick.aspx?fileticket=Dk24w6dvCTI%3d&tabid=3138&portalid=0&mid=10578,"MEMO_PDF_EXTRACTION_FAILED — re-ingest with force, or OCR fallback"
Agricultural Management Practices,2022,1,English,21,101,79,21,0,yes,https://www.education.gov.za/LinkClick.aspx?fileticket=XPu0_qqqu60%3d&tabid=3138&portalid=0&mid=10555,https://www.education.gov.za/LinkClick.aspx?fileticket=Rj5dJoJMsQA%3d&tabid=3138&portalid=0&mid=10555,"MEMO_PDF_EXTRACTION_FAILED — re-ingest with force, or OCR fallback"
Agricultural Technology,2021,1,English,21,76,72,21,0,yes,https://www.education.gov.za/LinkClick.aspx?fileticket=6z-5Xpd9ZNU%3d&tabid=2837&portalid=0&mid=9897,https://www.education.gov.za/LinkClick.aspx?fileticket=k6kuqLbFO1M%3d&tabid=2837&portalid=0&mid=9897,"MEMO_PDF_EXTRACTION_FAILED — re-ingest with force, or OCR fallback"
Agricultural Management Practices,2020,1,English,21,84,75,21,0,yes,https://www.education.gov.za/LinkClick.aspx?fileticket=CpNCAdkHGzg%3d&tabid=2702&portalid=0&mid=9613,https://www.education.gov.za/LinkClick.aspx?fileticket=DDw_yHjKdcE%3d&tabid=2702&portalid=0&mid=9613,"MEMO_PDF_EXTRACTION_FAILED — re-ingest with force, or OCR fallback"
Dance Studies,2025,1,Afrikaans,21,45,53,21,0,yes,https://www.education.gov.za/LinkClick.aspx?fileticket=OkfvAjvXgQI%3d&tabid=5742&portalid=0&mid=14833,https://www.education.gov.za/LinkClick.aspx?fileticket=6e-u6X3zoOY%3d&tabid=5742&portalid=0&mid=14833,"MEMO_PDF_EXTRACTION_FAILED — re-ingest with force, or OCR fallback"
Xitsonga First Additional Language,2024,2,Xitsonga,21,21,0,21,0,yes,https://www.education.gov.za/LinkClick.aspx?fileticket=xPpM5ru0D1k%3d&tabid=4933&portalid=0&mid=13124,https://www.education.gov.za/LinkClick.aspx?fileticket=3TvyvTCfq3E%3d&tabid=4933&portalid=0&mid=13124,"MEMO_PDF_EXTRACTION_FAILED — re-ingest with force, or OCR fallback"
Agricultural Sciences,2016,2,Afrikaans,21,92,77,21,0,yes,https://www.education.gov.za/LinkClick.aspx?fileticket=jXApJbFFDY0%3d&tabid=1000&portalid=0&mid=4427,https://www.education.gov.za/LinkClick.aspx?fileticket=kyIwR-dX-Ac%3d&tabid=1000&portalid=0&mid=4427,"MEMO_PDF_EXTRACTION_FAILED — re-ingest with force, or OCR fallback"
Electrical Technology,2019,1,English,21,90,77,21,0,yes,https://www.education.gov.za/LinkClick.aspx?fileticket=sWTVXX8HaAI%3d&tabid=2468&portalid=0&mid=8908,https://www.education.gov.za/LinkClick.aspx?fileticket=gXdsHXlBlxg%3d&tabid=2468&portalid=0&mid=8908,"MEMO_PDF_EXTRACTION_FAILED — re-ingest with force, or OCR fallback"
Agricultural Sciences,2019,1,Afrikaans,21,105,80,21,0,yes,https://www.education.gov.za/LinkClick.aspx?fileticket=Z0yfZwJmGjk%3d&tabid=2468&portalid=0&mid=8778,https://www.education.gov.za/LinkClick.aspx?fileticket=X9wdOhG3UeA%3d&tabid=2468&portalid=0&mid=8778,"MEMO_PDF_EXTRACTION_FAILED — re-ingest with force, or OCR fallback"
Dance studies,2025,1,English,21,35,40,21,0,yes,https://www.education.gov.za/LinkClick.aspx?fileticket=p-l-HEgGhss%3d&tabid=5475&portalid=0&mid=14232,https://www.education.gov.za/LinkClick.aspx?fileticket=zC0_HJ13qHY%3d&tabid=5475&portalid=0&mid=14232,"MEMO_PDF_EXTRACTION_FAILED — re-ingest with force, or OCR fallback"
Tourism,2021,1,English,21,97,78,21,0,yes,https://www.education.gov.za/LinkClick.aspx?fileticket=hRxRiQUTPfc%3d&tabid=2837&portalid=0&mid=9923,https://www.education.gov.za/LinkClick.aspx?fileticket=2U_4ehPAG0c%3d&tabid=2837&portalid=0&mid=9923,"MEMO_PDF_EXTRACTION_FAILED — re-ingest with force, or OCR fallback"
Religion Studies,2018,1,Afrikaans,21,66,68,21,0,yes,https://www.education.gov.za/LinkClick.aspx?fileticket=FLO59GZdMdQ%3d&tabid=1920&portalid=0&mid=7600,https://www.education.gov.za/LinkClick.aspx?fileticket=sa1klKQMyoE%3d&tabid=1920&portalid=0&mid=7600,"MEMO_PDF_EXTRACTION_FAILED — re-ingest with force, or OCR fallback"
Xitsonga First Additional Language,2021,2,Xitsonga,21,21,0,21,0,yes,https://www.education.gov.za/LinkClick.aspx?fileticket=1UVjdC3tZig%3d&tabid=2837&portalid=0&mid=9890,https://www.education.gov.za/LinkClick.aspx?fileticket=PrMNN4IcZnQ%3d&tabid=2837&portalid=0&mid=9890,"MEMO_PDF_EXTRACTION_FAILED — re-ingest with force, or OCR fallback"
Dance Studies,2025,1,English,21,45,53,21,0,yes,https://www.education.gov.za/LinkClick.aspx?fileticket=P06_9UMh3zk%3d&tabid=5742&portalid=0&mid=14833,https://www.education.gov.za/LinkClick.aspx?fileticket=fDP6fxw8uoY%3d&tabid=5742&portalid=0&mid=14833,"MEMO_PDF_EXTRACTION_FAILED — re-ingest with force, or OCR fallback"
Electrical Technology,2020,1,English,21,94,78,21,0,yes,https://www.education.gov.za/LinkClick.aspx?fileticket=0BoDhBho0uU%3d&tabid=2702&portalid=0&mid=9624,https://www.education.gov.za/LinkClick.aspx?fileticket=g7rdZoxhZUE%3d&tabid=2702&portalid=0&mid=9624,"MEMO_PDF_EXTRACTION_FAILED — re-ingest with force, or OCR fallback"
Music,2019,1,English,21,80,74,21,0,yes,https://www.education.gov.za/LinkClick.aspx?fileticket=EtvJFSGyxHI%3d&tabid=2468&portalid=0&mid=8941,https://www.education.gov.za/LinkClick.aspx?fileticket=I2illq2F6Ds%3d&tabid=2468&portalid=0&mid=8941,"MEMO_PDF_EXTRACTION_FAILED — re-ingest with force, or OCR fallback"
Agricultural Sciences,2017,2,English,21,96,78,21,0,yes,https://www.education.gov.za/LinkClick.aspx?fileticket=nYsDDDM3ER4%3d&tabid=1686&portalid=0&mid=6745,https://www.education.gov.za/LinkClick.aspx?fileticket=GGSt_In7-aU%3d&tabid=1686&portalid=0&mid=6745,"MEMO_PDF_EXTRACTION_FAILED — re-ingest with force, or OCR fallback"
Hospitality Studies,2016,1,English,21,95,78,21,0,yes,https://www.education.gov.za/LinkClick.aspx?fileticket=Mz5YwPlixzc%3d&tabid=1000&portalid=0&mid=4441,https://www.education.gov.za/LinkClick.aspx?fileticket=7ccyMK7-t8k%3d&tabid=1000&portalid=0&mid=4441,"MEMO_PDF_EXTRACTION_FAILED — re-ingest with force, or OCR fallback"
Music,2022,1,English,21,96,78,21,0,yes,https://www.education.gov.za/LinkClick.aspx?fileticket=Tj7lOuLECYU%3d&tabid=3138&portalid=0&mid=10576,https://www.education.gov.za/LinkClick.aspx?fileticket=-8vMBk75CUI%3d&tabid=3138&portalid=0&mid=10576,"MEMO_PDF_EXTRACTION_FAILED — re-ingest with force, or OCR fallback"
Afrikaans Home Language,2022,2,Afrikaans,20,143,86,20,0,yes,https://www.education.gov.za/LinkClick.aspx?fileticket=sUGJCVT3a2w%3d&tabid=3138&portalid=0&mid=10542,https://www.education.gov.za/LinkClick.aspx?fileticket=RAuKkKJoZZw%3d&tabid=3138&portalid=0&mid=10542,"MEMO_PDF_EXTRACTION_FAILED — re-ingest with force, or OCR fallback"
Information Technology,2024,2,English,20,93,78,20,0,yes,https://www.education.gov.za/LinkClick.aspx?fileticket=s9TUjHUZu6M%3d&tabid=4933&portalid=0&mid=13143,https://www.education.gov.za/LinkClick.aspx?fileticket=pa9ZTy4TrZs%3d&tabid=4933&portalid=0&mid=13143,"MEMO_PDF_EXTRACTION_FAILED — re-ingest with force, or OCR fallback"
Marine Sciences,2025,1,English,20,55,64,20,0,yes,https://www.education.gov.za/LinkClick.aspx?fileticket=qZiySsi7wLE%3d&tabid=5742&portalid=0&mid=14891,https://www.education.gov.za/LinkClick.aspx?fileticket=iuR09I_u65M%3d&tabid=5742&portalid=0&mid=14891,"MEMO_PDF_EXTRACTION_FAILED — re-ingest with force, or OCR fallback"
Afrikaans Second Additional Language,2024,2,Afrikaans,20,68,71,20,0,yes,https://www.education.gov.za/LinkClick.aspx?fileticket=zv6N1qbiKE0%3d&tabid=5193&portalid=0&mid=13690,https://www.education.gov.za/LinkClick.aspx?fileticket=lP9GgGhR2-w%3d&tabid=5193&portalid=0&mid=13690,"MEMO_PDF_EXTRACTION_FAILED — re-ingest with force, or OCR fallback"
Agricultural Technology,2021,1,Afrikaans,20,76,74,20,0,yes,https://www.education.gov.za/LinkClick.aspx?fileticket=v9zS_LaSklQ%3d&tabid=2837&portalid=0&mid=9897,https://www.education.gov.za/LinkClick.aspx?fileticket=xQZxLYx43OQ%3d&tabid=2837&portalid=0&mid=9897,"MEMO_PDF_EXTRACTION_FAILED — re-ingest with force, or OCR fallback"
Business Studies,2016,1,English,20,102,80,20,0,yes,https://www.education.gov.za/LinkClick.aspx?fileticket=dUBaaH6s7zQ%3d&tabid=1000&portalid=0&mid=4429,https://www.education.gov.za/LinkClick.aspx?fileticket=oYwI7rG6CXI%3d&tabid=1000&portalid=0&mid=4429,"MEMO_PDF_EXTRACTION_FAILED — re-ingest with force, or OCR fallback"
Sepedi First Additional Language,2020,2,Sepedi,20,22,9,20,0,yes,https://www.education.gov.za/LinkClick.aspx?fileticket=ul3hgWRphUo%3d&tabid=2702&portalid=0&mid=10164,https://www.education.gov.za/LinkClick.aspx?fileticket=pN8cLRzJnTY%3d&tabid=2702&portalid=0&mid=10164,"MEMO_PDF_EXTRACTION_FAILED — re-ingest with force, or OCR fallback"
Tourism,2022,1,English,20,104,81,20,0,yes,https://www.education.gov.za/LinkClick.aspx?fileticket=9X-Gm29HCxY%3d&tabid=3138&portalid=0&mid=10581,https://www.education.gov.za/LinkClick.aspx?fileticket=dyyVDOVV_UI%3d&tabid=3138&portalid=0&mid=10581,"MEMO_PDF_EXTRACTION_FAILED — re-ingest with force, or OCR fallback"
Religion Studies,2022,1,Afrikaans,20,80,75,20,0,yes,https://www.education.gov.za/LinkClick.aspx?fileticket=lyQh_OYxiP4%3d&tabid=3138&portalid=0&mid=10578,https://www.education.gov.za/LinkClick.aspx?fileticket=yRa3R7RyJeU%3d&tabid=3138&portalid=0&mid=10578,"MEMO_PDF_EXTRACTION_FAILED — re-ingest with force, or OCR fallback"
Mechanical Technology,2023,1,Afrikaans,20,129,84,20,0,yes,https://www.education.gov.za/LinkClick.aspx?fileticket=bnQTbiw5tWY%3d&tabid=4504&portalid=0&mid=12319,https://www.education.gov.za/LinkClick.aspx?fileticket=GeRf4IEIiQE%3d&tabid=4504&portalid=0&mid=12319,"MEMO_PDF_EXTRACTION_FAILED — re-ingest with force, or OCR fallback"
Business Studies,2015,1,Afrikaans,20,96,79,20,0,yes,https://www.education.gov.za/LinkClick.aspx?fileticket=qYPbMvGneOw%3d&tabid=979&portalid=0&mid=4274,https://www.education.gov.za/LinkClick.aspx?fileticket=6tap1K6FUcc%3d&tabid=979&portalid=0&mid=4274,"MEMO_PDF_EXTRACTION_FAILED — re-ingest with force, or OCR fallback"
Business Studies,2018,1,English,20,100,80,20,0,yes,https://www.education.gov.za/LinkClick.aspx?fileticket=SwjnFWoW6zQ%3d&tabid=1920&portalid=0&mid=7580,https://www.education.gov.za/LinkClick.aspx?fileticket=MPMmZ4SXhTg%3d&tabid=1920&portalid=0&mid=7580,"MEMO_PDF_EXTRACTION_FAILED — re-ingest with force, or OCR fallback"
Marine Sciences,2025,2,English,20,59,66,20,0,yes,https://www.education.gov.za/LinkClick.aspx?fileticket=-84jweynaH4%3d&tabid=5742&portalid=0&mid=14891,https://www.education.gov.za/LinkClick.aspx?fileticket=764lSP7OoPc%3d&tabid=5742&portalid=0&mid=14891,"MEMO_PDF_EXTRACTION_FAILED — re-ingest with force, or OCR fallback"
Agricultural Management Practices,2020,1,Afrikaans,20,87,77,20,0,yes,https://www.education.gov.za/LinkClick.aspx?fileticket=PdQBwmQEjUY%3d&tabid=2702&portalid=0&mid=9613,https://www.education.gov.za/LinkClick.aspx?fileticket=hJRDYrKJvig%3d&tabid=2702&portalid=0&mid=9613,"MEMO_PDF_EXTRACTION_FAILED — re-ingest with force, or OCR fallback"
Electrical Technology,2016,1,English,20,80,75,20,0,yes,https://www.education.gov.za/LinkClick.aspx?fileticket=lDwRpDTJI4o%3d&tabid=1000&portalid=0&mid=4437,https://www.education.gov.za/LinkClick.aspx?fileticket=TosTxC8F4f0%3d&tabid=1000&portalid=0&mid=4437,"MEMO_PDF_EXTRACTION_FAILED — re-ingest with force, or OCR fallback"
Information Technology,2024,2,Afrikaans,20,93,78,20,0,yes,https://www.education.gov.za/LinkClick.aspx?fileticket=BJPW090fYYs%3d&tabid=4933&portalid=0&mid=13143,https://www.education.gov.za/LinkClick.aspx?fileticket=eBv2w5-y824%3d&tabid=4933&portalid=0&mid=13143,"MEMO_PDF_EXTRACTION_FAILED — re-ingest with force, or OCR fallback"
isiXhosa Home Language,2022,1,isiXhosa,20,42,52,20,0,yes,https://www.education.gov.za/LinkClick.aspx?fileticket=lOqgrwHMYoM%3d&tabid=3138&portalid=0&mid=10545,https://www.education.gov.za/LinkClick.aspx?fileticket=X7bCEC38EK4%3d&tabid=3138&portalid=0&mid=10545,"MEMO_PDF_EXTRACTION_FAILED — re-ingest with force, or OCR fallback"
Business Studies,2019,1,Afrikaans,20,87,77,20,0,yes,https://www.education.gov.za/LinkClick.aspx?fileticket=G4aYv-GAvKg%3d&tabid=2468&portalid=0&mid=8780,https://www.education.gov.za/LinkClick.aspx?fileticket=5OOktNEFgDo%3d&tabid=2468&portalid=0&mid=8780,"MEMO_PDF_EXTRACTION_FAILED — re-ingest with force, or OCR fallback"
Sepedi First Additional Language,2019,2,Sepedi,20,20,0,20,0,yes,https://www.education.gov.za/LinkClick.aspx?fileticket=youY07SV3Lg%3d&tabid=2468&portalid=0&mid=8914,https://www.education.gov.za/LinkClick.aspx?fileticket=Q-KJJgQ_wlE%3d&tabid=2468&portalid=0&mid=8914,"MEMO_PDF_EXTRACTION_FAILED — re-ingest with force, or OCR fallback"
Business Studies,2018,1,Afrikaans,20,100,80,20,0,yes,https://www.education.gov.za/LinkClick.aspx?fileticket=nZxSj_BEEQg%3d&tabid=1920&portalid=0&mid=7580,https://www.education.gov.za/LinkClick.aspx?fileticket=uNtkIK-TeTM%3d&tabid=1920&portalid=0&mid=7580,"MEMO_PDF_EXTRACTION_FAILED — re-ingest with force, or OCR fallback"
Xitsonga First Additional Language,2023,2,Xitsonga,20,20,0,20,0,yes,https://www.education.gov.za/LinkClick.aspx?fileticket=PrMWzlEIIUo%3d&tabid=4504&portalid=0&mid=12294,https://www.education.gov.za/LinkClick.aspx?fileticket=MQPszFDHPaY%3d&tabid=4504&portalid=0&mid=12294,"MEMO_PDF_EXTRACTION_FAILED — re-ingest with force, or OCR fallback"
Mechanical Technology,2025,1,English,20,126,84,20,0,yes,https://www.education.gov.za/LinkClick.aspx?fileticket=Pq5hdHoEBFQ%3d&tabid=5475&portalid=0&mid=14245,https://www.education.gov.za/LinkClick.aspx?fileticket=X6jMzfdF__U%3d&tabid=5475&portalid=0&mid=14245,"MEMO_PDF_EXTRACTION_FAILED — re-ingest with force, or OCR fallback"
isiZulu First Additional Language,2024,2,isiZulu,19,143,87,19,0,yes,https://www.education.gov.za/LinkClick.aspx?fileticket=89y1u6zWGZA%3d&tabid=4933&portalid=0&mid=13117,https://www.education.gov.za/LinkClick.aspx?fileticket=3ktAgbJTA7U%3d&tabid=4933&portalid=0&mid=13117,"MEMO_PDF_EXTRACTION_FAILED — re-ingest with force, or OCR fallback"
Agricultural Management Practices,2019,1,English,19,87,78,19,0,yes,https://www.education.gov.za/LinkClick.aspx?fileticket=GymWlSB43FM%3d&tabid=2468&portalid=0&mid=8777,https://www.education.gov.za/LinkClick.aspx?fileticket=S67H6hJzy_4%3d&tabid=2468&portalid=0&mid=8777,"MEMO_PDF_EXTRACTION_FAILED — re-ingest with force, or OCR fallback"
Physical Sciences,2018,1,English,19,59,68,19,0,yes,https://www.education.gov.za/LinkClick.aspx?fileticket=4QUxPqt7DUE%3d&tabid=1920&portalid=0&mid=7599,https://www.education.gov.za/LinkClick.aspx?fileticket=dpldwwqnyVE%3d&tabid=1920&portalid=0&mid=7599,"MEMO_PDF_EXTRACTION_FAILED — re-ingest with force, or OCR fallback"
isiZulu First Additional Language,2015,2,isiZulu,19,91,79,19,0,yes,https://www.education.gov.za/LinkClick.aspx?fileticket=79LRlMyWP_w%3d&tabid=979&portalid=0&mid=4302,https://www.education.gov.za/LinkClick.aspx?fileticket=6JQ0uEGvh5A%3d&tabid=979&portalid=0&mid=4302,"MEMO_PDF_EXTRACTION_FAILED — re-ingest with force, or OCR fallback"
Marine Sciences,2023,1,Afrikaans,19,50,62,19,0,yes,https://www.education.gov.za/LinkClick.aspx?fileticket=g6o_eN97seA%3d&tabid=4682&portalid=0&mid=12682,https://www.education.gov.za/LinkClick.aspx?fileticket=rjK6SMp1FXI%3d&tabid=4682&portalid=0&mid=12682,"MEMO_PDF_EXTRACTION_FAILED — re-ingest with force, or OCR fallback"
Physical Sciences,2025,1,English,19,58,67,19,0,yes,https://www.education.gov.za/LinkClick.aspx?fileticket=mvizqI025HM%3d&tabid=5475&portalid=0&mid=14247,https://www.education.gov.za/LinkClick.aspx?fileticket=nZ6nYkClxFU%3d&tabid=5475&portalid=0&mid=14247,"MEMO_PDF_EXTRACTION_FAILED — re-ingest with force, or OCR fallback"
Technical Sciences,2020,1,English,19,64,70,19,0,yes,https://www.education.gov.za/LinkClick.aspx?fileticket=qekwZzY6tOI%3d&tabid=2702&portalid=0&mid=9657,https://www.education.gov.za/LinkClick.aspx?fileticket=gAOrY8KUjhk%3d&tabid=2702&portalid=0&mid=9657,"MEMO_PDF_EXTRACTION_FAILED — re-ingest with force, or OCR fallback"
Mechanical Technology,2022,1,Afrikaans,19,96,80,19,0,yes,https://www.education.gov.za/LinkClick.aspx?fileticket=azW9mGhpK0s%3d&tabid=3138&portalid=0&mid=10575,https://www.education.gov.za/LinkClick.aspx?fileticket=WK0Ss_AL4Jc%3d&tabid=3138&portalid=0&mid=10575,"MEMO_PDF_EXTRACTION_FAILED — re-ingest with force, or OCR fallback"
Computer Applications Technology,2020,2,Afrikaans,19,109,83,19,0,yes,https://www.education.gov.za/LinkClick.aspx?fileticket=8JFAa4O5swI%3d&tabid=2702&portalid=0&mid=9618,https://www.education.gov.za/LinkClick.aspx?fileticket=85XtXsjEWMk%3d&tabid=2702&portalid=0&mid=9618,"MEMO_PDF_EXTRACTION_FAILED — re-ingest with force, or OCR fallback"
Sepedi First Additional Language,2025,2,Sepedi,19,19,0,19,0,yes,https://www.education.gov.za/LinkClick.aspx?fileticket=FYVmH5hxBCM%3d&tabid=5475&portalid=0&mid=14217,https://www.education.gov.za/LinkClick.aspx?fileticket=FpIFmwg61Iw%3d&tabid=5475&portalid=0&mid=14217,"MEMO_PDF_EXTRACTION_FAILED — re-ingest with force, or OCR fallback"
Dance studies,2022,1,Afrikaans,19,35,46,19,0,yes,https://www.education.gov.za/LinkClick.aspx?fileticket=c0qLyDijNwM%3d&tabid=3138&portalid=0&mid=10562,https://www.education.gov.za/LinkClick.aspx?fileticket=DRWFUzv1WG8%3d&tabid=3138&portalid=0&mid=10562,"MEMO_PDF_EXTRACTION_FAILED — re-ingest with force, or OCR fallback"
Mechanical Technology,2023,1,English,19,129,85,19,0,yes,https://www.education.gov.za/LinkClick.aspx?fileticket=G7BdtrUIKG8%3d&tabid=4504&portalid=0&mid=12319,https://www.education.gov.za/LinkClick.aspx?fileticket=p7u6JrmijcA%3d&tabid=4504&portalid=0&mid=12319,"MEMO_PDF_EXTRACTION_FAILED — re-ingest with force, or OCR fallback"
Agricultural Management Practices,2019,1,Afrikaans,19,87,78,19,0,yes,https://www.education.gov.za/LinkClick.aspx?fileticket=tMpGEDPKM3A%3d&tabid=2468&portalid=0&mid=8777,https://www.education.gov.za/LinkClick.aspx?fileticket=kFCLnHegsKA%3d&tabid=2468&portalid=0&mid=8777,"MEMO_PDF_EXTRACTION_FAILED — re-ingest with force, or OCR fallback"
Mechanical Technology,2024,1,Afrikaans,19,118,84,19,0,yes,https://www.education.gov.za/LinkClick.aspx?fileticket=Ew8LCzr3H4Y%3d&tabid=4933&portalid=0&mid=13147,https://www.education.gov.za/LinkClick.aspx?fileticket=Vq5BpGQJ9VY%3d&tabid=4933&portalid=0&mid=13147,"MEMO_PDF_EXTRACTION_FAILED — re-ingest with force, or OCR fallback"
Agricultural Sciences,2015,1,Afrikaans,19,90,79,19,0,yes,https://www.education.gov.za/LinkClick.aspx?fileticket=EF-J01AQVxA%3d&tabid=979&portalid=0&mid=4271,https://www.education.gov.za/LinkClick.aspx?fileticket=_nBIgmmN-wo%3d&tabid=979&portalid=0&mid=4271,"MEMO_PDF_EXTRACTION_FAILED — re-ingest with force, or OCR fallback"
Marine Sciences,2023,1,English,19,50,62,19,0,yes,https://www.education.gov.za/LinkClick.aspx?fileticket=ABg2p2BkfiE%3d&tabid=4682&portalid=0&mid=12682,https://www.education.gov.za/LinkClick.aspx?fileticket=vAC-MXfGHmw%3d&tabid=4682&portalid=0&mid=12682,"MEMO_PDF_EXTRACTION_FAILED — re-ingest with force, or OCR fallback"
Afrikaans Home Language,2023,2,Afrikaans,19,122,84,19,0,yes,https://www.education.gov.za/LinkClick.aspx?fileticket=C4kW32aVq9I%3d&tabid=4504&portalid=0&mid=12283,https://www.education.gov.za/LinkClick.aspx?fileticket=FqEq0McZzjE%3d&tabid=4504&portalid=0&mid=12283,"MEMO_PDF_EXTRACTION_FAILED — re-ingest with force, or OCR fallback"
Business Studies,2019,1,English,19,87,78,19,0,yes,https://www.education.gov.za/LinkClick.aspx?fileticket=b0l47dtdwjU%3d&tabid=2468&portalid=0&mid=8780,https://www.education.gov.za/LinkClick.aspx?fileticket=_iVgu36nK2A%3d&tabid=2468&portalid=0&mid=8780,"MEMO_PDF_EXTRACTION_FAILED — re-ingest with force, or OCR fallback"
Sepedi First Additional Language,2018,2,Sepedi,19,19,0,19,0,yes,https://www.education.gov.za/LinkClick.aspx?fileticket=CEPzQ069X9k%3d&tabid=1920&portalid=0&mid=7569,https://www.education.gov.za/LinkClick.aspx?fileticket=D09bYhF6-30%3d&tabid=1920&portalid=0&mid=7569,"MEMO_PDF_EXTRACTION_FAILED — re-ingest with force, or OCR fallback"
Consumer Studies,2020,1,English,19,154,88,19,0,yes,https://www.education.gov.za/LinkClick.aspx?fileticket=aYNDpIOJXpQ%3d&tabid=2702&portalid=0&mid=9619,https://www.education.gov.za/LinkClick.aspx?fileticket=GcqMEM99e1I%3d&tabid=2702&portalid=0&mid=9619,"MEMO_PDF_EXTRACTION_FAILED — re-ingest with force, or OCR fallback"
Information Technology,2015,1,Afrikaans,18,18,0,18,0,yes,https://www.education.gov.za/LinkClick.aspx?fileticket=5DHZqcC9KIA%3d&tabid=979&portalid=0&mid=4287,https://www.education.gov.za/LinkClick.aspx?fileticket=hdcKm38xiPs%3d&tabid=979&portalid=0&mid=4287,"MEMO_PDF_EXTRACTION_FAILED — re-ingest with force, or OCR fallback"
isiXhosa Home Language,2021,1,isiXhosa,18,41,56,18,0,yes,https://www.education.gov.za/LinkClick.aspx?fileticket=Kd14lmHwJHM%3d&tabid=2837&portalid=0&mid=10517,https://www.education.gov.za/LinkClick.aspx?fileticket=_ntDQ9Ji8Mw%3d&tabid=2837&portalid=0&mid=10517,"MEMO_PDF_EXTRACTION_FAILED — re-ingest with force, or OCR fallback"
Tourism,2025,1,English,18,106,83,18,0,yes,https://www.education.gov.za/LinkClick.aspx?fileticket=0zpnenb__84%3d&tabid=5475&portalid=0&mid=14251,https://www.education.gov.za/LinkClick.aspx?fileticket=qa_5PqLJgYw%3d&tabid=5475&portalid=0&mid=14251,"MEMO_PDF_EXTRACTION_FAILED — re-ingest with force, or OCR fallback"
Business Studies,2020,1,English,18,101,82,18,0,yes,https://www.education.gov.za/LinkClick.aspx?fileticket=bUsUo8uZAV0%3d&tabid=2702&portalid=0&mid=9658,https://www.education.gov.za/LinkClick.aspx?fileticket=Cb7Nj61euUI%3d&tabid=2702&portalid=0&mid=9658,"MEMO_PDF_EXTRACTION_FAILED — re-ingest with force, or OCR fallback"
Tourism,2022,1,Afrikaans,18,104,83,18,0,yes,https://www.education.gov.za/LinkClick.aspx?fileticket=TtLydQJL0pw%3d&tabid=3138&portalid=0&mid=10581,https://www.education.gov.za/LinkClick.aspx?fileticket=jc3eM8iQugI%3d&tabid=3138&portalid=0&mid=10581,"MEMO_PDF_EXTRACTION_FAILED — re-ingest with force, or OCR fallback"
Electrical Technology,2018,1,English,18,83,78,18,0,yes,https://www.education.gov.za/LinkClick.aspx?fileticket=9L-oZi9nAF4%3d&tabid=1920&portalid=0&mid=7588,https://www.education.gov.za/LinkClick.aspx?fileticket=Xhcp6KyJ84I%3d&tabid=1920&portalid=0&mid=7588,"MEMO_PDF_EXTRACTION_FAILED — re-ingest with force, or OCR fallback"
Mechanical Technology,2024,1,English,18,119,85,18,0,yes,https://www.education.gov.za/LinkClick.aspx?fileticket=icUkMxpOPgk%3d&tabid=4933&portalid=0&mid=13147,https://www.education.gov.za/LinkClick.aspx?fileticket=ttPcADSwE1Y%3d&tabid=4933&portalid=0&mid=13147,"MEMO_PDF_EXTRACTION_FAILED — re-ingest with force, or OCR fallback"
Afrikaans Second Additional Language,2025,2,Afrikaans,18,68,74,18,0,yes,https://www.education.gov.za/LinkClick.aspx?fileticket=1wxaKEGk2tU%3d&tabid=5475&portalid=0&mid=14211,https://www.education.gov.za/LinkClick.aspx?fileticket=rFFkUylCEuM%3d&tabid=5475&portalid=0&mid=14211,"MEMO_PDF_EXTRACTION_FAILED — re-ingest with force, or OCR fallback"
Computer Applications Technology,2020,2,English,18,109,83,18,0,yes,https://www.education.gov.za/LinkClick.aspx?fileticket=Yt6KDyhN7yc%3d&tabid=2702&portalid=0&mid=9618,https://www.education.gov.za/LinkClick.aspx?fileticket=w9ldPQiswD8%3d&tabid=2702&portalid=0&mid=9618,"MEMO_PDF_EXTRACTION_FAILED — re-ingest with force, or OCR fallback"
Economics,2017,1,Afrikaans,18,71,75,18,0,yes,https://www.education.gov.za/LinkClick.aspx?fileticket=eA1orwqwoBc%3d&tabid=1686&portalid=0&mid=6748,https://www.education.gov.za/LinkClick.aspx?fileticket=elTaRvJv6Iw%3d&tabid=1686&portalid=0&mid=6748,"MEMO_PDF_EXTRACTION_FAILED — re-ingest with force, or OCR fallback"
Economics,2016,1,Afrikaans,18,70,74,18,0,yes,https://www.education.gov.za/LinkClick.aspx?fileticket=E92uKh1kWO0%3d&tabid=1000&portalid=0&mid=4436,https://www.education.gov.za/LinkClick.aspx?fileticket=TEHWFcbmYeE%3d&tabid=1000&portalid=0&mid=4436,"MEMO_PDF_EXTRACTION_FAILED — re-ingest with force, or OCR fallback"
Dance studies,2020,1,English,18,18,0,18,0,yes,https://www.education.gov.za/LinkClick.aspx?fileticket=NxgfxkwKN84%3d&tabid=2702&portalid=0&mid=9620,https://www.education.gov.za/LinkClick.aspx?fileticket=loMBNbWzdws%3d&tabid=2702&portalid=0&mid=9620,"MEMO_PDF_EXTRACTION_FAILED — re-ingest with force, or OCR fallback"
Music,2016,1,Afrikaans,18,85,79,18,0,yes,https://www.education.gov.za/LinkClick.aspx?fileticket=H9JstqW50tg%3d&tabid=1000&portalid=0&mid=4406,https://www.education.gov.za/LinkClick.aspx?fileticket=Iwny2TDJQOw%3d&tabid=1000&portalid=0&mid=4406,"MEMO_PDF_EXTRACTION_FAILED — re-ingest with force, or OCR fallback"
Economics,2017,2,Afrikaans,18,73,75,18,0,yes,https://www.education.gov.za/LinkClick.aspx?fileticket=fclga62nBhY%3d&tabid=1686&portalid=0&mid=6748,https://www.education.gov.za/LinkClick.aspx?fileticket=xg-aSQSwp5g%3d&tabid=1686&portalid=0&mid=6748,"MEMO_PDF_EXTRACTION_FAILED — re-ingest with force, or OCR fallback"
Music,2016,1,English,18,85,79,18,0,yes,https://www.education.gov.za/LinkClick.aspx?fileticket=K-XLNk2m98A%3d&tabid=1000&portalid=0&mid=4406,https://www.education.gov.za/LinkClick.aspx?fileticket=d306HVlJ9lc%3d&tabid=1000&portalid=0&mid=4406,"MEMO_PDF_EXTRACTION_FAILED — re-ingest with force, or OCR fallback"
Business Studies,2015,1,English,18,96,81,18,0,yes,https://www.education.gov.za/LinkClick.aspx?fileticket=2QqV116og2w%3d&tabid=979&portalid=0&mid=4274,https://www.education.gov.za/LinkClick.aspx?fileticket=Wmiovbc4qzQ%3d&tabid=979&portalid=0&mid=4274,"MEMO_PDF_EXTRACTION_FAILED — re-ingest with force, or OCR fallback"
Economics,2025,2,Afrikaans,18,76,76,18,0,yes,https://www.education.gov.za/LinkClick.aspx?fileticket=WDjxs0h-HtY%3d&tabid=5475&portalid=0&mid=14235,https://www.education.gov.za/LinkClick.aspx?fileticket=5zbu1ezQ_eE%3d&tabid=5475&portalid=0&mid=14235,"MEMO_PDF_EXTRACTION_FAILED — re-ingest with force, or OCR fallback"
isiXhosa Home Language,2017,1,isiXhosa,18,40,55,18,0,yes,https://www.education.gov.za/LinkClick.aspx?fileticket=nrbpm1AZ77Y%3d&tabid=1686&portalid=0&mid=6735,https://www.education.gov.za/LinkClick.aspx?fileticket=RNYsjBYODqY%3d&tabid=1686&portalid=0&mid=6735,"MEMO_PDF_EXTRACTION_FAILED — re-ingest with force, or OCR fallback"
Electrical Technology,2018,1,Afrikaans,18,83,78,18,0,yes,https://www.education.gov.za/LinkClick.aspx?fileticket=xmC_YOjZADU%3d&tabid=1920&portalid=0&mid=7588,https://www.education.gov.za/LinkClick.aspx?fileticket=oX0SkxRt_-Q%3d&tabid=1920&portalid=0&mid=7588,"MEMO_PDF_EXTRACTION_FAILED — re-ingest with force, or OCR fallback"
Economics,2015,2,Afrikaans,17,70,76,17,0,yes,https://www.education.gov.za/LinkClick.aspx?fileticket=3kr-MdjfQ2E%3d&tabid=979&portalid=0&mid=4281,https://www.education.gov.za/LinkClick.aspx?fileticket=RBkCiymBvTs%3d&tabid=979&portalid=0&mid=4281,"MEMO_PDF_EXTRACTION_FAILED — re-ingest with force, or OCR fallback"
Economics,2015,1,Afrikaans,17,70,76,17,0,yes,https://www.education.gov.za/LinkClick.aspx?fileticket=A89YN2CoRXg%3d&tabid=979&portalid=0&mid=4281,https://www.education.gov.za/LinkClick.aspx?fileticket=bcYtp41oBkk%3d&tabid=979&portalid=0&mid=4281,"MEMO_PDF_EXTRACTION_FAILED — re-ingest with force, or OCR fallback"
Economics,2016,2,Afrikaans,17,68,75,17,0,yes,https://www.education.gov.za/LinkClick.aspx?fileticket=yCm2A9uv2KQ%3d&tabid=1000&portalid=0&mid=4436,https://www.education.gov.za/LinkClick.aspx?fileticket=XqwTI6swAcw%3d&tabid=1000&portalid=0&mid=4436,"MEMO_PDF_EXTRACTION_FAILED — re-ingest with force, or OCR fallback"
Tshivenda Home Language,2020,3,Tshivenda,17,17,0,17,0,yes,https://www.education.gov.za/LinkClick.aspx?fileticket=mc09bf6H-dA%3d&tabid=2702&portalid=0&mid=10160,https://www.education.gov.za/LinkClick.aspx?fileticket=7-Nz0BniE-Q%3d&tabid=2702&portalid=0&mid=10160,"MEMO_PDF_EXTRACTION_FAILED — re-ingest with force, or OCR fallback"
Agricultural Management Practices,2023,1,Afrikaans,17,105,84,17,0,yes,https://www.education.gov.za/LinkClick.aspx?fileticket=zwSaAUnjSJQ%3d&tabid=4504&portalid=0&mid=12297,https://www.education.gov.za/LinkClick.aspx?fileticket=6HziOxHT_TA%3d&tabid=4504&portalid=0&mid=12297,"MEMO_PDF_EXTRACTION_FAILED — re-ingest with force, or OCR fallback"
Economics,2025,1,Afrikaans,17,74,77,17,0,yes,https://www.education.gov.za/LinkClick.aspx?fileticket=mx8t03aGPHg%3d&tabid=5475&portalid=0&mid=14235,https://www.education.gov.za/LinkClick.aspx?fileticket=IYbRlaxq6co%3d&tabid=5475&portalid=0&mid=14235,"MEMO_PDF_EXTRACTION_FAILED — re-ingest with force, or OCR fallback"
Afrikaans Second Additional Language,2023,2,Afrikaans,17,66,74,17,0,yes,https://www.education.gov.za/LinkClick.aspx?fileticket=yX3aG_bPceA%3d&tabid=4504&portalid=0&mid=12283,https://www.education.gov.za/LinkClick.aspx?fileticket=ituAz8Ch_TE%3d&tabid=4504&portalid=0&mid=12283,"MEMO_PDF_EXTRACTION_FAILED — re-ingest with force, or OCR fallback"
Economics,2024,1,Afrikaans,17,74,77,17,0,yes,https://www.education.gov.za/LinkClick.aspx?fileticket=Cu7Aze54gIQ%3d&tabid=4933&portalid=0&mid=13137,https://www.education.gov.za/LinkClick.aspx?fileticket=CSLdisx6Cto%3d&tabid=4933&portalid=0&mid=13137,"MEMO_PDF_EXTRACTION_FAILED — re-ingest with force, or OCR fallback"
Mechanical Technology,2022,1,English,17,96,82,17,0,yes,https://www.education.gov.za/LinkClick.aspx?fileticket=2hbUA9UXF3Q%3d&tabid=3138&portalid=0&mid=10575,https://www.education.gov.za/LinkClick.aspx?fileticket=KqfHJSD0vqc%3d&tabid=3138&portalid=0&mid=10575,"MEMO_PDF_EXTRACTION_FAILED — re-ingest with force, or OCR fallback"
Economics,2017,2,English,17,73,77,17,0,yes,https://www.education.gov.za/LinkClick.aspx?fileticket=koH-2bDxjjk%3d&tabid=1686&portalid=0&mid=6748,https://www.education.gov.za/LinkClick.aspx?fileticket=5BkPkqUSD14%3d&tabid=1686&portalid=0&mid=6748,"MEMO_PDF_EXTRACTION_FAILED — re-ingest with force, or OCR fallback"
Business Studies,2020,1,Afrikaans,17,101,83,17,0,yes,https://www.education.gov.za/LinkClick.aspx?fileticket=7sWQSr1lSi0%3d&tabid=2702&portalid=0&mid=9658,https://www.education.gov.za/LinkClick.aspx?fileticket=0lqk7oVfPGE%3d&tabid=2702&portalid=0&mid=9658,"MEMO_PDF_EXTRACTION_FAILED — re-ingest with force, or OCR fallback"
Physical Sciences,2022,1,English,17,53,68,17,0,yes,https://www.education.gov.za/LinkClick.aspx?fileticket=o_2N5ChGOm8%3d&tabid=3138&portalid=0&mid=10577,https://www.education.gov.za/LinkClick.aspx?fileticket=q9BK62Npx-I%3d&tabid=3138&portalid=0&mid=10577,"MEMO_PDF_EXTRACTION_FAILED — re-ingest with force, or OCR fallback"
Dance studies,2021,1,Afrikaans,17,38,55,17,0,yes,https://www.education.gov.za/LinkClick.aspx?fileticket=Ovs4t1OfzMM%3d&tabid=2837&portalid=0&mid=9903,https://www.education.gov.za/LinkClick.aspx?fileticket=9riagD9Y_LY%3d&tabid=2837&portalid=0&mid=9903,"MEMO_PDF_EXTRACTION_FAILED — re-ingest with force, or OCR fallback"
Tourism,2020,1,Afrikaans,17,101,83,17,0,yes,https://www.education.gov.za/LinkClick.aspx?fileticket=yvFqn_vh9VE%3d&tabid=2702&portalid=0&mid=9638,https://www.education.gov.za/LinkClick.aspx?fileticket=OlPsFZ--jZ0%3d&tabid=2702&portalid=0&mid=9638,"MEMO_PDF_EXTRACTION_FAILED — re-ingest with force, or OCR fallback"
Economics,2017,1,English,17,71,76,17,0,yes,https://www.education.gov.za/LinkClick.aspx?fileticket=myF5Em440NI%3d&tabid=1686&portalid=0&mid=6748,https://www.education.gov.za/LinkClick.aspx?fileticket=S4jlqjYYUjg%3d&tabid=1686&portalid=0&mid=6748,"MEMO_PDF_EXTRACTION_FAILED — re-ingest with force, or OCR fallback"
Tourism,2020,1,English,17,101,83,17,0,yes,https://www.education.gov.za/LinkClick.aspx?fileticket=YJeh-bfdZJA%3d&tabid=2702&portalid=0&mid=9638,https://www.education.gov.za/LinkClick.aspx?fileticket=q6_GUFQfybc%3d&tabid=2702&portalid=0&mid=9638,"MEMO_PDF_EXTRACTION_FAILED — re-ingest with force, or OCR fallback"
Tourism,2018,1,English,16,106,85,16,0,yes,https://www.education.gov.za/LinkClick.aspx?fileticket=lifwSsPW3L0%3d&tabid=1920&portalid=0&mid=7601,https://www.education.gov.za/LinkClick.aspx?fileticket=IyzYukE7HvE%3d&tabid=1920&portalid=0&mid=7601,"MEMO_PDF_EXTRACTION_FAILED — re-ingest with force, or OCR fallback"
isiXhosa First Additional Language,2016,2,isiXhosa,16,92,83,16,0,yes,https://www.education.gov.za/LinkClick.aspx?fileticket=5KDhYfYLaUk%3d&tabid=1000&portalid=0&mid=4416,https://www.education.gov.za/LinkClick.aspx?fileticket=zgG0NC9Iavg%3d&tabid=1000&portalid=0&mid=4416,"MEMO_PDF_EXTRACTION_FAILED — re-ingest with force, or OCR fallback"
isiZulu First Additional Language,2017,3,isiZulu,16,16,0,16,0,yes,https://www.education.gov.za/LinkClick.aspx?fileticket=ynVmA2IGIME%3d&tabid=1686&portalid=0&mid=6736,https://www.education.gov.za/LinkClick.aspx?fileticket=33gLAGYcSNo%3d&tabid=1686&portalid=0&mid=6736,"MEMO_PDF_EXTRACTION_FAILED — re-ingest with force, or OCR fallback"
Physical Sciences,2015,2,English,16,75,79,16,0,yes,https://www.education.gov.za/LinkClick.aspx?fileticket=jssVjtaqI5Y%3d&tabid=979&portalid=0&mid=4293,https://www.education.gov.za/LinkClick.aspx?fileticket=CT62X-UMcL0%3d&tabid=979&portalid=0&mid=4293,"MEMO_PDF_EXTRACTION_FAILED — re-ingest with force, or OCR fallback"
English First Additional Language,2020,1,English,16,55,71,16,0,yes,https://www.education.gov.za/LinkClick.aspx?fileticket=rTt9SRIIHu4%3d&tabid=2702&portalid=0&mid=10166,https://www.education.gov.za/LinkClick.aspx?fileticket=sSbkv8MtON8%3d&tabid=2702&portalid=0&mid=10166,"MEMO_PDF_EXTRACTION_FAILED — re-ingest with force, or OCR fallback"
isiZulu First Additional Language,2016,3,isiZulu,16,16,0,16,0,yes,https://www.education.gov.za/LinkClick.aspx?fileticket=Q-ubOYOy8zE%3d&tabid=1000&portalid=0&mid=4417,https://www.education.gov.za/LinkClick.aspx?fileticket=Gsq0h1zJIGo%3d&tabid=1000&portalid=0&mid=4417,"MEMO_PDF_EXTRACTION_FAILED — re-ingest with force, or OCR fallback"
Agricultural Management Practices,2023,1,English,16,105,85,16,0,yes,https://www.education.gov.za/LinkClick.aspx?fileticket=OKcRouQEYt4%3d&tabid=4504&portalid=0&mid=12297,https://www.education.gov.za/LinkClick.aspx?fileticket=0hpYQO4CD64%3d&tabid=4504&portalid=0&mid=12297,"MEMO_PDF_EXTRACTION_FAILED — re-ingest with force, or OCR fallback"
isiNdebele Home Language,2022,2,isiNdebele,16,138,88,16,0,yes,https://www.education.gov.za/LinkClick.aspx?fileticket=coAEa5Uk4FQ%3d&tabid=3138&portalid=0&mid=10544,https://www.education.gov.za/LinkClick.aspx?fileticket=elH2wtOtNJE%3d&tabid=3138&portalid=0&mid=10544,"MEMO_PDF_EXTRACTION_FAILED — re-ingest with force, or OCR fallback"
Setswana First Additional Language,2020,3,Setswana,16,16,0,16,0,yes,https://www.education.gov.za/LinkClick.aspx?fileticket=gzPw2EII7xk%3d&tabid=2702&portalid=0&mid=10163,https://www.education.gov.za/LinkClick.aspx?fileticket=O5NkgUc2zs0%3d&tabid=2702&portalid=0&mid=10163,"MEMO_PDF_EXTRACTION_FAILED — re-ingest with force, or OCR fallback"
Physical Sciences,2015,1,English,16,51,69,16,0,yes,https://www.education.gov.za/LinkClick.aspx?fileticket=wOZ53L8fBps%3d&tabid=979&portalid=0&mid=4293,https://www.education.gov.za/LinkClick.aspx?fileticket=FM1POEj-o7w%3d&tabid=979&portalid=0&mid=4293,"MEMO_PDF_EXTRACTION_FAILED — re-ingest with force, or OCR fallback"
Agricultural Management Practices,2017,1,English,16,85,81,16,0,yes,https://www.education.gov.za/LinkClick.aspx?fileticket=QRa-4kYwqBA%3d&tabid=1856&portalid=0&mid=8640,https://www.education.gov.za/LinkClick.aspx?fileticket=HOs6-FKwfyI%3d&tabid=1856&portalid=0&mid=8640,"MEMO_PDF_EXTRACTION_FAILED — re-ingest with force, or OCR fallback"
English First Additional Language,2021,1,English,16,55,71,16,0,yes,https://www.education.gov.za/LinkClick.aspx?fileticket=BVttJGRcbzg%3d&tabid=2837&portalid=0&mid=9891,https://www.education.gov.za/LinkClick.aspx?fileticket=lJmPg1o74Zw%3d&tabid=2837&portalid=0&mid=9891,"MEMO_PDF_EXTRACTION_FAILED — re-ingest with force, or OCR fallback"
Music,2015,1,English,16,88,82,16,0,yes,https://www.education.gov.za/LinkClick.aspx?fileticket=JT5eyahu0Gg%3d&tabid=979&portalid=0&mid=4292,https://www.education.gov.za/LinkClick.aspx?fileticket=EJb83G-JPyE%3d&tabid=979&portalid=0&mid=4292,"MEMO_PDF_EXTRACTION_FAILED — re-ingest with force, or OCR fallback"
Economics,2016,2,English,16,68,76,16,0,yes,https://www.education.gov.za/LinkClick.aspx?fileticket=Vub_UrZiqKY%3d&tabid=1000&portalid=0&mid=4436,https://www.education.gov.za/LinkClick.aspx?fileticket=P300FVcXRO0%3d&tabid=1000&portalid=0&mid=4436,"MEMO_PDF_EXTRACTION_FAILED — re-ingest with force, or OCR fallback"
Economics,2015,2,English,16,70,77,16,0,yes,https://www.education.gov.za/LinkClick.aspx?fileticket=31nP-4QtsbI%3d&tabid=979&portalid=0&mid=4281,https://www.education.gov.za/LinkClick.aspx?fileticket=_53BIQhQPCY%3d&tabid=979&portalid=0&mid=4281,"MEMO_PDF_EXTRACTION_FAILED — re-ingest with force, or OCR fallback"
Economics,2015,1,English,16,70,77,16,0,yes,https://www.education.gov.za/LinkClick.aspx?fileticket=MRZ7fIRGU8c%3d&tabid=979&portalid=0&mid=4281,https://www.education.gov.za/LinkClick.aspx?fileticket=I38gEotvgQ0%3d&tabid=979&portalid=0&mid=4281,"MEMO_PDF_EXTRACTION_FAILED — re-ingest with force, or OCR fallback"
isiXhosa Home Language,2021,2,isiXhosa,16,99,84,16,0,yes,https://www.education.gov.za/LinkClick.aspx?fileticket=t3rKNleO7O0%3d&tabid=2837&portalid=0&mid=10517,https://www.education.gov.za/LinkClick.aspx?fileticket=y4D-Udj9t_8%3d&tabid=2837&portalid=0&mid=10517,"MEMO_PDF_EXTRACTION_FAILED — re-ingest with force, or OCR fallback"
Setswana First Additional Language,2019,3,Setswana,16,16,0,16,0,yes,https://www.education.gov.za/LinkClick.aspx?fileticket=vy4xS4950So%3d&tabid=2468&portalid=0&mid=8919,https://www.education.gov.za/LinkClick.aspx?fileticket=95V-kcx0LWE%3d&tabid=2468&portalid=0&mid=8919,"MEMO_PDF_EXTRACTION_FAILED — re-ingest with force, or OCR fallback"
isiZulu First Additional Language,2023,3,isiZulu,16,16,0,16,0,yes,https://www.education.gov.za/LinkClick.aspx?fileticket=5ioLdpIA-BE%3d&tabid=4504&portalid=0&mid=12287,https://www.education.gov.za/LinkClick.aspx?fileticket=wSxypZRfo4g%3d&tabid=4504&portalid=0&mid=12287,"MEMO_PDF_EXTRACTION_FAILED — re-ingest with force, or OCR fallback"
isiZulu First Additional Language,2015,3,isiZulu,16,16,0,16,0,yes,https://www.education.gov.za/LinkClick.aspx?fileticket=xEeCI9kx010%3d&tabid=979&portalid=0&mid=4302,https://www.education.gov.za/LinkClick.aspx?fileticket=MTLtClVaZr8%3d&tabid=979&portalid=0&mid=4302,"MEMO_PDF_EXTRACTION_FAILED — re-ingest with force, or OCR fallback"
Setswana First Additional Language,2022,3,Setswana,16,16,0,16,0,yes,https://www.education.gov.za/LinkClick.aspx?fileticket=ATcsccGrt4g%3d&tabid=3138&portalid=0&mid=10549,https://www.education.gov.za/LinkClick.aspx?fileticket=DLJmca29tQQ%3d&tabid=3138&portalid=0&mid=10549,"MEMO_PDF_EXTRACTION_FAILED — re-ingest with force, or OCR fallback"
Setswana First Additional Language,2021,3,Setswana,16,16,0,16,0,yes,https://www.education.gov.za/LinkClick.aspx?fileticket=PtNjiSh9cj4%3d&tabid=2837&portalid=0&mid=9948,https://www.education.gov.za/LinkClick.aspx?fileticket=_pT3hcYRbf0%3d&tabid=2837&portalid=0&mid=9948,"MEMO_PDF_EXTRACTION_FAILED — re-ingest with force, or OCR fallback"
Tourism,2018,1,Afrikaans,16,106,85,16,0,yes,https://www.education.gov.za/LinkClick.aspx?fileticket=BL2qYsVpJyo%3d&tabid=1920&portalid=0&mid=7601,https://www.education.gov.za/LinkClick.aspx?fileticket=F9kt_fdaizA%3d&tabid=1920&portalid=0&mid=7601,"MEMO_PDF_EXTRACTION_FAILED — re-ingest with force, or OCR fallback"
Afrikaans Second Additional Language,2017,2,Afrikaans,16,16,0,16,0,yes,https://www.education.gov.za/LinkClick.aspx?fileticket=-6BJ8y-qn9c%3d&tabid=1856&portalid=0&mid=8600,https://www.education.gov.za/LinkClick.aspx?fileticket=_FnwV2Eisbc%3d&tabid=1856&portalid=0&mid=8600,"MEMO_PDF_EXTRACTION_FAILED — re-ingest with force, or OCR fallback"
Physical Sciences,2024,2,English,16,72,78,16,0,yes,https://www.education.gov.za/LinkClick.aspx?fileticket=m9pJHmW-bek%3d&tabid=4933&portalid=0&mid=13149,https://www.education.gov.za/LinkClick.aspx?fileticket=xFHHWbrK80I%3d&tabid=4933&portalid=0&mid=13149,"MEMO_PDF_EXTRACTION_FAILED — re-ingest with force, or OCR fallback"
isiZulu First Additional Language,2019,3,isiZulu,16,16,0,16,0,yes,https://www.education.gov.za/LinkClick.aspx?fileticket=CJose4i779o%3d&tabid=2468&portalid=0&mid=8913,https://www.education.gov.za/LinkClick.aspx?fileticket=87veZ80SAE0%3d&tabid=2468&portalid=0&mid=8913,"MEMO_PDF_EXTRACTION_FAILED — re-ingest with force, or OCR fallback"
Tourism,2023,1,English,16,115,86,16,0,yes,https://www.education.gov.za/LinkClick.aspx?fileticket=ncjpZ6d62qs%3d&tabid=4504&portalid=0&mid=12325,https://www.education.gov.za/LinkClick.aspx?fileticket=yteulRr1guc%3d&tabid=4504&portalid=0&mid=12325,"MEMO_PDF_EXTRACTION_FAILED — re-ingest with force, or OCR fallback"
English First Additional Language,2025,2,English,16,98,84,16,0,yes,https://www.education.gov.za/LinkClick.aspx?fileticket=E3kkv7eqk4A%3d&tabid=5742&portalid=0&mid=14813,https://www.education.gov.za/LinkClick.aspx?fileticket=4TCgCzWxc_s%3d&tabid=5742&portalid=0&mid=14813,"MEMO_PDF_EXTRACTION_FAILED — re-ingest with force, or OCR fallback"
Economics,2016,1,English,16,70,77,16,0,yes,https://www.education.gov.za/LinkClick.aspx?fileticket=c3w7beRrxt8%3d&tabid=1000&portalid=0&mid=4436,https://www.education.gov.za/LinkClick.aspx?fileticket=UW0sSoNeY8s%3d&tabid=1000&portalid=0&mid=4436,"MEMO_PDF_EXTRACTION_FAILED — re-ingest with force, or OCR fallback"
Economics,2021,1,Afrikaans,16,74,78,16,0,yes,https://www.education.gov.za/LinkClick.aspx?fileticket=8wpq01Ex6Ns%3d&tabid=2837&portalid=0&mid=9906,https://www.education.gov.za/LinkClick.aspx?fileticket=0qCI0Hi70hE%3d&tabid=2837&portalid=0&mid=9906,"MEMO_PDF_EXTRACTION_FAILED — re-ingest with force, or OCR fallback"
Electrical Technology,2016,1,Afrikaans,16,70,77,16,0,yes,https://www.education.gov.za/LinkClick.aspx?fileticket=0ZeZFV1UVAg%3d&tabid=1000&portalid=0&mid=4437,https://www.education.gov.za/LinkClick.aspx?fileticket=YrbhQCF9p2M%3d&tabid=1000&portalid=0&mid=4437,"MEMO_PDF_EXTRACTION_FAILED — re-ingest with force, or OCR fallback"
Afrikaans Home Language,2019,3,Afrikaans,15,15,0,15,0,yes,https://www.education.gov.za/LinkClick.aspx?fileticket=uRvvYHarQcQ%3d&tabid=2468&portalid=0&mid=8904,https://www.education.gov.za/LinkClick.aspx?fileticket=Yjj_Khpiv5k%3d&tabid=2468&portalid=0&mid=8904,"MEMO_PDF_EXTRACTION_FAILED — re-ingest with force, or OCR fallback"
isiZulu First Additional Language,2025,3,isiZulu,15,15,0,15,0,yes,https://www.education.gov.za/LinkClick.aspx?fileticket=6Sym0pStb0Y%3d&tabid=5475&portalid=0&mid=14215,https://www.education.gov.za/LinkClick.aspx?fileticket=M452dPuJ3io%3d&tabid=5475&portalid=0&mid=14215,"MEMO_PDF_EXTRACTION_FAILED — re-ingest with force, or OCR fallback"
Physical Sciences,2019,1,English,15,57,74,15,0,yes,https://www.education.gov.za/LinkClick.aspx?fileticket=-bsSlqnydlc%3d&tabid=2468&portalid=0&mid=8943,https://www.education.gov.za/LinkClick.aspx?fileticket=m_QWT5EStQY%3d&tabid=2468&portalid=0&mid=8943,"MEMO_PDF_EXTRACTION_FAILED — re-ingest with force, or OCR fallback"
Afrikaans Home Language,2016,3,Afrikaans,15,15,0,15,0,yes,https://www.education.gov.za/LinkClick.aspx?fileticket=6y_QftczKg0%3d&tabid=1000&portalid=0&mid=4423,https://www.education.gov.za/LinkClick.aspx?fileticket=tR95akaiKAI%3d&tabid=1000&portalid=0&mid=4423,"MEMO_PDF_EXTRACTION_FAILED — re-ingest with force, or OCR fallback"
Design,2024,2,Afrikaans,15,15,0,0,15,no,https://www.education.gov.za/LinkClick.aspx?fileticket=O6jxkIgzrfQ%3d&tabid=5193&portalid=0&mid=13712,,MEMO_NOT_PUBLISHED_BY_DBE — portfolio/practical submission assessed by embedded rubric; no memo PDF exists
Setswana Home Language,2017,3,Setswana,15,15,0,15,0,yes,https://www.education.gov.za/LinkClick.aspx?fileticket=dCszbozEi8U%3d&tabid=1856&portalid=0&mid=8613,https://www.education.gov.za/LinkClick.aspx?fileticket=V44xjGulhPU%3d&tabid=1856&portalid=0&mid=8613,"MEMO_PDF_EXTRACTION_FAILED — re-ingest with force, or OCR fallback"
Afrikaans Home Language,2020,3,Afrikaans,15,15,0,15,0,yes,https://www.education.gov.za/LinkClick.aspx?fileticket=6jPi8D5tzwU%3d&tabid=2702&portalid=0&mid=10165,https://www.education.gov.za/LinkClick.aspx?fileticket=MmNjrYdD9aA%3d&tabid=2702&portalid=0&mid=10165,"MEMO_PDF_EXTRACTION_FAILED — re-ingest with force, or OCR fallback"
Setswana First Additional Language,2023,3,Setswana,15,15,0,15,0,yes,https://www.education.gov.za/LinkClick.aspx?fileticket=byowche8CAo%3d&tabid=4504&portalid=0&mid=12290,https://www.education.gov.za/LinkClick.aspx?fileticket=AO8vwHl4oxU%3d&tabid=4504&portalid=0&mid=12290,"MEMO_PDF_EXTRACTION_FAILED — re-ingest with force, or OCR fallback"
Physical Sciences,2024,1,English,15,53,72,15,0,yes,https://www.education.gov.za/LinkClick.aspx?fileticket=hMpdRUVbBVE%3d&tabid=4933&portalid=0&mid=13149,https://www.education.gov.za/LinkClick.aspx?fileticket=0jBTW_KEhkM%3d&tabid=4933&portalid=0&mid=13149,"MEMO_PDF_EXTRACTION_FAILED — re-ingest with force, or OCR fallback"
Economics,2020,2,Afrikaans,15,74,80,15,0,yes,https://www.education.gov.za/LinkClick.aspx?fileticket=sb-gdNjNDGg%3d&tabid=2702&portalid=0&mid=9623,https://www.education.gov.za/LinkClick.aspx?fileticket=hdlyROzCn34%3d&tabid=2702&portalid=0&mid=9623,"MEMO_PDF_EXTRACTION_FAILED — re-ingest with force, or OCR fallback"
isiZulu First Additional Language,2022,3,isiZulu,15,15,0,15,0,yes,https://www.education.gov.za/LinkClick.aspx?fileticket=c5aUeIGlxes%3d&tabid=3138&portalid=0&mid=10546,https://www.education.gov.za/LinkClick.aspx?fileticket=QeG1yjYO9OQ%3d&tabid=3138&portalid=0&mid=10546,"MEMO_PDF_EXTRACTION_FAILED — re-ingest with force, or OCR fallback"
Technical Sciences,2021,1,English,15,53,72,15,0,yes,https://www.education.gov.za/LinkClick.aspx?fileticket=Wa39RQdlyes%3d&tabid=2837&portalid=0&mid=9922,https://www.education.gov.za/LinkClick.aspx?fileticket=8IYILsdaNkQ%3d&tabid=2837&portalid=0&mid=9922,"MEMO_PDF_EXTRACTION_FAILED — re-ingest with force, or OCR fallback"
Music,2025,1,English,15,96,84,15,0,yes,https://www.education.gov.za/LinkClick.aspx?fileticket=T1lPLdUTO3Q%3d&tabid=5475&portalid=0&mid=14246,https://www.education.gov.za/LinkClick.aspx?fileticket=9NFhBvw4ZdI%3d&tabid=5475&portalid=0&mid=14246,"MEMO_PDF_EXTRACTION_FAILED — re-ingest with force, or OCR fallback"
isiXhosa Home Language,2019,2,isiXhosa,15,99,85,15,0,yes,https://www.education.gov.za/LinkClick.aspx?fileticket=DZtF1Z6rJ04%3d&tabid=2468&portalid=0&mid=8912,https://www.education.gov.za/LinkClick.aspx?fileticket=M33xBtEyc_c%3d&tabid=2468&portalid=0&mid=8912,"MEMO_PDF_EXTRACTION_FAILED — re-ingest with force, or OCR fallback"
isiZulu First Additional Language,2021,1,isiZulu,15,43,65,15,0,yes,https://www.education.gov.za/LinkClick.aspx?fileticket=3qNzGW9rTRA%3d&tabid=2837&portalid=0&mid=10518,https://www.education.gov.za/LinkClick.aspx?fileticket=oo2UNgPBtws%3d&tabid=2837&portalid=0&mid=10518,"MEMO_PDF_EXTRACTION_FAILED — re-ingest with force, or OCR fallback"
Tourism,2023,1,Afrikaans,15,115,87,15,0,yes,https://www.education.gov.za/LinkClick.aspx?fileticket=R5pWA87HK3Y%3d&tabid=4504&portalid=0&mid=12325,https://www.education.gov.za/LinkClick.aspx?fileticket=clyab1JjcMQ%3d&tabid=4504&portalid=0&mid=12325,"MEMO_PDF_EXTRACTION_FAILED — re-ingest with force, or OCR fallback"
Economics,2022,2,Afrikaans,15,73,79,15,0,yes,https://www.education.gov.za/LinkClick.aspx?fileticket=rxlxFC5ab6Y%3d&tabid=3138&portalid=0&mid=10565,https://www.education.gov.za/LinkClick.aspx?fileticket=g1vn57O7MPc%3d&tabid=3138&portalid=0&mid=10565,"MEMO_PDF_EXTRACTION_FAILED — re-ingest with force, or OCR fallback"
isiZulu Home Language,2016,3,isiZulu,15,15,0,15,0,yes,https://www.education.gov.za/LinkClick.aspx?fileticket=4mozM0oFS-o%3d&tabid=1000&portalid=0&mid=4417,https://www.education.gov.za/LinkClick.aspx?fileticket=YSnupzdg6bg%3d&tabid=1000&portalid=0&mid=4417,"MEMO_PDF_EXTRACTION_FAILED — re-ingest with force, or OCR fallback"
isiZulu Home Language,2015,3,isiZulu,15,15,0,15,0,yes,https://www.education.gov.za/LinkClick.aspx?fileticket=aMLi-sS4Hfo%3d&tabid=979&portalid=0&mid=4302,https://www.education.gov.za/LinkClick.aspx?fileticket=_ndhxavT-D8%3d&tabid=979&portalid=0&mid=4302,"MEMO_PDF_EXTRACTION_FAILED — re-ingest with force, or OCR fallback"
Music,2015,1,Afrikaans,15,89,83,15,0,yes,https://www.education.gov.za/LinkClick.aspx?fileticket=mMTL5eFJxv0%3d&tabid=979&portalid=0&mid=4292,https://www.education.gov.za/LinkClick.aspx?fileticket=GhS1jCCZP8A%3d&tabid=979&portalid=0&mid=4292,"MEMO_PDF_EXTRACTION_FAILED — re-ingest with force, or OCR fallback"
Consumer Studies,2023,1,English,15,82,82,15,0,yes,https://www.education.gov.za/LinkClick.aspx?fileticket=P5ykbqWn1jg%3d&tabid=4504&portalid=0&mid=12303,https://www.education.gov.za/LinkClick.aspx?fileticket=sHcdSJb9rkc%3d&tabid=4504&portalid=0&mid=12303,"MEMO_PDF_EXTRACTION_FAILED — re-ingest with force, or OCR fallback"
Setswana First Additional Language,2025,3,Setswana,15,15,0,15,0,yes,https://www.education.gov.za/LinkClick.aspx?fileticket=TAvJdwNnNu0%3d&tabid=5475&portalid=0&mid=14218,https://www.education.gov.za/LinkClick.aspx?fileticket=e6CY2XtDmko%3d&tabid=5475&portalid=0&mid=14218,"MEMO_PDF_EXTRACTION_FAILED — re-ingest with force, or OCR fallback"
Design,2024,2,English,15,15,0,0,15,no,https://www.education.gov.za/LinkClick.aspx?fileticket=9DVxK0GR2BI%3d&tabid=5193&portalid=0&mid=13712,,MEMO_NOT_PUBLISHED_BY_DBE — portfolio/practical submission assessed by embedded rubric; no memo PDF exists
Afrikaans Home Language,2021,3,Afrikaans,15,15,0,15,0,yes,https://www.education.gov.za/LinkClick.aspx?fileticket=kaK64Sko6LM%3d&tabid=2837&portalid=0&mid=9945,https://www.education.gov.za/LinkClick.aspx?fileticket=dTOl21G0UAs%3d&tabid=2837&portalid=0&mid=9945,"MEMO_PDF_EXTRACTION_FAILED — re-ingest with force, or OCR fallback"
Tshivenda First Additional Language,2025,3,Tshivenda,15,15,0,0,15,yes,https://www.education.gov.za/LinkClick.aspx?fileticket=LuxFAqNYJvk%3d&tabid=5475&portalid=0&mid=14221,,MEMO_IN_CATALOG_NOT_LINKED — re-ingest with force to re-pair
Consumer Studies,2023,1,Afrikaans,15,82,82,15,0,yes,https://www.education.gov.za/LinkClick.aspx?fileticket=s4PeY_QXxDY%3d&tabid=4504&portalid=0&mid=12303,https://www.education.gov.za/LinkClick.aspx?fileticket=gdEQcgozysc%3d&tabid=4504&portalid=0&mid=12303,"MEMO_PDF_EXTRACTION_FAILED — re-ingest with force, or OCR fallback"
Setswana First Additional Language,2022,2,Setswana,15,145,90,15,0,yes,https://www.education.gov.za/LinkClick.aspx?fileticket=Ig8zS2GEp2Q%3d&tabid=3138&portalid=0&mid=10549,https://www.education.gov.za/LinkClick.aspx?fileticket=G04FuBXg4ac%3d&tabid=3138&portalid=0&mid=10549,"MEMO_PDF_EXTRACTION_FAILED — re-ingest with force, or OCR fallback"
isiZulu First Additional Language,2024,3,isiZulu,15,15,0,15,0,yes,https://www.education.gov.za/LinkClick.aspx?fileticket=W13FoYNZNDs%3d&tabid=4933&portalid=0&mid=13117,https://www.education.gov.za/LinkClick.aspx?fileticket=tne9_cjSO9U%3d&tabid=4933&portalid=0&mid=13117,"MEMO_PDF_EXTRACTION_FAILED — re-ingest with force, or OCR fallback"
Tshivenda Home Language,2023,2,Tshivenda,15,26,42,15,0,yes,https://www.education.gov.za/LinkClick.aspx?fileticket=wxxc837Z-zU%3d&tabid=4504&portalid=0&mid=12293,https://www.education.gov.za/LinkClick.aspx?fileticket=5iVMGJvFFP0%3d&tabid=4504&portalid=0&mid=12293,"MEMO_PDF_EXTRACTION_FAILED — re-ingest with force, or OCR fallback"
English First Additional Language,2024,3,English,15,15,0,0,15,yes,https://www.education.gov.za/LinkClick.aspx?fileticket=GZ1RexGICD0%3d&tabid=4933&portalid=0&mid=13114,,MEMO_IN_CATALOG_NOT_LINKED — re-ingest with force to re-pair
Electrical Technology,2017,1,English,15,85,82,15,0,yes,https://www.education.gov.za/LinkClick.aspx?fileticket=K4NRgXFFs3k%3d&tabid=1856&portalid=0&mid=7343,https://www.education.gov.za/LinkClick.aspx?fileticket=eNKvMu4Zsrk%3d&tabid=1856&portalid=0&mid=7343,"MEMO_PDF_EXTRACTION_FAILED — re-ingest with force, or OCR fallback"
Physical Sciences,2020,1,English,15,56,73,15,0,yes,https://www.education.gov.za/LinkClick.aspx?fileticket=65cL9MczvtQ%3d&tabid=2702&portalid=0&mid=9635,https://www.education.gov.za/LinkClick.aspx?fileticket=1MOdP9_gqm4%3d&tabid=2702&portalid=0&mid=9635,"MEMO_PDF_EXTRACTION_FAILED — re-ingest with force, or OCR fallback"
Physical Sciences,2018,2,English,15,73,79,15,0,yes,https://www.education.gov.za/LinkClick.aspx?fileticket=sd5MNP36JM8%3d&tabid=1920&portalid=0&mid=7599,https://www.education.gov.za/LinkClick.aspx?fileticket=Y7_rdOQmGzU%3d&tabid=1920&portalid=0&mid=7599,"MEMO_PDF_EXTRACTION_FAILED — re-ingest with force, or OCR fallback"
isiXhosa Home Language,2017,3,isiXhosa,15,15,0,0,15,no,https://www.education.gov.za/LinkClick.aspx?fileticket=ipPIxr0fODw%3d&tabid=1686&portalid=0&mid=6735,,MEMO_NOT_PUBLISHED_BY_DBE — portfolio/practical submission assessed by embedded rubric; no memo PDF exists
isiNdebele First Additional Language,2023,3,isiNdebele,15,15,0,0,15,yes,https://www.education.gov.za/LinkClick.aspx?fileticket=s0Y9KTIVT7U%3d&tabid=4504&portalid=0&mid=12285,,MEMO_IN_CATALOG_NOT_LINKED — re-ingest with force to re-pair
Dance studies,2023,1,English,14,41,66,14,0,yes,https://www.education.gov.za/LinkClick.aspx?fileticket=Df2zgNc9ooI%3d&tabid=4504&portalid=0&mid=12304,https://www.education.gov.za/LinkClick.aspx?fileticket=OSKD_gacFLM%3d&tabid=4504&portalid=0&mid=12304,"MEMO_PDF_EXTRACTION_FAILED — re-ingest with force, or OCR fallback"
Design,2017,2,English,14,14,0,0,14,no,https://www.education.gov.za/LinkClick.aspx?fileticket=7sy3dMdyDYQ%3d&tabid=1856&portalid=0&mid=7340,,MEMO_NOT_PUBLISHED_BY_DBE — portfolio/practical submission assessed by embedded rubric; no memo PDF exists
Design,2015,2,English,14,14,0,0,14,no,https://www.education.gov.za/LinkClick.aspx?fileticket=dmBFWH7PavQ%3d&tabid=979&portalid=0&mid=4279,,MEMO_NOT_PUBLISHED_BY_DBE — portfolio/practical submission assessed by embedded rubric; no memo PDF exists
Design,2020,2,Afrikaans,14,14,0,0,14,no,https://www.education.gov.za/LinkClick.aspx?fileticket=V08gBVTDpKU%3d&tabid=2702&portalid=0&mid=9621,,MEMO_NOT_PUBLISHED_BY_DBE — portfolio/practical submission assessed by embedded rubric; no memo PDF exists
Electrical Technology,2017,1,Afrikaans,14,85,84,14,0,yes,https://www.education.gov.za/LinkClick.aspx?fileticket=_jie2UBRpVU%3d&tabid=1856&portalid=0&mid=7343,https://www.education.gov.za/LinkClick.aspx?fileticket=-qo9oKl9ATs%3d&tabid=1856&portalid=0&mid=7343,"MEMO_PDF_EXTRACTION_FAILED — re-ingest with force, or OCR fallback"
Physical Sciences,2021,1,English,14,55,75,14,0,yes,https://www.education.gov.za/LinkClick.aspx?fileticket=fwuKbvYVeLA%3d&tabid=2837&portalid=0&mid=9918,https://www.education.gov.za/LinkClick.aspx?fileticket=S7FjUU2IRHo%3d&tabid=2837&portalid=0&mid=9918,"MEMO_PDF_EXTRACTION_FAILED — re-ingest with force, or OCR fallback"
Economics,2025,2,English,14,76,82,14,0,yes,https://www.education.gov.za/LinkClick.aspx?fileticket=v83fqXYjzPI%3d&tabid=5475&portalid=0&mid=14235,https://www.education.gov.za/LinkClick.aspx?fileticket=rQqyN2LkpdU%3d&tabid=5475&portalid=0&mid=14235,"MEMO_PDF_EXTRACTION_FAILED — re-ingest with force, or OCR fallback"
Economics,2018,2,Afrikaans,14,74,81,14,0,yes,https://www.education.gov.za/LinkClick.aspx?fileticket=5ltY74dBCb8%3d&tabid=1920&portalid=0&mid=7587,https://www.education.gov.za/LinkClick.aspx?fileticket=8lvsS1iR06E%3d&tabid=1920&portalid=0&mid=7587,"MEMO_PDF_EXTRACTION_FAILED — re-ingest with force, or OCR fallback"
Design,2023,2,English,14,14,0,0,14,no,https://www.education.gov.za/LinkClick.aspx?fileticket=dF9e3HjHTDc%3d&tabid=4682&portalid=0&mid=12669,,MEMO_NOT_PUBLISHED_BY_DBE — portfolio/practical submission assessed by embedded rubric; no memo PDF exists
isiZulu First Additional Language,2021,3,isiZulu,14,14,0,14,0,yes,https://www.education.gov.za/LinkClick.aspx?fileticket=v0LbqsgVMN0%3d&tabid=2837&portalid=0&mid=10518,https://www.education.gov.za/LinkClick.aspx?fileticket=09oP-JsZOCg%3d&tabid=2837&portalid=0&mid=10518,"MEMO_PDF_EXTRACTION_FAILED — re-ingest with force, or OCR fallback"
Design,2021,2,Afrikaans,14,14,0,0,14,no,https://www.education.gov.za/LinkClick.aspx?fileticket=5yG99Pt0D8k%3d&tabid=2922&portalid=0&mid=10124,,MEMO_NOT_PUBLISHED_BY_DBE — portfolio/practical submission assessed by embedded rubric; no memo PDF exists
English First Additional Language,2017,2,English,14,118,88,14,0,yes,https://www.education.gov.za/LinkClick.aspx?fileticket=_G7j5e0UOCc%3d&tabid=1686&portalid=0&mid=6733,https://www.education.gov.za/LinkClick.aspx?fileticket=0ldPf0XO22Y%3d&tabid=1686&portalid=0&mid=6733,"MEMO_PDF_EXTRACTION_FAILED — re-ingest with force, or OCR fallback"
Afrikaans Home Language,2025,3,Afrikaans,14,14,0,0,14,yes,https://www.education.gov.za/LinkClick.aspx?fileticket=KbjGy9oUwNw%3d&tabid=5475&portalid=0&mid=14211,,MEMO_IN_CATALOG_NOT_LINKED — re-ingest with force to re-pair
Design,2023,2,Afrikaans,14,14,0,0,14,no,https://www.education.gov.za/LinkClick.aspx?fileticket=IRvCicIKO3o%3d&tabid=4682&portalid=0&mid=12669,,MEMO_NOT_PUBLISHED_BY_DBE — portfolio/practical submission assessed by embedded rubric; no memo PDF exists
Design,2017,2,Afrikaans,14,14,0,0,14,no,https://www.education.gov.za/LinkClick.aspx?fileticket=d559-gT8ld8%3d&tabid=1856&portalid=0&mid=7340,,MEMO_NOT_PUBLISHED_BY_DBE — portfolio/practical submission assessed by embedded rubric; no memo PDF exists
Design,2020,2,English,14,14,0,0,14,no,https://www.education.gov.za/LinkClick.aspx?fileticket=anQVI6ZFESg%3d&tabid=2702&portalid=0&mid=9621,,MEMO_NOT_PUBLISHED_BY_DBE — portfolio/practical submission assessed by embedded rubric; no memo PDF exists
Tourism,2024,1,English,14,104,87,14,0,yes,https://www.education.gov.za/LinkClick.aspx?fileticket=-15PkcyjOwk%3d&tabid=4933&portalid=0&mid=13153,https://www.education.gov.za/LinkClick.aspx?fileticket=JumoZiVzxHQ%3d&tabid=4933&portalid=0&mid=13153,"MEMO_PDF_EXTRACTION_FAILED — re-ingest with force, or OCR fallback"
Afrikaans First Additional Language,2021,1,Afrikaans,14,74,81,14,0,yes,https://www.education.gov.za/LinkClick.aspx?fileticket=uJz-96ufmi8%3d&tabid=2837&portalid=0&mid=9945,https://www.education.gov.za/LinkClick.aspx?fileticket=qYpo9pfLciM%3d&tabid=2837&portalid=0&mid=9945,"MEMO_PDF_EXTRACTION_FAILED — re-ingest with force, or OCR fallback"
Setswana First Additional Language,2017,3,Setswana,14,14,0,14,0,yes,https://www.education.gov.za/LinkClick.aspx?fileticket=6OOgGIBEC_I%3d&tabid=1686&portalid=0&mid=6739,https://www.education.gov.za/LinkClick.aspx?fileticket=4B_XpDv-YhY%3d&tabid=1686&portalid=0&mid=6739,"MEMO_PDF_EXTRACTION_FAILED — re-ingest with force, or OCR fallback"
Dance studies,2023,1,Afrikaans,14,41,66,14,0,yes,https://www.education.gov.za/LinkClick.aspx?fileticket=PrUZfHB-rOs%3d&tabid=4504&portalid=0&mid=12304,https://www.education.gov.za/LinkClick.aspx?fileticket=oP_qPPCsNjY%3d&tabid=4504&portalid=0&mid=12304,"MEMO_PDF_EXTRACTION_FAILED — re-ingest with force, or OCR fallback"
Economics,2018,1,Afrikaans,14,74,81,14,0,yes,https://www.education.gov.za/LinkClick.aspx?fileticket=3gcmXrbZQqE%3d&tabid=1920&portalid=0&mid=7587,https://www.education.gov.za/LinkClick.aspx?fileticket=zvHqRn4j-t0%3d&tabid=1920&portalid=0&mid=7587,"MEMO_PDF_EXTRACTION_FAILED — re-ingest with force, or OCR fallback"
Design,2015,2,Afrikaans,14,14,0,0,14,no,https://www.education.gov.za/LinkClick.aspx?fileticket=Xc1GJlFC1To%3d&tabid=979&portalid=0&mid=4279,,MEMO_NOT_PUBLISHED_BY_DBE — portfolio/practical submission assessed by embedded rubric; no memo PDF exists
Mechanical Technology,2021,1,English,14,82,83,14,0,yes,https://www.education.gov.za/LinkClick.aspx?fileticket=odAWI3-6CjQ%3d&tabid=2837&portalid=0&mid=9916,https://www.education.gov.za/LinkClick.aspx?fileticket=VTnbwYmiahU%3d&tabid=2837&portalid=0&mid=9916,"MEMO_PDF_EXTRACTION_FAILED — re-ingest with force, or OCR fallback"
Setswana First Additional Language,2021,2,Setswana,14,149,91,14,0,yes,https://www.education.gov.za/LinkClick.aspx?fileticket=c9Ft8LZ3PJk%3d&tabid=2837&portalid=0&mid=9948,https://www.education.gov.za/LinkClick.aspx?fileticket=YdmPikgYWr4%3d&tabid=2837&portalid=0&mid=9948,"MEMO_PDF_EXTRACTION_FAILED — re-ingest with force, or OCR fallback"
isiZulu Second Additional Language,2021,2,isiZulu,14,14,0,0,14,no,https://www.education.gov.za/LinkClick.aspx?fileticket=TDQoA5tf2v4%3d&tabid=2922&portalid=0&mid=10179,,MEMO_MISSING_FROM_CATALOG — manually source memo PDF
Design,2021,2,English,14,14,0,0,14,no,https://www.education.gov.za/LinkClick.aspx?fileticket=yPOuOETALxI%3d&tabid=2922&portalid=0&mid=10124,,MEMO_NOT_PUBLISHED_BY_DBE — portfolio/practical submission assessed by embedded rubric; no memo PDF exists
Economics,2020,1,Afrikaans,14,74,81,14,0,yes,https://www.education.gov.za/LinkClick.aspx?fileticket=fA5BYU-eU_E%3d&tabid=2702&portalid=0&mid=9623,https://www.education.gov.za/LinkClick.aspx?fileticket=BkaWZ-SoQlY%3d&tabid=2702&portalid=0&mid=9623,"MEMO_PDF_EXTRACTION_FAILED — re-ingest with force, or OCR fallback"
Economics,2025,1,English,13,74,82,13,0,yes,https://www.education.gov.za/LinkClick.aspx?fileticket=OKNjXZiklCs%3d&tabid=5475&portalid=0&mid=14235,https://www.education.gov.za/LinkClick.aspx?fileticket=7SKR2VePptw%3d&tabid=5475&portalid=0&mid=14235,"MEMO_PDF_EXTRACTION_FAILED — re-ingest with force, or OCR fallback"
Economics,2021,2,Afrikaans,13,76,83,13,0,yes,https://www.education.gov.za/LinkClick.aspx?fileticket=3qCqGi-SmCk%3d&tabid=2837&portalid=0&mid=9906,https://www.education.gov.za/LinkClick.aspx?fileticket=9LGtxNrUo8k%3d&tabid=2837&portalid=0&mid=9906,"MEMO_PDF_EXTRACTION_FAILED — re-ingest with force, or OCR fallback"
siSwati First Additional Language,2024,2,siSwati,13,71,82,13,0,yes,https://www.education.gov.za/LinkClick.aspx?fileticket=IBK56WvUf8M%3d&tabid=4933&portalid=0&mid=13122,https://www.education.gov.za/LinkClick.aspx?fileticket=ur1olig0qLY%3d&tabid=4933&portalid=0&mid=13122,"MEMO_PDF_EXTRACTION_FAILED — re-ingest with force, or OCR fallback"
isiNdebele First Additional Language,2019,1,isiNdebele,13,49,73,13,0,yes,https://www.education.gov.za/LinkClick.aspx?fileticket=6MsCu2MuPOA%3d&tabid=2468&portalid=0&mid=8910,https://www.education.gov.za/LinkClick.aspx?fileticket=0LGa73Viw9k%3d&tabid=2468&portalid=0&mid=8910,"MEMO_PDF_EXTRACTION_FAILED — re-ingest with force, or OCR fallback"
Economics,2022,2,English,13,73,82,13,0,yes,https://www.education.gov.za/LinkClick.aspx?fileticket=Im7U4VelpJI%3d&tabid=3138&portalid=0&mid=10565,https://www.education.gov.za/LinkClick.aspx?fileticket=-hG4FVfeDdI%3d&tabid=3138&portalid=0&mid=10565,"MEMO_PDF_EXTRACTION_FAILED — re-ingest with force, or OCR fallback"
Economics,2019,1,Afrikaans,13,74,82,13,0,yes,https://www.education.gov.za/LinkClick.aspx?fileticket=SZjFeCArqQg%3d&tabid=2468&portalid=0&mid=8907,https://www.education.gov.za/LinkClick.aspx?fileticket=qMzKw5JQkyA%3d&tabid=2468&portalid=0&mid=8907,"MEMO_PDF_EXTRACTION_FAILED — re-ingest with force, or OCR fallback"
Afrikaans Second Additional Language,2021,2,Afrikaans,13,16,19,13,0,yes,https://www.education.gov.za/LinkClick.aspx?fileticket=qx1k7VaJs3U%3d&tabid=2837&portalid=0&mid=9945,https://www.education.gov.za/LinkClick.aspx?fileticket=0fDdtsns_jM%3d&tabid=2837&portalid=0&mid=9945,"MEMO_PDF_EXTRACTION_FAILED — re-ingest with force, or OCR fallback"
Economics,2019,2,Afrikaans,13,74,82,13,0,yes,https://www.education.gov.za/LinkClick.aspx?fileticket=_HZYNb7_fFU%3d&tabid=2468&portalid=0&mid=8907,https://www.education.gov.za/LinkClick.aspx?fileticket=_pthL-vQ3rI%3d&tabid=2468&portalid=0&mid=8907,"MEMO_PDF_EXTRACTION_FAILED — re-ingest with force, or OCR fallback"
Economics,2019,1,English,13,74,82,13,0,yes,https://www.education.gov.za/LinkClick.aspx?fileticket=386svx9NgXE%3d&tabid=2468&portalid=0&mid=8907,https://www.education.gov.za/LinkClick.aspx?fileticket=HmUHou1XCdw%3d&tabid=2468&portalid=0&mid=8907,"MEMO_PDF_EXTRACTION_FAILED — re-ingest with force, or OCR fallback"
Afrikaans First Additional Language,2019,3,Afrikaans,13,16,19,13,0,yes,https://www.education.gov.za/LinkClick.aspx?fileticket=fp16UfRSiHk%3d&tabid=2468&portalid=0&mid=8904,https://www.education.gov.za/LinkClick.aspx?fileticket=Kz63GhXDYak%3d&tabid=2468&portalid=0&mid=8904,"MEMO_PDF_EXTRACTION_FAILED — re-ingest with force, or OCR fallback"
Setswana Home Language,2016,2,Setswana,13,105,88,13,0,yes,https://www.education.gov.za/LinkClick.aspx?fileticket=6X1TIcc4fOI%3d&tabid=1000&portalid=0&mid=4420,https://www.education.gov.za/LinkClick.aspx?fileticket=BHSff629HQQ%3d&tabid=1000&portalid=0&mid=4420,"MEMO_PDF_EXTRACTION_FAILED — re-ingest with force, or OCR fallback"
siSwati First Additional Language,2024,3,siSwati,13,13,0,13,0,yes,https://www.education.gov.za/LinkClick.aspx?fileticket=y7lfokFr4u8%3d&tabid=4933&portalid=0&mid=13122,https://www.education.gov.za/LinkClick.aspx?fileticket=sBFFKOD0vek%3d&tabid=4933&portalid=0&mid=13122,"MEMO_PDF_EXTRACTION_FAILED — re-ingest with force, or OCR fallback"
Tourism,2024,1,Afrikaans,13,104,88,13,0,yes,https://www.education.gov.za/LinkClick.aspx?fileticket=KzuGczaNdJE%3d&tabid=4933&portalid=0&mid=13153,https://www.education.gov.za/LinkClick.aspx?fileticket=yENJtYyLQoE%3d&tabid=4933&portalid=0&mid=13153,"MEMO_PDF_EXTRACTION_FAILED — re-ingest with force, or OCR fallback"
Afrikaans Second Additional Language,2020,2,Afrikaans,13,16,19,13,0,yes,https://www.education.gov.za/LinkClick.aspx?fileticket=gXlF7a08fz8%3d&tabid=2702&portalid=0&mid=10165,https://www.education.gov.za/LinkClick.aspx?fileticket=MGvgmhGaIFc%3d&tabid=2702&portalid=0&mid=10165,"MEMO_PDF_EXTRACTION_FAILED — re-ingest with force, or OCR fallback"
Physical Sciences,2022,2,English,13,70,81,13,0,yes,https://www.education.gov.za/LinkClick.aspx?fileticket=VLzSkzZUFDY%3d&tabid=3138&portalid=0&mid=10577,https://www.education.gov.za/LinkClick.aspx?fileticket=bE8UM3kiKvo%3d&tabid=3138&portalid=0&mid=10577,"MEMO_PDF_EXTRACTION_FAILED — re-ingest with force, or OCR fallback"
Afrikaans First Additional Language,2020,3,Afrikaans,13,16,19,13,0,yes,https://www.education.gov.za/LinkClick.aspx?fileticket=EzOOVsVZXcM%3d&tabid=2702&portalid=0&mid=10165,https://www.education.gov.za/LinkClick.aspx?fileticket=TmrAlcBEVOc%3d&tabid=2702&portalid=0&mid=10165,"MEMO_PDF_EXTRACTION_FAILED — re-ingest with force, or OCR fallback"
Consumer Studies,2022,1,Afrikaans,13,94,86,13,0,yes,https://www.education.gov.za/LinkClick.aspx?fileticket=Rpq7y4UzwOY%3d&tabid=3138&portalid=0&mid=10561,https://www.education.gov.za/LinkClick.aspx?fileticket=FNvV-9cT3Fo%3d&tabid=3138&portalid=0&mid=10561,"MEMO_PDF_EXTRACTION_FAILED — re-ingest with force, or OCR fallback"
Afrikaans Second Additional Language,2018,2,Afrikaans,13,13,0,13,0,yes,https://www.education.gov.za/LinkClick.aspx?fileticket=SMPEftNk2HA%3d&tabid=1920&portalid=0&mid=7564,https://www.education.gov.za/LinkClick.aspx?fileticket=7tSvY3rLeRg%3d&tabid=1920&portalid=0&mid=7564,"MEMO_PDF_EXTRACTION_FAILED — re-ingest with force, or OCR fallback"
Afrikaans First Additional Language,2021,3,Afrikaans,13,16,19,13,0,yes,https://www.education.gov.za/LinkClick.aspx?fileticket=ZDM0nWCSWwM%3d&tabid=2837&portalid=0&mid=9945,https://www.education.gov.za/LinkClick.aspx?fileticket=hmin_b2m25I%3d&tabid=2837&portalid=0&mid=9945,"MEMO_PDF_EXTRACTION_FAILED — re-ingest with force, or OCR fallback"
isiXhosa Second Additional Language,2024,1,isiXhosa,13,53,75,13,0,yes,https://www.education.gov.za/LinkClick.aspx?fileticket=OhoLKrVdwy0%3d&tabid=5193&portalid=0&mid=13693,https://www.education.gov.za/LinkClick.aspx?fileticket=jmsfV8bhxKU%3d&tabid=5193&portalid=0&mid=13693,"MEMO_PDF_EXTRACTION_FAILED — re-ingest with force, or OCR fallback"
Economics,2023,1,English,13,74,82,13,0,yes,https://www.education.gov.za/LinkClick.aspx?fileticket=Xo-hfK8CiqM%3d&tabid=4504&portalid=0&mid=12307,https://www.education.gov.za/LinkClick.aspx?fileticket=O2GoSJvP-Ak%3d&tabid=4504&portalid=0&mid=12307,"MEMO_PDF_EXTRACTION_FAILED — re-ingest with force, or OCR fallback"
Economics,2018,2,English,13,74,82,13,0,yes,https://www.education.gov.za/LinkClick.aspx?fileticket=RLBmWM0ReMA%3d&tabid=1920&portalid=0&mid=7587,https://www.education.gov.za/LinkClick.aspx?fileticket=R3vZRj028zI%3d&tabid=1920&portalid=0&mid=7587,"MEMO_PDF_EXTRACTION_FAILED — re-ingest with force, or OCR fallback"
isiZulu First Additional Language,2016,2,isiZulu,13,121,89,13,0,yes,https://www.education.gov.za/LinkClick.aspx?fileticket=yQifRxx-j44%3d&tabid=1000&portalid=0&mid=4417,https://www.education.gov.za/LinkClick.aspx?fileticket=d0DsjL3ssD4%3d&tabid=1000&portalid=0&mid=4417,"MEMO_PDF_EXTRACTION_FAILED — re-ingest with force, or OCR fallback"
isiXhosa Home Language,2015,3,isiXhosa,13,13,0,0,13,no,https://www.education.gov.za/LinkClick.aspx?fileticket=5fQcjBVDyXE%3d&tabid=979&portalid=0&mid=4301,,MEMO_NOT_PUBLISHED_BY_DBE — portfolio/practical submission assessed by embedded rubric; no memo PDF exists
Electrical Technology,2015,1,Afrikaans,13,82,84,13,0,yes,https://www.education.gov.za/LinkClick.aspx?fileticket=xcAQNI4fgK4%3d&tabid=979&portalid=0&mid=4282,https://www.education.gov.za/LinkClick.aspx?fileticket=GEy5IojUWAU%3d&tabid=979&portalid=0&mid=4282,"MEMO_PDF_EXTRACTION_FAILED — re-ingest with force, or OCR fallback"
Music,2021,2,Afrikaans,13,49,73,13,0,yes,https://www.education.gov.za/LinkClick.aspx?fileticket=GB7pswjgTgQ%3d&tabid=2837&portalid=0&mid=9917,https://www.education.gov.za/LinkClick.aspx?fileticket=_QORk-2NrPA%3d&tabid=2837&portalid=0&mid=9917,"MEMO_PDF_EXTRACTION_FAILED — re-ingest with force, or OCR fallback"
Economics,2018,1,English,13,74,82,13,0,yes,https://www.education.gov.za/LinkClick.aspx?fileticket=g7qfQydbAfA%3d&tabid=1920&portalid=0&mid=7587,https://www.education.gov.za/LinkClick.aspx?fileticket=HNEUFWrrP4k%3d&tabid=1920&portalid=0&mid=7587,"MEMO_PDF_EXTRACTION_FAILED — re-ingest with force, or OCR fallback"
Setswana First Additional Language,2019,2,Setswana,13,142,91,13,0,yes,https://www.education.gov.za/LinkClick.aspx?fileticket=V6vMWk8Pcok%3d&tabid=2468&portalid=0&mid=8919,https://www.education.gov.za/LinkClick.aspx?fileticket=bfXfKEN1roc%3d&tabid=2468&portalid=0&mid=8919,"MEMO_PDF_EXTRACTION_FAILED — re-ingest with force, or OCR fallback"
Economics,2019,2,English,13,74,82,13,0,yes,https://www.education.gov.za/LinkClick.aspx?fileticket=QRfrQcl4XkQ%3d&tabid=2468&portalid=0&mid=8907,https://www.education.gov.za/LinkClick.aspx?fileticket=TuZYEynEma0%3d&tabid=2468&portalid=0&mid=8907,"MEMO_PDF_EXTRACTION_FAILED — re-ingest with force, or OCR fallback"
Afrikaans First Additional Language,2015,3,Afrikaans,13,16,19,13,0,yes,https://www.education.gov.za/LinkClick.aspx?fileticket=WhCHfmwes2g%3d&tabid=979&portalid=0&mid=4298,https://www.education.gov.za/LinkClick.aspx?fileticket=co8IeB_znak%3d&tabid=979&portalid=0&mid=4298,"MEMO_PDF_EXTRACTION_FAILED — re-ingest with force, or OCR fallback"
siSwati First Additional Language,2023,3,siSwati,13,13,0,13,0,yes,https://www.education.gov.za/LinkClick.aspx?fileticket=t2lxIlujHgo%3d&tabid=4504&portalid=0&mid=12292,https://www.education.gov.za/LinkClick.aspx?fileticket=VP09TDbNxfs%3d&tabid=4504&portalid=0&mid=12292,"MEMO_PDF_EXTRACTION_FAILED — re-ingest with force, or OCR fallback"
isiNdebele First Additional Language,2017,2,isiNdebele,13,13,0,0,13,yes,https://www.education.gov.za/LinkClick.aspx?fileticket=eQc7kpeankU%3d&tabid=1686&portalid=0&mid=6734,,MEMO_IN_CATALOG_NOT_LINKED — re-ingest with force to re-pair
Afrikaans Second Additional Language,2015,2,Afrikaans,13,16,19,13,0,yes,https://www.education.gov.za/LinkClick.aspx?fileticket=gLmDlXuLcKg%3d&tabid=979&portalid=0&mid=4298,https://www.education.gov.za/LinkClick.aspx?fileticket=UQTdb1tfMHM%3d&tabid=979&portalid=0&mid=4298,"MEMO_PDF_EXTRACTION_FAILED — re-ingest with force, or OCR fallback"
Afrikaans Second Additional Language,2021,3,Afrikaans,13,16,19,13,0,yes,https://www.education.gov.za/LinkClick.aspx?fileticket=AbYBJTrl3Y4%3d&tabid=2922&portalid=0&mid=10167,https://www.education.gov.za/LinkClick.aspx?fileticket=lCIW2_z8exA%3d&tabid=2922&portalid=0&mid=10167,"MEMO_PDF_EXTRACTION_FAILED — re-ingest with force, or OCR fallback"
Sesotho Second Additional Language,2024,2,Sesotho,13,13,0,13,0,yes,https://www.education.gov.za/LinkClick.aspx?fileticket=7alA2DFtNDg%3d&tabid=4933&portalid=0&mid=13121,https://www.education.gov.za/LinkClick.aspx?fileticket=prP5XzhP_xA%3d&tabid=4933&portalid=0&mid=13121,"MEMO_PDF_EXTRACTION_FAILED — re-ingest with force, or OCR fallback"
Afrikaans First Additional Language,2022,3,Afrikaans,13,16,19,13,0,yes,https://www.education.gov.za/LinkClick.aspx?fileticket=5uQPU5x8bRQ%3d&tabid=3138&portalid=0&mid=10542,https://www.education.gov.za/LinkClick.aspx?fileticket=36Wtbu9Q5lE%3d&tabid=3138&portalid=0&mid=10542,"MEMO_PDF_EXTRACTION_FAILED — re-ingest with force, or OCR fallback"
siSwati First Additional Language,2025,3,siSwati,13,13,0,13,0,yes,https://www.education.gov.za/LinkClick.aspx?fileticket=lntcmmWgya0%3d&tabid=5475&portalid=0&mid=14220,https://www.education.gov.za/LinkClick.aspx?fileticket=ekYPdLWxL1U%3d&tabid=5475&portalid=0&mid=14220,"MEMO_PDF_EXTRACTION_FAILED — re-ingest with force, or OCR fallback"
Economics,2024,1,English,13,74,82,13,0,yes,https://www.education.gov.za/LinkClick.aspx?fileticket=9jb04a_Ku9s%3d&tabid=4933&portalid=0&mid=13137,https://www.education.gov.za/LinkClick.aspx?fileticket=cO2LUdSs2sk%3d&tabid=4933&portalid=0&mid=13137,"MEMO_PDF_EXTRACTION_FAILED — re-ingest with force, or OCR fallback"
Mechanical Technology,2021,1,Afrikaans,13,82,84,13,0,yes,https://www.education.gov.za/LinkClick.aspx?fileticket=6-MIFoG2bj0%3d&tabid=2837&portalid=0&mid=9916,https://www.education.gov.za/LinkClick.aspx?fileticket=7wawmx_lU-s%3d&tabid=2837&portalid=0&mid=9916,"MEMO_PDF_EXTRACTION_FAILED — re-ingest with force, or OCR fallback"
Economics,2020,1,English,13,74,82,13,0,yes,https://www.education.gov.za/LinkClick.aspx?fileticket=uvVxM4oFNA4%3d&tabid=2702&portalid=0&mid=9623,https://www.education.gov.za/LinkClick.aspx?fileticket=vneIpMC_Rcg%3d&tabid=2702&portalid=0&mid=9623,"MEMO_PDF_EXTRACTION_FAILED — re-ingest with force, or OCR fallback"
Music,2021,2,English,13,49,73,13,0,yes,https://www.education.gov.za/LinkClick.aspx?fileticket=FdVN-NwT-uk%3d&tabid=2837&portalid=0&mid=9917,https://www.education.gov.za/LinkClick.aspx?fileticket=v3BXZfbrkOA%3d&tabid=2837&portalid=0&mid=9917,"MEMO_PDF_EXTRACTION_FAILED — re-ingest with force, or OCR fallback"
Physical Sciences,2016,2,English,13,72,82,13,0,yes,https://www.education.gov.za/LinkClick.aspx?fileticket=OLrtcnqWhVo%3d&tabid=1000&portalid=0&mid=4411,https://www.education.gov.za/LinkClick.aspx?fileticket=NOFtLXPuUV4%3d&tabid=1000&portalid=0&mid=4411,"MEMO_PDF_EXTRACTION_FAILED — re-ingest with force, or OCR fallback"
Afrikaans Second Additional Language,2019,2,Afrikaans,13,16,19,13,0,yes,https://www.education.gov.za/LinkClick.aspx?fileticket=xy17ig8F34E%3d&tabid=2468&portalid=0&mid=8904,https://www.education.gov.za/LinkClick.aspx?fileticket=hfBbUu0H1pA%3d&tabid=2468&portalid=0&mid=8904,"MEMO_PDF_EXTRACTION_FAILED — re-ingest with force, or OCR fallback"
Consumer Studies,2022,1,English,12,94,87,12,0,yes,https://www.education.gov.za/LinkClick.aspx?fileticket=AN5_m5H05os%3d&tabid=3138&portalid=0&mid=10561,https://www.education.gov.za/LinkClick.aspx?fileticket=1XFxRqqAV9Q%3d&tabid=3138&portalid=0&mid=10561,"MEMO_PDF_EXTRACTION_FAILED — re-ingest with force, or OCR fallback"
Afrikaans Second Additional Language,2024,3,Afrikaans,12,17,29,12,0,yes,https://www.education.gov.za/LinkClick.aspx?fileticket=FyQWPCNJ4E0%3d&tabid=4933&portalid=0&mid=13113,https://www.education.gov.za/LinkClick.aspx?fileticket=OfLs7CFCo10%3d&tabid=4933&portalid=0&mid=13113,"MEMO_PDF_EXTRACTION_FAILED — re-ingest with force, or OCR fallback"
Economics,2022,1,Afrikaans,12,71,83,12,0,yes,https://www.education.gov.za/LinkClick.aspx?fileticket=PPnM57dK994%3d&tabid=3138&portalid=0&mid=10565,https://www.education.gov.za/LinkClick.aspx?fileticket=WtSxPQxpzTw%3d&tabid=3138&portalid=0&mid=10565,"MEMO_PDF_EXTRACTION_FAILED — re-ingest with force, or OCR fallback"
English First Additional Language,2019,1,English,12,52,77,12,0,yes,https://www.education.gov.za/LinkClick.aspx?fileticket=dH701LeKyEw%3d&tabid=2468&portalid=0&mid=8909,https://www.education.gov.za/LinkClick.aspx?fileticket=JusRo1vwXcA%3d&tabid=2468&portalid=0&mid=8909,"MEMO_PDF_EXTRACTION_FAILED — re-ingest with force, or OCR fallback"
Tshivenda Home Language,2025,2,Tshivenda,12,12,0,12,0,yes,https://www.education.gov.za/LinkClick.aspx?fileticket=NtgKKnFUsuY%3d&tabid=5742&portalid=0&mid=14822,https://www.education.gov.za/LinkClick.aspx?fileticket=-iEe2QxamJw%3d&tabid=5742&portalid=0&mid=14822,"MEMO_PDF_EXTRACTION_FAILED — re-ingest with force, or OCR fallback"
Afrikaans First Additional Language,2024,3,Afrikaans,12,15,20,12,0,yes,https://www.education.gov.za/LinkClick.aspx?fileticket=9RUmj4YXC6s%3d&tabid=4933&portalid=0&mid=13113,https://www.education.gov.za/LinkClick.aspx?fileticket=GDs2aZnkqaM%3d&tabid=4933&portalid=0&mid=13113,"MEMO_PDF_EXTRACTION_FAILED — re-ingest with force, or OCR fallback"
Tshivenda Home Language,2022,2,Tshivenda,12,12,0,12,0,yes,https://www.education.gov.za/LinkClick.aspx?fileticket=75qDaXTeQog%3d&tabid=3138&portalid=0&mid=10551,https://www.education.gov.za/LinkClick.aspx?fileticket=RIcDAPpnYLg%3d&tabid=3138&portalid=0&mid=10551,"MEMO_PDF_EXTRACTION_FAILED — re-ingest with force, or OCR fallback"
Tshivenda Home Language,2019,2,Tshivenda,12,12,0,12,0,yes,https://www.education.gov.za/LinkClick.aspx?fileticket=fanWmgsb01I%3d&tabid=2468&portalid=0&mid=8921,https://www.education.gov.za/LinkClick.aspx?fileticket=LEJtHqL70Jk%3d&tabid=2468&portalid=0&mid=8921,"MEMO_PDF_EXTRACTION_FAILED — re-ingest with force, or OCR fallback"
isiNdebele First Additional Language,2023,1,isiNdebele,12,45,73,12,0,yes,https://www.education.gov.za/LinkClick.aspx?fileticket=8s8w_nuC5Ls%3d&tabid=4504&portalid=0&mid=12285,https://www.education.gov.za/LinkClick.aspx?fileticket=5YLov7F0eXs%3d&tabid=4504&portalid=0&mid=12285,"MEMO_PDF_EXTRACTION_FAILED — re-ingest with force, or OCR fallback"
isiNdebele Home Language,2019,2,isiNdebele,12,140,91,12,0,yes,https://www.education.gov.za/LinkClick.aspx?fileticket=oRMvkVXM9HM%3d&tabid=2468&portalid=0&mid=8910,https://www.education.gov.za/LinkClick.aspx?fileticket=u8bMgjpTSAk%3d&tabid=2468&portalid=0&mid=8910,"MEMO_PDF_EXTRACTION_FAILED — re-ingest with force, or OCR fallback"
Afrikaans First Additional Language,2025,3,Afrikaans,12,15,20,12,0,yes,https://www.education.gov.za/LinkClick.aspx?fileticket=UCUS5i_j1zI%3d&tabid=5475&portalid=0&mid=14211,https://www.education.gov.za/LinkClick.aspx?fileticket=c018Xo73cPc%3d&tabid=5475&portalid=0&mid=14211,"MEMO_PDF_EXTRACTION_FAILED — re-ingest with force, or OCR fallback"
Business Studies,2022,2,English,12,59,80,12,0,yes,https://www.education.gov.za/LinkClick.aspx?fileticket=tNGKpNyGi-k%3d&tabid=3138&portalid=0&mid=10558,https://www.education.gov.za/LinkClick.aspx?fileticket=-_bYjDaV118%3d&tabid=3138&portalid=0&mid=10558,"MEMO_PDF_EXTRACTION_FAILED — re-ingest with force, or OCR fallback"
Afrikaans Second Additional Language,2025,3,Afrikaans,12,15,20,12,0,yes,https://www.education.gov.za/LinkClick.aspx?fileticket=uY-F59fw-1M%3d&tabid=5475&portalid=0&mid=14211,https://www.education.gov.za/LinkClick.aspx?fileticket=8kBUV_i9Wkc%3d&tabid=5475&portalid=0&mid=14211,"MEMO_PDF_EXTRACTION_FAILED — re-ingest with force, or OCR fallback"
Afrikaans Second Additional Language,2023,3,Afrikaans,12,15,20,12,0,yes,https://www.education.gov.za/LinkClick.aspx?fileticket=GOLS8zFbngM%3d&tabid=4504&portalid=0&mid=12283,https://www.education.gov.za/LinkClick.aspx?fileticket=KwYglWr1uJM%3d&tabid=4504&portalid=0&mid=12283,"MEMO_PDF_EXTRACTION_FAILED — re-ingest with force, or OCR fallback"
Dramatic Arts,2025,1,English,12,31,61,12,0,yes,https://www.education.gov.za/LinkClick.aspx?fileticket=O0k_fM4ibKo%3d&tabid=5475&portalid=0&mid=14234,https://www.education.gov.za/LinkClick.aspx?fileticket=E137q34nD2k%3d&tabid=5475&portalid=0&mid=14234,"MEMO_PDF_EXTRACTION_FAILED — re-ingest with force, or OCR fallback"
Afrikaans First Additional Language,2018,1,Afrikaans,12,67,82,12,0,yes,https://www.education.gov.za/LinkClick.aspx?fileticket=yP4ojJRn2qM%3d&tabid=1920&portalid=0&mid=7564,https://www.education.gov.za/LinkClick.aspx?fileticket=A_VXM3Ssilc%3d&tabid=1920&portalid=0&mid=7564,"MEMO_PDF_EXTRACTION_FAILED — re-ingest with force, or OCR fallback"
Business Studies,2025,1,Afrikaans,12,39,69,12,0,yes,https://www.education.gov.za/LinkClick.aspx?fileticket=01ReJf8iWrE%3d&tabid=5475&portalid=0&mid=14228,https://www.education.gov.za/LinkClick.aspx?fileticket=tDocjh99mIo%3d&tabid=5475&portalid=0&mid=14228,"MEMO_PDF_EXTRACTION_FAILED — re-ingest with force, or OCR fallback"
isiNdebele Home Language,2024,2,isiNdebele,12,128,91,12,0,yes,https://www.education.gov.za/LinkClick.aspx?fileticket=qgNC9LM64EM%3d&tabid=5193&portalid=0&mid=13692,https://www.education.gov.za/LinkClick.aspx?fileticket=Cug6qXFaizo%3d&tabid=5193&portalid=0&mid=13692,"MEMO_PDF_EXTRACTION_FAILED — re-ingest with force, or OCR fallback"
Business Studies,2022,1,Afrikaans,12,52,77,12,0,yes,https://www.education.gov.za/LinkClick.aspx?fileticket=zW7Yydnlz34%3d&tabid=3138&portalid=0&mid=10558,https://www.education.gov.za/LinkClick.aspx?fileticket=ro_gfVyRSaI%3d&tabid=3138&portalid=0&mid=10558,"MEMO_PDF_EXTRACTION_FAILED — re-ingest with force, or OCR fallback"
Tshivenda Home Language,2021,2,Tshivenda,12,12,0,12,0,yes,https://www.education.gov.za/LinkClick.aspx?fileticket=l4JEUuQNeiw%3d&tabid=2837&portalid=0&mid=9950,https://www.education.gov.za/LinkClick.aspx?fileticket=wYCOAvI5Pnk%3d&tabid=2837&portalid=0&mid=9950,"MEMO_PDF_EXTRACTION_FAILED — re-ingest with force, or OCR fallback"
siSwati First Additional Language,2022,1,siSwati,12,43,72,12,0,yes,https://www.education.gov.za/LinkClick.aspx?fileticket=bovX3qo7RyE%3d&tabid=3138&portalid=0&mid=10550,https://www.education.gov.za/LinkClick.aspx?fileticket=X6CbJer8YC4%3d&tabid=3138&portalid=0&mid=10550,"MEMO_PDF_EXTRACTION_FAILED — re-ingest with force, or OCR fallback"
Life Orientation,2023,1,Afrikaans,12,33,64,12,0,yes,https://www.education.gov.za/LinkClick.aspx?fileticket=Whot0QPvQqA%3d&tabid=4682&portalid=0&mid=12678,https://www.education.gov.za/LinkClick.aspx?fileticket=N1py8WpqBEk%3d&tabid=4682&portalid=0&mid=12678,"MEMO_PDF_EXTRACTION_FAILED — re-ingest with force, or OCR fallback"
Setswana First Additional Language,2017,2,Setswana,12,96,88,12,0,yes,https://www.education.gov.za/LinkClick.aspx?fileticket=UXRdVcm_egA%3d&tabid=1686&portalid=0&mid=6739,https://www.education.gov.za/LinkClick.aspx?fileticket=sQ9xVBzcp4M%3d&tabid=1686&portalid=0&mid=6739,"MEMO_PDF_EXTRACTION_FAILED — re-ingest with force, or OCR fallback"
Setswana First Additional Language,2020,2,Setswana,11,139,92,11,0,yes,https://www.education.gov.za/LinkClick.aspx?fileticket=KW-FkfFexSs%3d&tabid=2702&portalid=0&mid=10163,https://www.education.gov.za/LinkClick.aspx?fileticket=L-XIj_-7MIE%3d&tabid=2702&portalid=0&mid=10163,"MEMO_PDF_EXTRACTION_FAILED — re-ingest with force, or OCR fallback"
Setswana First Additional Language,2023,2,Setswana,11,145,92,11,0,yes,https://www.education.gov.za/LinkClick.aspx?fileticket=6qUTq49Bm4c%3d&tabid=4504&portalid=0&mid=12290,https://www.education.gov.za/LinkClick.aspx?fileticket=5H4WqiXmeN8%3d&tabid=4504&portalid=0&mid=12290,"MEMO_PDF_EXTRACTION_FAILED — re-ingest with force, or OCR fallback"
Afrikaans First Additional Language,2025,1,Afrikaans,11,70,84,11,0,yes,https://www.education.gov.za/LinkClick.aspx?fileticket=IT1c-giCczk%3d&tabid=5475&portalid=0&mid=14211,https://www.education.gov.za/LinkClick.aspx?fileticket=NQgzYHWSCNQ%3d&tabid=5475&portalid=0&mid=14211,"MEMO_PDF_EXTRACTION_FAILED — re-ingest with force, or OCR fallback"
Physical Sciences,2025,2,English,11,62,82,11,0,yes,https://www.education.gov.za/LinkClick.aspx?fileticket=to7vKFmBme4%3d&tabid=5475&portalid=0&mid=14247,https://www.education.gov.za/LinkClick.aspx?fileticket=quzLyoK4HRA%3d&tabid=5475&portalid=0&mid=14247,"MEMO_PDF_EXTRACTION_FAILED — re-ingest with force, or OCR fallback"
Physical Sciences,2019,2,English,11,75,85,11,0,yes,https://www.education.gov.za/LinkClick.aspx?fileticket=XYMUedtQsPU%3d&tabid=2468&portalid=0&mid=8943,https://www.education.gov.za/LinkClick.aspx?fileticket=6_cHdAI9Ko8%3d&tabid=2468&portalid=0&mid=8943,"MEMO_PDF_EXTRACTION_FAILED — re-ingest with force, or OCR fallback"
Xitsonga First Additional Language,2019,3,Xitsonga,11,11,0,11,0,yes,https://www.education.gov.za/LinkClick.aspx?fileticket=M3pUhJTVSM4%3d&tabid=2468&portalid=0&mid=8922,https://www.education.gov.za/LinkClick.aspx?fileticket=1gOtN_RMMv8%3d&tabid=2468&portalid=0&mid=8922,"MEMO_PDF_EXTRACTION_FAILED — re-ingest with force, or OCR fallback"
Business Studies,2022,1,English,11,52,79,11,0,yes,https://www.education.gov.za/LinkClick.aspx?fileticket=95QRn4MDgck%3d&tabid=3138&portalid=0&mid=10558,https://www.education.gov.za/LinkClick.aspx?fileticket=ebWQAk4k5b0%3d&tabid=3138&portalid=0&mid=10558,"MEMO_PDF_EXTRACTION_FAILED — re-ingest with force, or OCR fallback"
isiNdebele First Additional Language,2024,1,isiNdebele,11,44,75,11,0,yes,https://www.education.gov.za/LinkClick.aspx?fileticket=XuhL0ezfzxA%3d&tabid=4933&portalid=0&mid=13115,https://www.education.gov.za/LinkClick.aspx?fileticket=1WNWz2STIpM%3d&tabid=4933&portalid=0&mid=13115,"MEMO_PDF_EXTRACTION_FAILED — re-ingest with force, or OCR fallback"
isiXhosa Home Language,2022,2,isiXhosa,11,99,89,11,0,yes,https://www.education.gov.za/LinkClick.aspx?fileticket=u8ky4hbH0s8%3d&tabid=3138&portalid=0&mid=10545,https://www.education.gov.za/LinkClick.aspx?fileticket=IhpI6a3I4Q0%3d&tabid=3138&portalid=0&mid=10545,"MEMO_PDF_EXTRACTION_FAILED — re-ingest with force, or OCR fallback"
Consumer Studies,2025,1,English,11,89,88,11,0,yes,https://www.education.gov.za/LinkClick.aspx?fileticket=2KmvhTl6edE%3d&tabid=5742&portalid=0&mid=14832,https://www.education.gov.za/LinkClick.aspx?fileticket=gcnFCqeK88Y%3d&tabid=5742&portalid=0&mid=14832,"MEMO_PDF_EXTRACTION_FAILED — re-ingest with force, or OCR fallback"
Business Studies,2020,2,English,11,51,78,11,0,yes,https://www.education.gov.za/LinkClick.aspx?fileticket=QbHtAF-mIUo%3d&tabid=2702&portalid=0&mid=9616,https://www.education.gov.za/LinkClick.aspx?fileticket=fuwHAmd8eoI%3d&tabid=2702&portalid=0&mid=9616,"MEMO_PDF_EXTRACTION_FAILED — re-ingest with force, or OCR fallback"
Physical Sciences,2021,2,English,11,68,84,11,0,yes,https://www.education.gov.za/LinkClick.aspx?fileticket=9IngEp8UnPg%3d&tabid=2837&portalid=0&mid=9918,https://www.education.gov.za/LinkClick.aspx?fileticket=kg9Cg7DlpSQ%3d&tabid=2837&portalid=0&mid=9918,"MEMO_PDF_EXTRACTION_FAILED — re-ingest with force, or OCR fallback"
Sepedi Second Additional Language,2025,3,Sepedi,11,11,0,11,0,yes,https://www.education.gov.za/LinkClick.aspx?fileticket=376SCrCmbU0%3d&tabid=5742&portalid=0&mid=14818,https://www.education.gov.za/LinkClick.aspx?fileticket=ZN8l_dXjUtM%3d&tabid=5742&portalid=0&mid=14818,"MEMO_PDF_EXTRACTION_FAILED — re-ingest with force, or OCR fallback"
Sepedi First Additional Language,2023,3,Sepedi,11,11,0,11,0,yes,https://www.education.gov.za/LinkClick.aspx?fileticket=o6rBqcnlJkU%3d&tabid=4504&portalid=0&mid=12289,https://www.education.gov.za/LinkClick.aspx?fileticket=zurV_aBZIoI%3d&tabid=4504&portalid=0&mid=12289,"MEMO_PDF_EXTRACTION_FAILED — re-ingest with force, or OCR fallback"
Afrikaans First Additional Language,2016,3,Afrikaans,11,14,21,11,0,yes,https://www.education.gov.za/LinkClick.aspx?fileticket=4xoPVy2KS4c%3d&tabid=1000&portalid=0&mid=4423,https://www.education.gov.za/LinkClick.aspx?fileticket=pEc0x9LGzV0%3d&tabid=1000&portalid=0&mid=4423,"MEMO_PDF_EXTRACTION_FAILED — re-ingest with force, or OCR fallback"
Design,2020,1,English,11,11,0,0,11,yes,https://www.education.gov.za/LinkClick.aspx?fileticket=-VN2wOGCpBc%3d&tabid=2702&portalid=0&mid=9621,,MEMO_IN_CATALOG_NOT_LINKED — re-ingest with force to re-pair
Sepedi First Additional Language,2025,3,Sepedi,11,11,0,11,0,yes,https://www.education.gov.za/LinkClick.aspx?fileticket=KCw-rFL-Od0%3d&tabid=5475&portalid=0&mid=14217,https://www.education.gov.za/LinkClick.aspx?fileticket=wilfIj9qS8s%3d&tabid=5475&portalid=0&mid=14217,"MEMO_PDF_EXTRACTION_FAILED — re-ingest with force, or OCR fallback"
Sesotho Second Additional Language,2024,3,Sesotho,11,11,0,0,11,yes,https://www.education.gov.za/LinkClick.aspx?fileticket=xD5nwv98Od0%3d&tabid=4933&portalid=0&mid=13121,,MEMO_IN_CATALOG_NOT_LINKED — re-ingest with force to re-pair
Business Studies,2021,1,Afrikaans,11,52,79,11,0,yes,https://www.education.gov.za/LinkClick.aspx?fileticket=2m7ZAkdIlbs%3d&tabid=2837&portalid=0&mid=9898,https://www.education.gov.za/LinkClick.aspx?fileticket=He-fVFj1_RM%3d&tabid=2837&portalid=0&mid=9898,"MEMO_PDF_EXTRACTION_FAILED — re-ingest with force, or OCR fallback"
Xitsonga First Additional Language,2023,3,Xitsonga,11,11,0,11,0,yes,https://www.education.gov.za/LinkClick.aspx?fileticket=BccC1UUX9RA%3d&tabid=4504&portalid=0&mid=12294,https://www.education.gov.za/LinkClick.aspx?fileticket=ai194ljWxeU%3d&tabid=4504&portalid=0&mid=12294,"MEMO_PDF_EXTRACTION_FAILED — re-ingest with force, or OCR fallback"
Sepedi First Additional Language,2015,3,Sepedi,11,11,0,11,0,yes,https://www.education.gov.za/LinkClick.aspx?fileticket=UjXQBpCFjBc%3d&tabid=979&portalid=0&mid=4303,https://www.education.gov.za/LinkClick.aspx?fileticket=4wlLjNqkqZ8%3d&tabid=979&portalid=0&mid=4303,"MEMO_PDF_EXTRACTION_FAILED — re-ingest with force, or OCR fallback"
Physical Sciences,2016,1,English,11,54,80,11,0,yes,https://www.education.gov.za/LinkClick.aspx?fileticket=slrvh3lmb4U%3d&tabid=1000&portalid=0&mid=4411,https://www.education.gov.za/LinkClick.aspx?fileticket=Z6Yn8q0xJ8g%3d&tabid=1000&portalid=0&mid=4411,"MEMO_PDF_EXTRACTION_FAILED — re-ingest with force, or OCR fallback"
Xitsonga First Additional Language,2021,3,Xitsonga,11,11,0,11,0,yes,https://www.education.gov.za/LinkClick.aspx?fileticket=AQShq1r5DC4%3d&tabid=2837&portalid=0&mid=9890,https://www.education.gov.za/LinkClick.aspx?fileticket=5aNh4A-lsTc%3d&tabid=2837&portalid=0&mid=9890,"MEMO_PDF_EXTRACTION_FAILED — re-ingest with force, or OCR fallback"
isiZulu First Additional Language,2018,2,isiZulu,11,157,93,11,0,yes,https://www.education.gov.za/LinkClick.aspx?fileticket=6vczNumY9Qo%3d&tabid=1920&portalid=0&mid=7568,https://www.education.gov.za/LinkClick.aspx?fileticket=uFmDNpYlhZU%3d&tabid=1920&portalid=0&mid=7568,"MEMO_PDF_EXTRACTION_FAILED — re-ingest with force, or OCR fallback"
Afrikaans Second Additional Language,2016,1,Afrikaans,11,90,88,11,0,yes,https://www.education.gov.za/LinkClick.aspx?fileticket=elOwRgC2zFo%3d&tabid=1000&portalid=0&mid=4423,https://www.education.gov.za/LinkClick.aspx?fileticket=1_SrzpYuXIU%3d&tabid=1000&portalid=0&mid=4423,"MEMO_PDF_EXTRACTION_FAILED — re-ingest with force, or OCR fallback"
Sepedi Second Additional Language,2024,3,Sepedi,11,11,0,11,0,yes,https://www.education.gov.za/LinkClick.aspx?fileticket=JEvbywDU7-Q%3d&tabid=5193&portalid=0&mid=13696,https://www.education.gov.za/LinkClick.aspx?fileticket=HAfNEd24xzM%3d&tabid=5193&portalid=0&mid=13696,"MEMO_PDF_EXTRACTION_FAILED — re-ingest with force, or OCR fallback"
Business Studies,2025,1,English,11,39,72,11,0,yes,https://www.education.gov.za/LinkClick.aspx?fileticket=EEjhsaLif7Y%3d&tabid=5475&portalid=0&mid=14228,https://www.education.gov.za/LinkClick.aspx?fileticket=YNkg9hhRDsM%3d&tabid=5475&portalid=0&mid=14228,"MEMO_PDF_EXTRACTION_FAILED — re-ingest with force, or OCR fallback"
Sepedi First Additional Language,2021,3,Sepedi,11,11,0,11,0,yes,https://www.education.gov.za/LinkClick.aspx?fileticket=ECys9SaYLEM%3d&tabid=2837&portalid=0&mid=9946,https://www.education.gov.za/LinkClick.aspx?fileticket=gzP7ajQZfKo%3d&tabid=2837&portalid=0&mid=9946,"MEMO_PDF_EXTRACTION_FAILED — re-ingest with force, or OCR fallback"
Xitsonga First Additional Language,2022,3,Xitsonga,11,11,0,11,0,yes,https://www.education.gov.za/LinkClick.aspx?fileticket=eMjKlBflUew%3d&tabid=3138&portalid=0&mid=10552,https://www.education.gov.za/LinkClick.aspx?fileticket=bpEQWE4DGBo%3d&tabid=3138&portalid=0&mid=10552,"MEMO_PDF_EXTRACTION_FAILED — re-ingest with force, or OCR fallback"
Life Orientation,2021,1,Afrikaans,11,32,66,11,0,yes,https://www.education.gov.za/LinkClick.aspx?fileticket=nd5sm20GC1c%3d&tabid=2922&portalid=0&mid=10148,https://www.education.gov.za/LinkClick.aspx?fileticket=ZveOM-LcMbc%3d&tabid=2922&portalid=0&mid=10148,"MEMO_PDF_EXTRACTION_FAILED — re-ingest with force, or OCR fallback"
Dramatic Arts,2025,1,Afrikaans,11,31,65,11,0,yes,https://www.education.gov.za/LinkClick.aspx?fileticket=fdc4OH3kaTg%3d&tabid=5475&portalid=0&mid=14234,https://www.education.gov.za/LinkClick.aspx?fileticket=BWp5sBlYxWw%3d&tabid=5475&portalid=0&mid=14234,"MEMO_PDF_EXTRACTION_FAILED — re-ingest with force, or OCR fallback"
Economics,2022,1,English,11,71,85,11,0,yes,https://www.education.gov.za/LinkClick.aspx?fileticket=zf3Znm1qSxA%3d&tabid=3138&portalid=0&mid=10565,https://www.education.gov.za/LinkClick.aspx?fileticket=wIex7_RWrKg%3d&tabid=3138&portalid=0&mid=10565,"MEMO_PDF_EXTRACTION_FAILED — re-ingest with force, or OCR fallback"
Xitsonga First Additional Language,2025,3,Xitsonga,11,11,0,11,0,yes,https://www.education.gov.za/LinkClick.aspx?fileticket=mS0RbnzbH1o%3d&tabid=5475&portalid=0&mid=14222,https://www.education.gov.za/LinkClick.aspx?fileticket=jmH6u3LQAxg%3d&tabid=5475&portalid=0&mid=14222,"MEMO_PDF_EXTRACTION_FAILED — re-ingest with force, or OCR fallback"
Business Studies,2021,2,English,11,54,80,11,0,yes,https://www.education.gov.za/LinkClick.aspx?fileticket=3gBDE0HGPXM%3d&tabid=2837&portalid=0&mid=9898,https://www.education.gov.za/LinkClick.aspx?fileticket=NB46AZddxLA%3d&tabid=2837&portalid=0&mid=9898,"MEMO_PDF_EXTRACTION_FAILED — re-ingest with force, or OCR fallback"
Sesotho Second Additional Language,2023,3,Sesotho,11,11,0,11,0,yes,https://www.education.gov.za/LinkClick.aspx?fileticket=C3ieSG59Hhs%3d&tabid=4504&portalid=0&mid=12291,https://www.education.gov.za/LinkClick.aspx?fileticket=TNiI4bECMFI%3d&tabid=4504&portalid=0&mid=12291,"MEMO_PDF_EXTRACTION_FAILED — re-ingest with force, or OCR fallback"
Sesotho Second Additional Language,2021,3,Sesotho,11,11,0,11,0,yes,https://www.education.gov.za/LinkClick.aspx?fileticket=yyfWFrEPVDA%3d&tabid=2922&portalid=0&mid=10180,https://www.education.gov.za/LinkClick.aspx?fileticket=1Zg7ZRopvbM%3d&tabid=2922&portalid=0&mid=10180,"MEMO_PDF_EXTRACTION_FAILED — re-ingest with force, or OCR fallback"
Afrikaans First Additional Language,2024,1,Afrikaans,11,64,83,11,0,yes,https://www.education.gov.za/LinkClick.aspx?fileticket=JG-yBpng4hg%3d&tabid=4933&portalid=0&mid=13113,https://www.education.gov.za/LinkClick.aspx?fileticket=aA4zL87BNSo%3d&tabid=4933&portalid=0&mid=13113,"MEMO_PDF_EXTRACTION_FAILED — re-ingest with force, or OCR fallback"
Sesotho Second Additional Language,2025,3,Sesotho,11,11,0,11,0,yes,https://www.education.gov.za/LinkClick.aspx?fileticket=u208SQQnSME%3d&tabid=5475&portalid=0&mid=14219,https://www.education.gov.za/LinkClick.aspx?fileticket=NyXVtABD934%3d&tabid=5475&portalid=0&mid=14219,"MEMO_PDF_EXTRACTION_FAILED — re-ingest with force, or OCR fallback"
Xitsonga First Additional Language,2020,3,Xitsonga,11,11,0,11,0,yes,https://www.education.gov.za/LinkClick.aspx?fileticket=QwUuBYKmeDU%3d&tabid=2702&portalid=0&mid=10159,https://www.education.gov.za/LinkClick.aspx?fileticket=cjPj6QM2Cyg%3d&tabid=2702&portalid=0&mid=10159,"MEMO_PDF_EXTRACTION_FAILED — re-ingest with force, or OCR fallback"
Setswana Home Language,2017,1,Setswana,11,36,69,11,0,yes,https://www.education.gov.za/LinkClick.aspx?fileticket=__RXWX58oRY%3d&tabid=1686&portalid=0&mid=6739,https://www.education.gov.za/LinkClick.aspx?fileticket=MtMTXfkdu5g%3d&tabid=1686&portalid=0&mid=6739,"MEMO_PDF_EXTRACTION_FAILED — re-ingest with force, or OCR fallback"
Xitsonga First Additional Language,2017,3,Xitsonga,11,11,0,11,0,yes,https://www.education.gov.za/LinkClick.aspx?fileticket=tPbetHxd2MQ%3d&tabid=1686&portalid=0&mid=6742,https://www.education.gov.za/LinkClick.aspx?fileticket=k126nV7UYJ0%3d&tabid=1686&portalid=0&mid=6742,"MEMO_PDF_EXTRACTION_FAILED — re-ingest with force, or OCR fallback"
Consumer Studies,2024,1,Afrikaans,11,94,88,11,0,yes,https://www.education.gov.za/LinkClick.aspx?fileticket=fqY2ERPgREk%3d&tabid=5193&portalid=0&mid=13710,https://www.education.gov.za/LinkClick.aspx?fileticket=xEcZVIr7pvM%3d&tabid=5193&portalid=0&mid=13710,"MEMO_PDF_EXTRACTION_FAILED — re-ingest with force, or OCR fallback"
Sepedi First Additional Language,2020,3,Sepedi,11,11,0,11,0,yes,https://www.education.gov.za/LinkClick.aspx?fileticket=2d8DRKf75kk%3d&tabid=2702&portalid=0&mid=10164,https://www.education.gov.za/LinkClick.aspx?fileticket=c_pR0FECtVY%3d&tabid=2702&portalid=0&mid=10164,"MEMO_PDF_EXTRACTION_FAILED — re-ingest with force, or OCR fallback"
Afrikaans First Additional Language,2022,1,Afrikaans,11,72,85,11,0,yes,https://www.education.gov.za/LinkClick.aspx?fileticket=-OiYGRnyzUs%3d&tabid=3138&portalid=0&mid=10542,https://www.education.gov.za/LinkClick.aspx?fileticket=FZ350tVGCNE%3d&tabid=3138&portalid=0&mid=10542,"MEMO_PDF_EXTRACTION_FAILED — re-ingest with force, or OCR fallback"
Xitsonga First Additional Language,2024,3,Xitsonga,11,11,0,11,0,yes,https://www.education.gov.za/LinkClick.aspx?fileticket=70C12nCAz7w%3d&tabid=4933&portalid=0&mid=13124,https://www.education.gov.za/LinkClick.aspx?fileticket=Y88YhU2OaSA%3d&tabid=4933&portalid=0&mid=13124,"MEMO_PDF_EXTRACTION_FAILED — re-ingest with force, or OCR fallback"
Business Studies,2021,1,English,10,52,81,10,0,yes,https://www.education.gov.za/LinkClick.aspx?fileticket=emPQFCQG278%3d&tabid=2922&portalid=0&mid=10118,https://www.education.gov.za/LinkClick.aspx?fileticket=4JcdxuJy6a0%3d&tabid=2922&portalid=0&mid=10118,"MEMO_PDF_EXTRACTION_FAILED — re-ingest with force, or OCR fallback"
Business Studies,2025,2,English,10,42,76,10,0,yes,https://www.education.gov.za/LinkClick.aspx?fileticket=IAfD1QAWisQ%3d&tabid=5475&portalid=0&mid=14228,https://www.education.gov.za/LinkClick.aspx?fileticket=UuuHnMKxiGU%3d&tabid=5475&portalid=0&mid=14228,"MEMO_PDF_EXTRACTION_FAILED — re-ingest with force, or OCR fallback"
Tshivenda Home Language,2021,3,Tshivenda,10,10,0,10,0,yes,https://www.education.gov.za/LinkClick.aspx?fileticket=QlCuSd5TcfI%3d&tabid=2837&portalid=0&mid=9950,https://www.education.gov.za/LinkClick.aspx?fileticket=iNIwGCSiZFM%3d&tabid=2837&portalid=0&mid=9950,"MEMO_PDF_EXTRACTION_FAILED — re-ingest with force, or OCR fallback"
Afrikaans Second Additional Language,2015,1,Afrikaans,10,104,90,10,0,yes,https://www.education.gov.za/LinkClick.aspx?fileticket=YrxidXw-r-c%3d&tabid=979&portalid=0&mid=4298,https://www.education.gov.za/LinkClick.aspx?fileticket=BaPLYrl-Fy4%3d&tabid=979&portalid=0&mid=4298,"MEMO_PDF_EXTRACTION_FAILED — re-ingest with force, or OCR fallback"
English First Additional Language,2024,2,English,10,105,90,10,0,yes,https://www.education.gov.za/LinkClick.aspx?fileticket=vBPNUpwulb4%3d&tabid=4933&portalid=0&mid=13114,https://www.education.gov.za/LinkClick.aspx?fileticket=bB720ZSEPus%3d&tabid=4933&portalid=0&mid=13114,"MEMO_PDF_EXTRACTION_FAILED — re-ingest with force, or OCR fallback"
Tshivenda Home Language,2022,3,Tshivenda,10,10,0,10,0,yes,https://www.education.gov.za/LinkClick.aspx?fileticket=uuPRNCKPJx8%3d&tabid=3138&portalid=0&mid=10551,https://www.education.gov.za/LinkClick.aspx?fileticket=bLmSyMLiSf8%3d&tabid=3138&portalid=0&mid=10551,"MEMO_PDF_EXTRACTION_FAILED — re-ingest with force, or OCR fallback"
Sepedi Home Language,2022,3,Sepedi,10,10,0,10,0,yes,https://www.education.gov.za/LinkClick.aspx?fileticket=oOCv2RSymCA%3d&tabid=3138&portalid=0&mid=10547,https://www.education.gov.za/LinkClick.aspx?fileticket=UyrAq0QwunM%3d&tabid=3138&portalid=0&mid=10547,"MEMO_PDF_EXTRACTION_FAILED — re-ingest with force, or OCR fallback"
Sepedi Second Additional Language,2020,2,Sepedi,10,10,0,10,0,yes,https://www.education.gov.za/LinkClick.aspx?fileticket=okrsSuNxtGM%3d&tabid=2702&portalid=0&mid=10164,https://www.education.gov.za/LinkClick.aspx?fileticket=326uzA-l72A%3d&tabid=2702&portalid=0&mid=10164,"MEMO_PDF_EXTRACTION_FAILED — re-ingest with force, or OCR fallback"
Tshivenda Home Language,2019,1,Tshivenda,10,10,0,10,0,yes,https://www.education.gov.za/LinkClick.aspx?fileticket=_s8DmVSLM2s%3d&tabid=2468&portalid=0&mid=8921,https://www.education.gov.za/LinkClick.aspx?fileticket=Y1PF7SSuaz4%3d&tabid=2468&portalid=0&mid=8921,"MEMO_PDF_EXTRACTION_FAILED — re-ingest with force, or OCR fallback"
Sepedi First Additional Language,2021,1,Sepedi,10,10,0,10,0,yes,https://www.education.gov.za/LinkClick.aspx?fileticket=IF7cvGDtLfc%3d&tabid=2837&portalid=0&mid=9946,https://www.education.gov.za/LinkClick.aspx?fileticket=Z64uf2U6DV8%3d&tabid=2837&portalid=0&mid=9946,"MEMO_PDF_EXTRACTION_FAILED — re-ingest with force, or OCR fallback"
Sepedi Home Language,2023,3,Sepedi,10,10,0,10,0,yes,https://www.education.gov.za/LinkClick.aspx?fileticket=OvzO9nhUMvY%3d&tabid=4504&portalid=0&mid=12289,https://www.education.gov.za/LinkClick.aspx?fileticket=pWFTZerRFOI%3d&tabid=4504&portalid=0&mid=12289,"MEMO_PDF_EXTRACTION_FAILED — re-ingest with force, or OCR fallback"
Xitsonga Home Language,2018,3,Xitsonga,10,10,0,10,0,yes,https://www.education.gov.za/LinkClick.aspx?fileticket=9POtbpAcNYM%3d&tabid=1920&portalid=0&mid=7574,https://www.education.gov.za/LinkClick.aspx?fileticket=OwrseP_ICVo%3d&tabid=1920&portalid=0&mid=7574,"MEMO_PDF_EXTRACTION_FAILED — re-ingest with force, or OCR fallback"
Tshivenda Home Language,2022,1,Tshivenda,10,10,0,10,0,yes,https://www.education.gov.za/LinkClick.aspx?fileticket=I_gB0XF7LpM%3d&tabid=3138&portalid=0&mid=10551,https://www.education.gov.za/LinkClick.aspx?fileticket=gtTHUyOY8BA%3d&tabid=3138&portalid=0&mid=10551,"MEMO_PDF_EXTRACTION_FAILED — re-ingest with force, or OCR fallback"
Sepedi Home Language,2025,3,Sepedi,10,10,0,10,0,yes,https://www.education.gov.za/LinkClick.aspx?fileticket=PeVEh3Ynntc%3d&tabid=5475&portalid=0&mid=14217,https://www.education.gov.za/LinkClick.aspx?fileticket=LTIkexzohzI%3d&tabid=5475&portalid=0&mid=14217,"MEMO_PDF_EXTRACTION_FAILED — re-ingest with force, or OCR fallback"
Sepedi Home Language,2021,1,Sepedi,10,10,0,10,0,yes,https://www.education.gov.za/LinkClick.aspx?fileticket=DczDXnDQqsc%3d&tabid=2837&portalid=0&mid=9946,https://www.education.gov.za/LinkClick.aspx?fileticket=46dP7Fbhxzg%3d&tabid=2837&portalid=0&mid=9946,"MEMO_PDF_EXTRACTION_FAILED — re-ingest with force, or OCR fallback"
Sepedi First Additional Language,2024,1,Sepedi,10,10,0,10,0,yes,https://www.education.gov.za/LinkClick.aspx?fileticket=7SjEslBn2J0%3d&tabid=4933&portalid=0&mid=13119,https://www.education.gov.za/LinkClick.aspx?fileticket=gx8DpMojIYI%3d&tabid=4933&portalid=0&mid=13119,"MEMO_PDF_EXTRACTION_FAILED — re-ingest with force, or OCR fallback"
Tshivenda Home Language,2025,1,Tshivenda,10,10,0,10,0,yes,https://www.education.gov.za/LinkClick.aspx?fileticket=tuE6RJk_Bc4%3d&tabid=5475&portalid=0&mid=14221,https://www.education.gov.za/LinkClick.aspx?fileticket=Ts0RZ4Fu6v8%3d&tabid=5475&portalid=0&mid=14221,"MEMO_PDF_EXTRACTION_FAILED — re-ingest with force, or OCR fallback"
Business Studies,2022,2,Afrikaans,10,59,83,10,0,yes,https://www.education.gov.za/LinkClick.aspx?fileticket=Ci-wiOzeMZI%3d&tabid=3138&portalid=0&mid=10558,https://www.education.gov.za/LinkClick.aspx?fileticket=FzlMb95vLfI%3d&tabid=3138&portalid=0&mid=10558,"MEMO_PDF_EXTRACTION_FAILED — re-ingest with force, or OCR fallback"
isiNdebele Home Language,2017,2,isiNdebele,10,83,88,10,0,yes,https://www.education.gov.za/LinkClick.aspx?fileticket=s7gwhxmasSg%3d&tabid=1686&portalid=0&mid=6734,https://www.education.gov.za/LinkClick.aspx?fileticket=giwQOORNJ64%3d&tabid=1686&portalid=0&mid=6734,"MEMO_PDF_EXTRACTION_FAILED — re-ingest with force, or OCR fallback"
Xitsonga Home Language,2023,3,Xitsonga,10,10,0,10,0,yes,https://www.education.gov.za/LinkClick.aspx?fileticket=yWluiTVhvpc%3d&tabid=4504&portalid=0&mid=12294,https://www.education.gov.za/LinkClick.aspx?fileticket=izhlRgziZ4A%3d&tabid=4504&portalid=0&mid=12294,"MEMO_PDF_EXTRACTION_FAILED — re-ingest with force, or OCR fallback"
isiZulu First Additional Language,2016,1,isiZulu,10,40,75,10,0,yes,https://www.education.gov.za/LinkClick.aspx?fileticket=oEvKdCItaSI%3d&tabid=1000&portalid=0&mid=4417,https://www.education.gov.za/LinkClick.aspx?fileticket=gbTP-4pWYVU%3d&tabid=1000&portalid=0&mid=4417,"MEMO_PDF_EXTRACTION_FAILED — re-ingest with force, or OCR fallback"
Tshivenda Home Language,2023,3,Tshivenda,10,10,0,10,0,yes,https://www.education.gov.za/LinkClick.aspx?fileticket=-HZqSQh0MNg%3d&tabid=4504&portalid=0&mid=12293,https://www.education.gov.za/LinkClick.aspx?fileticket=unt_b8BXSgc%3d&tabid=4504&portalid=0&mid=12293,"MEMO_PDF_EXTRACTION_FAILED — re-ingest with force, or OCR fallback"
Tshivenda Home Language,2023,1,Tshivenda,10,10,0,10,0,yes,https://www.education.gov.za/LinkClick.aspx?fileticket=h8QtsZnSifY%3d&tabid=4504&portalid=0&mid=12293,https://www.education.gov.za/LinkClick.aspx?fileticket=K7fC64UItSY%3d&tabid=4504&portalid=0&mid=12293,"MEMO_PDF_EXTRACTION_FAILED — re-ingest with force, or OCR fallback"
Sepedi Home Language,2024,3,Sepedi,10,10,0,10,0,yes,https://www.education.gov.za/LinkClick.aspx?fileticket=UvdZflgXxeA%3d&tabid=4933&portalid=0&mid=13119,https://www.education.gov.za/LinkClick.aspx?fileticket=oszLDeiJLsY%3d&tabid=4933&portalid=0&mid=13119,"MEMO_PDF_EXTRACTION_FAILED — re-ingest with force, or OCR fallback"
isiNdebele First Additional Language,2022,1,isiNdebele,10,51,80,10,0,yes,https://www.education.gov.za/LinkClick.aspx?fileticket=vANh1YkKJTY%3d&tabid=3138&portalid=0&mid=10544,https://www.education.gov.za/LinkClick.aspx?fileticket=A1KERrhKH3U%3d&tabid=3138&portalid=0&mid=10544,"MEMO_PDF_EXTRACTION_FAILED — re-ingest with force, or OCR fallback"
isiZulu First Additional Language,2018,3,isiZulu,10,16,38,10,0,yes,https://www.education.gov.za/LinkClick.aspx?fileticket=BFJAj4OXsjE%3d&tabid=1920&portalid=0&mid=7568,https://www.education.gov.za/LinkClick.aspx?fileticket=g7iQWIG-zBs%3d&tabid=1920&portalid=0&mid=7568,"MEMO_PDF_EXTRACTION_FAILED — re-ingest with force, or OCR fallback"
Tshivenda Home Language,2024,1,Tshivenda,10,10,0,10,0,yes,https://www.education.gov.za/LinkClick.aspx?fileticket=LGuhWT6Yf0E%3d&tabid=4933&portalid=0&mid=13123,https://www.education.gov.za/LinkClick.aspx?fileticket=LSn4DBxWx0c%3d&tabid=4933&portalid=0&mid=13123,"MEMO_PDF_EXTRACTION_FAILED — re-ingest with force, or OCR fallback"
Sepedi Second Additional Language,2023,3,Sepedi,10,10,0,10,0,yes,https://www.education.gov.za/LinkClick.aspx?fileticket=LuDv6lVJrvU%3d&tabid=4682&portalid=0&mid=12653,https://www.education.gov.za/LinkClick.aspx?fileticket=-tgeHlkhqng%3d&tabid=4682&portalid=0&mid=12653,"MEMO_PDF_EXTRACTION_FAILED — re-ingest with force, or OCR fallback"
Religion Studies,2017,2,Afrikaans,10,24,58,10,0,yes,https://www.education.gov.za/LinkClick.aspx?fileticket=x2cqm91hA4k%3d&tabid=1686&portalid=0&mid=6756,https://www.education.gov.za/LinkClick.aspx?fileticket=XuDzIuFc8WQ%3d&tabid=1686&portalid=0&mid=6756,"MEMO_PDF_EXTRACTION_FAILED — re-ingest with force, or OCR fallback"
Sepedi Home Language,2020,1,Sepedi,10,10,0,10,0,yes,https://www.education.gov.za/LinkClick.aspx?fileticket=TW0hVCaR9iM%3d&tabid=2702&portalid=0&mid=10164,https://www.education.gov.za/LinkClick.aspx?fileticket=0XYc35iSyRc%3d&tabid=2702&portalid=0&mid=10164,"MEMO_PDF_EXTRACTION_FAILED — re-ingest with force, or OCR fallback"
Xitsonga Home Language,2021,3,Xitsonga,10,10,0,10,0,yes,https://www.education.gov.za/LinkClick.aspx?fileticket=rVxqLfMF0ps%3d&tabid=2837&portalid=0&mid=9890,https://www.education.gov.za/LinkClick.aspx?fileticket=G7EjM5A1tKs%3d&tabid=2837&portalid=0&mid=9890,"MEMO_PDF_EXTRACTION_FAILED — re-ingest with force, or OCR fallback"
Business Studies,2025,2,Afrikaans,10,41,76,10,0,yes,https://www.education.gov.za/LinkClick.aspx?fileticket=VPifE068UFY%3d&tabid=5475&portalid=0&mid=14228,https://www.education.gov.za/LinkClick.aspx?fileticket=mQpYiZdSEP4%3d&tabid=5475&portalid=0&mid=14228,"MEMO_PDF_EXTRACTION_FAILED — re-ingest with force, or OCR fallback"
Sesotho First Additional Language,2025,2,Sesotho,10,10,0,10,0,yes,https://www.education.gov.za/LinkClick.aspx?fileticket=qWaOvsdxaXY%3d&tabid=5475&portalid=0&mid=14219,https://www.education.gov.za/LinkClick.aspx?fileticket=kWM7AeCZ-RE%3d&tabid=5475&portalid=0&mid=14219,"MEMO_PDF_EXTRACTION_FAILED — re-ingest with force, or OCR fallback"
Xitsonga Home Language,2025,3,Xitsonga,10,10,0,10,0,yes,https://www.education.gov.za/LinkClick.aspx?fileticket=80QAL27sMkc%3d&tabid=5475&portalid=0&mid=14222,https://www.education.gov.za/LinkClick.aspx?fileticket=AVdPt3xCtDg%3d&tabid=5475&portalid=0&mid=14222,"MEMO_PDF_EXTRACTION_FAILED — re-ingest with force, or OCR fallback"
Sepedi Second Additional Language,2021,3,Sepedi,10,10,0,10,0,yes,https://www.education.gov.za/LinkClick.aspx?fileticket=uygfiEtMi8o%3d&tabid=2922&portalid=0&mid=10171,https://www.education.gov.za/LinkClick.aspx?fileticket=K3r8iB4MBSU%3d&tabid=2922&portalid=0&mid=10171,"MEMO_PDF_EXTRACTION_FAILED — re-ingest with force, or OCR fallback"
Xitsonga Home Language,2024,3,Xitsonga,10,10,0,10,0,yes,https://www.education.gov.za/LinkClick.aspx?fileticket=7Wco4Tn655s%3d&tabid=4933&portalid=0&mid=13124,https://www.education.gov.za/LinkClick.aspx?fileticket=xt60LWpZNXE%3d&tabid=4933&portalid=0&mid=13124,"MEMO_PDF_EXTRACTION_FAILED — re-ingest with force, or OCR fallback"
isiZulu Home Language,2025,2,isiZulu,10,114,91,10,0,yes,https://www.education.gov.za/LinkClick.aspx?fileticket=yu42aYJlo8g%3d&tabid=5475&portalid=0&mid=14215,https://www.education.gov.za/LinkClick.aspx?fileticket=eTZ8ViV7wWY%3d&tabid=5475&portalid=0&mid=14215,"MEMO_PDF_EXTRACTION_FAILED — re-ingest with force, or OCR fallback"
Dance Studies,2015,1,Afrikaans,10,32,69,10,0,yes,https://www.education.gov.za/LinkClick.aspx?fileticket=tl7n-MNS-q4%3d&tabid=979&portalid=0&mid=4278,https://www.education.gov.za/LinkClick.aspx?fileticket=Z3TU6DACl10%3d&tabid=979&portalid=0&mid=4278,"MEMO_PDF_EXTRACTION_FAILED — re-ingest with force, or OCR fallback"
Tshivenda Home Language,2020,1,Tshivenda,10,10,0,10,0,yes,https://www.education.gov.za/LinkClick.aspx?fileticket=vWBTHJlgY6E%3d&tabid=2702&portalid=0&mid=10160,https://www.education.gov.za/LinkClick.aspx?fileticket=q8970gQvfkg%3d&tabid=2702&portalid=0&mid=10160,"MEMO_PDF_EXTRACTION_FAILED — re-ingest with force, or OCR fallback"
Sepedi Home Language,2015,3,Sepedi,10,10,0,10,0,yes,https://www.education.gov.za/LinkClick.aspx?fileticket=owDwX0rB7TE%3d&tabid=979&portalid=0&mid=4303,https://www.education.gov.za/LinkClick.aspx?fileticket=ihafm2y39LA%3d&tabid=979&portalid=0&mid=4303,"MEMO_PDF_EXTRACTION_FAILED — re-ingest with force, or OCR fallback"
Sepedi First Additional Language,2022,1,Sepedi,10,10,0,10,0,yes,https://www.education.gov.za/LinkClick.aspx?fileticket=eVb6BBrd-B4%3d&tabid=3138&portalid=0&mid=10547,https://www.education.gov.za/LinkClick.aspx?fileticket=rzT_iAs0HQI%3d&tabid=3138&portalid=0&mid=10547,"MEMO_PDF_EXTRACTION_FAILED — re-ingest with force, or OCR fallback"
isiXhosa First Additional Language,2017,2,isiXhosa,10,106,91,10,0,yes,https://www.education.gov.za/LinkClick.aspx?fileticket=AYaV0EG4TWU%3d&tabid=1686&portalid=0&mid=6735,https://www.education.gov.za/LinkClick.aspx?fileticket=UMGM_tbQj88%3d&tabid=1686&portalid=0&mid=6735,"MEMO_PDF_EXTRACTION_FAILED — re-ingest with force, or OCR fallback"
Xitsonga Home Language,2019,3,Xitsonga,10,10,0,10,0,yes,https://www.education.gov.za/LinkClick.aspx?fileticket=DyHgZXD8SJ4%3d&tabid=2468&portalid=0&mid=8922,https://www.education.gov.za/LinkClick.aspx?fileticket=lL7vqFv3gPk%3d&tabid=2468&portalid=0&mid=8922,"MEMO_PDF_EXTRACTION_FAILED — re-ingest with force, or OCR fallback"
isiZulu First Additional Language,2023,2,isiZulu,10,155,94,10,0,yes,https://www.education.gov.za/LinkClick.aspx?fileticket=E83FaYe25ro%3d&tabid=4504&portalid=0&mid=12287,https://www.education.gov.za/LinkClick.aspx?fileticket=t30HAmTVX34%3d&tabid=4504&portalid=0&mid=12287,"MEMO_PDF_EXTRACTION_FAILED — re-ingest with force, or OCR fallback"
Tshivenda Home Language,2025,3,Tshivenda,10,10,0,10,0,yes,https://www.education.gov.za/LinkClick.aspx?fileticket=4e_SkFNRx18%3d&tabid=5475&portalid=0&mid=14221,https://www.education.gov.za/LinkClick.aspx?fileticket=cGBZmNZvAKU%3d&tabid=5475&portalid=0&mid=14221,"MEMO_PDF_EXTRACTION_FAILED — re-ingest with force, or OCR fallback"
Sepedi Home Language,2016,3,Sepedi,10,10,0,10,0,yes,https://www.education.gov.za/LinkClick.aspx?fileticket=3lpt_BpuzGQ%3d&tabid=1000&portalid=0&mid=4418,https://www.education.gov.za/LinkClick.aspx?fileticket=9HDEM6nh_tk%3d&tabid=1000&portalid=0&mid=4418,"MEMO_PDF_EXTRACTION_FAILED — re-ingest with force, or OCR fallback"
Setswana First Additional Language,2025,2,Setswana,10,134,93,10,0,yes,https://www.education.gov.za/LinkClick.aspx?fileticket=EqjBbaol1-o%3d&tabid=5742&portalid=0&mid=14819,https://www.education.gov.za/LinkClick.aspx?fileticket=bEWZAGyp82o%3d&tabid=5742&portalid=0&mid=14819,"MEMO_PDF_EXTRACTION_FAILED — re-ingest with force, or OCR fallback"
Religion Studies,2017,2,English,10,24,58,10,0,yes,https://www.education.gov.za/LinkClick.aspx?fileticket=BasGYrW-rIc%3d&tabid=1686&portalid=0&mid=6756,https://www.education.gov.za/LinkClick.aspx?fileticket=D3HWWOY06a4%3d&tabid=1686&portalid=0&mid=6756,"MEMO_PDF_EXTRACTION_FAILED — re-ingest with force, or OCR fallback"
Sepedi Home Language,2025,1,Sepedi,10,10,0,10,0,yes,https://www.education.gov.za/LinkClick.aspx?fileticket=Exppv69deqU%3d&tabid=5742&portalid=0&mid=14818,https://www.education.gov.za/LinkClick.aspx?fileticket=xYhL5zG0Paw%3d&tabid=5742&portalid=0&mid=14818,"MEMO_PDF_EXTRACTION_FAILED — re-ingest with force, or OCR fallback"
English First Additional Language,2016,2,English,10,104,90,10,0,yes,https://www.education.gov.za/LinkClick.aspx?fileticket=oHoCcrzv9S0%3d&tabid=1000&portalid=0&mid=4414,https://www.education.gov.za/LinkClick.aspx?fileticket=NEgl2m4G8gg%3d&tabid=1000&portalid=0&mid=4414,"MEMO_PDF_EXTRACTION_FAILED — re-ingest with force, or OCR fallback"
Sepedi First Additional Language,2025,1,Sepedi,10,10,0,10,0,yes,https://www.education.gov.za/LinkClick.aspx?fileticket=arOMXlntxH0%3d&tabid=5475&portalid=0&mid=14217,https://www.education.gov.za/LinkClick.aspx?fileticket=8M8hIXSsamw%3d&tabid=5475&portalid=0&mid=14217,"MEMO_PDF_EXTRACTION_FAILED — re-ingest with force, or OCR fallback"
Sepedi First Additional Language,2023,1,Sepedi,10,10,0,10,0,yes,https://www.education.gov.za/LinkClick.aspx?fileticket=46kCaft-5-k%3d&tabid=4504&portalid=0&mid=12289,https://www.education.gov.za/LinkClick.aspx?fileticket=wkUcMwtGIRA%3d&tabid=4504&portalid=0&mid=12289,"MEMO_PDF_EXTRACTION_FAILED — re-ingest with force, or OCR fallback"
Tshivenda Home Language,2024,3,Tshivenda,10,10,0,10,0,yes,https://www.education.gov.za/LinkClick.aspx?fileticket=U8cOIi0WC_0%3d&tabid=4933&portalid=0&mid=13123,https://www.education.gov.za/LinkClick.aspx?fileticket=UmbBNqVndSo%3d&tabid=4933&portalid=0&mid=13123,"MEMO_PDF_EXTRACTION_FAILED — re-ingest with force, or OCR fallback"
Sepedi Home Language,2020,3,Sepedi,10,10,0,10,0,yes,https://www.education.gov.za/LinkClick.aspx?fileticket=ijJllpq_YWM%3d&tabid=2702&portalid=0&mid=10164,https://www.education.gov.za/LinkClick.aspx?fileticket=bEQfjY_l0sE%3d&tabid=2702&portalid=0&mid=10164,"MEMO_PDF_EXTRACTION_FAILED — re-ingest with force, or OCR fallback"
Tshivenda Home Language,2021,1,Tshivenda,10,10,0,10,0,yes,https://www.education.gov.za/LinkClick.aspx?fileticket=Ozw-v5UhkzY%3d&tabid=2837&portalid=0&mid=9950,https://www.education.gov.za/LinkClick.aspx?fileticket=MZEpquT1Q7k%3d&tabid=2837&portalid=0&mid=9950,"MEMO_PDF_EXTRACTION_FAILED — re-ingest with force, or OCR fallback"
Sepedi Home Language,2021,3,Sepedi,10,10,0,10,0,yes,https://www.education.gov.za/LinkClick.aspx?fileticket=VuzSN11Biio%3d&tabid=2837&portalid=0&mid=9946,https://www.education.gov.za/LinkClick.aspx?fileticket=8i-X2z5gIl0%3d&tabid=2837&portalid=0&mid=9946,"MEMO_PDF_EXTRACTION_FAILED — re-ingest with force, or OCR fallback"
Xitsonga Home Language,2020,3,Xitsonga,10,10,0,10,0,yes,https://www.education.gov.za/LinkClick.aspx?fileticket=Nwxtmb4MVuY%3d&tabid=2702&portalid=0&mid=10159,https://www.education.gov.za/LinkClick.aspx?fileticket=v4bYia0YtsE%3d&tabid=2702&portalid=0&mid=10159,"MEMO_PDF_EXTRACTION_FAILED — re-ingest with force, or OCR fallback"
Life Orientation,2023,1,English,10,33,70,10,0,yes,https://www.education.gov.za/LinkClick.aspx?fileticket=L0z6iaN75Vo%3d&tabid=4682&portalid=0&mid=12678,https://www.education.gov.za/LinkClick.aspx?fileticket=HcAE0j0zD88%3d&tabid=4682&portalid=0&mid=12678,"MEMO_PDF_EXTRACTION_FAILED — re-ingest with force, or OCR fallback"
Tshivenda Home Language,2024,2,Tshivenda,10,12,17,10,0,yes,https://www.education.gov.za/LinkClick.aspx?fileticket=Sf6G06fZ91A%3d&tabid=4933&portalid=0&mid=13123,https://www.education.gov.za/LinkClick.aspx?fileticket=cuFmQ-Anhnc%3d&tabid=4933&portalid=0&mid=13123,"MEMO_PDF_EXTRACTION_FAILED — re-ingest with force, or OCR fallback"
Sepedi Home Language,2019,1,Sepedi,10,10,0,10,0,yes,https://www.education.gov.za/LinkClick.aspx?fileticket=plufEQHlC-s%3d&tabid=2468&portalid=0&mid=8914,https://www.education.gov.za/LinkClick.aspx?fileticket=OzVu0QXAqUM%3d&tabid=2468&portalid=0&mid=8914,"MEMO_PDF_EXTRACTION_FAILED — re-ingest with force, or OCR fallback"
Xitsonga Home Language,2022,3,Xitsonga,10,10,0,10,0,yes,https://www.education.gov.za/LinkClick.aspx?fileticket=izGOnHNSCGs%3d&tabid=3138&portalid=0&mid=10552,https://www.education.gov.za/LinkClick.aspx?fileticket=hHhVYC6GnEI%3d&tabid=3138&portalid=0&mid=10552,"MEMO_PDF_EXTRACTION_FAILED — re-ingest with force, or OCR fallback"
Sepedi Second Additional Language,2021,2,Sepedi,10,10,0,10,0,yes,https://www.education.gov.za/LinkClick.aspx?fileticket=Cqo13erIdO4%3d&tabid=2922&portalid=0&mid=10171,https://www.education.gov.za/LinkClick.aspx?fileticket=joWoI47idOg%3d&tabid=2922&portalid=0&mid=10171,"MEMO_PDF_EXTRACTION_FAILED — re-ingest with force, or OCR fallback"
Sepedi Home Language,2019,3,Sepedi,10,10,0,10,0,yes,https://www.education.gov.za/LinkClick.aspx?fileticket=USi92ZerWss%3d&tabid=2468&portalid=0&mid=8914,https://www.education.gov.za/LinkClick.aspx?fileticket=KSne--jmmsI%3d&tabid=2468&portalid=0&mid=8914,"MEMO_PDF_EXTRACTION_FAILED — re-ingest with force, or OCR fallback"
Sepedi First Additional Language,2024,3,Sepedi,9,9,0,9,0,yes,https://www.education.gov.za/LinkClick.aspx?fileticket=xW_2eOq3fHg%3d&tabid=4933&portalid=0&mid=13119,https://www.education.gov.za/LinkClick.aspx?fileticket=xhIPxuuFuuE%3d&tabid=4933&portalid=0&mid=13119,"MEMO_PDF_EXTRACTION_FAILED — re-ingest with force, or OCR fallback"
Sepedi Home Language,2016,1,Sepedi,9,9,0,9,0,yes,https://www.education.gov.za/LinkClick.aspx?fileticket=QzFzwrUKRC8%3d&tabid=1000&portalid=0&mid=4418,https://www.education.gov.za/LinkClick.aspx?fileticket=unQVtpE3oKs%3d&tabid=1000&portalid=0&mid=4418,"MEMO_PDF_EXTRACTION_FAILED — re-ingest with force, or OCR fallback"
Business Studies,2023,1,Afrikaans,9,57,84,9,0,yes,https://www.education.gov.za/LinkClick.aspx?fileticket=j6wzYhDu9SY%3d&tabid=4504&portalid=0&mid=12300,https://www.education.gov.za/LinkClick.aspx?fileticket=9JJwBTdjKVQ%3d&tabid=4504&portalid=0&mid=12300,"MEMO_PDF_EXTRACTION_FAILED — re-ingest with force, or OCR fallback"
Life Orientation,2025,1,Afrikaans,9,33,73,9,0,yes,https://www.education.gov.za/LinkClick.aspx?fileticket=Oul2uNZqku4%3d&tabid=5742&portalid=0&mid=14892,https://www.education.gov.za/LinkClick.aspx?fileticket=HApg8zqWDH8%3d&tabid=5742&portalid=0&mid=14892,"MEMO_PDF_EXTRACTION_FAILED — re-ingest with force, or OCR fallback"
Afrikaans First Additional Language,2023,1,Afrikaans,9,75,88,9,0,yes,https://www.education.gov.za/LinkClick.aspx?fileticket=sYrNVNyP4Kg%3d&tabid=4504&portalid=0&mid=12283,https://www.education.gov.za/LinkClick.aspx?fileticket=DDjgnFvYHpA%3d&tabid=4504&portalid=0&mid=12283,"MEMO_PDF_EXTRACTION_FAILED — re-ingest with force, or OCR fallback"
Sesotho Second Additional Language,2021,2,Sesotho,9,9,0,9,0,yes,https://www.education.gov.za/LinkClick.aspx?fileticket=XjRgEqLsGKA%3d&tabid=2922&portalid=0&mid=10180,https://www.education.gov.za/LinkClick.aspx?fileticket=kgkXw92wLD8%3d&tabid=2922&portalid=0&mid=10180,"MEMO_PDF_EXTRACTION_FAILED — re-ingest with force, or OCR fallback"
isiZulu First Additional Language,2017,2,isiZulu,9,121,93,9,0,yes,https://www.education.gov.za/LinkClick.aspx?fileticket=OQh15bQwwJw%3d&tabid=1686&portalid=0&mid=6736,https://www.education.gov.za/LinkClick.aspx?fileticket=074NnW4CDQE%3d&tabid=1686&portalid=0&mid=6736,"MEMO_PDF_EXTRACTION_FAILED — re-ingest with force, or OCR fallback"
Sepedi Second Additional Language,2025,1,Sepedi,9,9,0,9,0,yes,https://www.education.gov.za/LinkClick.aspx?fileticket=JeAhoiUKLnE%3d&tabid=5742&portalid=0&mid=14818,https://www.education.gov.za/LinkClick.aspx?fileticket=WlFCFvT4EoA%3d&tabid=5742&portalid=0&mid=14818,"MEMO_PDF_EXTRACTION_FAILED — re-ingest with force, or OCR fallback"
Music,2023,1,English,9,116,92,9,0,yes,https://www.education.gov.za/LinkClick.aspx?fileticket=Ge4Tme15CUw%3d&tabid=4504&portalid=0&mid=12320,https://www.education.gov.za/LinkClick.aspx?fileticket=spTFt7wU7UI%3d&tabid=4504&portalid=0&mid=12320,"MEMO_PDF_EXTRACTION_FAILED — re-ingest with force, or OCR fallback"
English First Additional Language,2019,2,English,9,101,91,9,0,yes,https://www.education.gov.za/LinkClick.aspx?fileticket=aTDl0CZPAL4%3d&tabid=2468&portalid=0&mid=8909,https://www.education.gov.za/LinkClick.aspx?fileticket=CiQsGyuymDY%3d&tabid=2468&portalid=0&mid=8909,"MEMO_PDF_EXTRACTION_FAILED — re-ingest with force, or OCR fallback"
Sepedi First Additional Language,2019,3,Sepedi,9,9,0,9,0,yes,https://www.education.gov.za/LinkClick.aspx?fileticket=JxDOKAkJaeY%3d&tabid=2468&portalid=0&mid=8914,https://www.education.gov.za/LinkClick.aspx?fileticket=MbjG6_-fjNo%3d&tabid=2468&portalid=0&mid=8914,"MEMO_PDF_EXTRACTION_FAILED — re-ingest with force, or OCR fallback"
Sepedi Second Additional Language,2025,2,Sepedi,9,9,0,9,0,yes,https://www.education.gov.za/LinkClick.aspx?fileticket=Mjx7r-kRbJE%3d&tabid=5742&portalid=0&mid=14818,https://www.education.gov.za/LinkClick.aspx?fileticket=5vZsb5nvnjQ%3d&tabid=5742&portalid=0&mid=14818,"MEMO_PDF_EXTRACTION_FAILED — re-ingest with force, or OCR fallback"
isiZulu First Additional Language,2025,2,isiZulu,9,177,95,9,0,yes,https://www.education.gov.za/LinkClick.aspx?fileticket=WT6gHVfN_Xk%3d&tabid=5475&portalid=0&mid=14215,https://www.education.gov.za/LinkClick.aspx?fileticket=tE1H3LfFUgc%3d&tabid=5475&portalid=0&mid=14215,"MEMO_PDF_EXTRACTION_FAILED — re-ingest with force, or OCR fallback"
Sepedi Home Language,2015,1,Sepedi,9,9,0,9,0,yes,https://www.education.gov.za/LinkClick.aspx?fileticket=RwsNoEFNwp8%3d&tabid=979&portalid=0&mid=4303,https://www.education.gov.za/LinkClick.aspx?fileticket=S9jjIM7ybno%3d&tabid=979&portalid=0&mid=4303,"MEMO_PDF_EXTRACTION_FAILED — re-ingest with force, or OCR fallback"
Sesotho First Additional Language,2017,2,Sesotho,9,10,10,9,0,yes,https://www.education.gov.za/LinkClick.aspx?fileticket=QgXW_EZ8iN4%3d&tabid=1686&portalid=0&mid=6738,https://www.education.gov.za/LinkClick.aspx?fileticket=MCa0YZP8kAU%3d&tabid=1686&portalid=0&mid=6738,"MEMO_PDF_EXTRACTION_FAILED — re-ingest with force, or OCR fallback"
Sepedi Home Language,2018,1,Sepedi,9,9,0,9,0,yes,https://www.education.gov.za/LinkClick.aspx?fileticket=KmYtRJEFwwc%3d&tabid=1920&portalid=0&mid=7569,https://www.education.gov.za/LinkClick.aspx?fileticket=vZm1wwK7CCU%3d&tabid=1920&portalid=0&mid=7569,"MEMO_PDF_EXTRACTION_FAILED — re-ingest with force, or OCR fallback"
isiZulu First Additional Language,2019,1,isiZulu,9,44,80,9,0,yes,https://www.education.gov.za/LinkClick.aspx?fileticket=vnctOBQvAfQ%3d&tabid=2468&portalid=0&mid=8913,https://www.education.gov.za/LinkClick.aspx?fileticket=nxR7mbvJczY%3d&tabid=2468&portalid=0&mid=8913,"MEMO_PDF_EXTRACTION_FAILED — re-ingest with force, or OCR fallback"
Life Orientation,2025,1,English,9,33,73,9,0,yes,https://www.education.gov.za/LinkClick.aspx?fileticket=0NECGL07Iu4%3d&tabid=5742&portalid=0&mid=14892,https://www.education.gov.za/LinkClick.aspx?fileticket=IgJTQDu_M6g%3d&tabid=5742&portalid=0&mid=14892,"MEMO_PDF_EXTRACTION_FAILED — re-ingest with force, or OCR fallback"
Sesotho Home Language,2017,1,Sesotho,9,9,0,9,0,yes,https://www.education.gov.za/LinkClick.aspx?fileticket=zqqzlH1d6Hw%3d&tabid=1686&portalid=0&mid=6738,https://www.education.gov.za/LinkClick.aspx?fileticket=LUGor5DPkdg%3d&tabid=1686&portalid=0&mid=6738,"MEMO_PDF_EXTRACTION_FAILED — re-ingest with force, or OCR fallback"
Sepedi Home Language,2017,1,Sepedi,9,9,0,9,0,yes,https://www.education.gov.za/LinkClick.aspx?fileticket=wYEeuIGMLfY%3d&tabid=1686&portalid=0&mid=6737,https://www.education.gov.za/LinkClick.aspx?fileticket=3h4f7R0j-TA%3d&tabid=1686&portalid=0&mid=6737,"MEMO_PDF_EXTRACTION_FAILED — re-ingest with force, or OCR fallback"
English First Additional Language,2021,2,English,9,104,91,9,0,yes,https://www.education.gov.za/LinkClick.aspx?fileticket=Gz8kLX9tm0g%3d&tabid=2837&portalid=0&mid=9891,https://www.education.gov.za/LinkClick.aspx?fileticket=JJw_c-wYaps%3d&tabid=2837&portalid=0&mid=9891,"MEMO_PDF_EXTRACTION_FAILED — re-ingest with force, or OCR fallback"
isiZulu Home Language,2016,1,isiZulu,9,35,74,9,0,yes,https://www.education.gov.za/LinkClick.aspx?fileticket=Rxeq_lT-y70%3d&tabid=1000&portalid=0&mid=4417,https://www.education.gov.za/LinkClick.aspx?fileticket=rxR34mf1Mok%3d&tabid=1000&portalid=0&mid=4417,"MEMO_PDF_EXTRACTION_FAILED — re-ingest with force, or OCR fallback"
Consumer Studies,2025,1,Afrikaans,9,90,90,9,0,yes,https://www.education.gov.za/LinkClick.aspx?fileticket=FTl7uDAb1iU%3d&tabid=5475&portalid=0&mid=14231,https://www.education.gov.za/LinkClick.aspx?fileticket=2tLVVw1ko4M%3d&tabid=5475&portalid=0&mid=14231,"MEMO_PDF_EXTRACTION_FAILED — re-ingest with force, or OCR fallback"
Sepedi Second Additional Language,2023,2,Sepedi,9,9,0,9,0,yes,https://www.education.gov.za/LinkClick.aspx?fileticket=0QuxYnbUv9Y%3d&tabid=4682&portalid=0&mid=12653,https://www.education.gov.za/LinkClick.aspx?fileticket=sH6huTsTbBI%3d&tabid=4682&portalid=0&mid=12653,"MEMO_PDF_EXTRACTION_FAILED — re-ingest with force, or OCR fallback"
Business Studies,2023,1,English,9,57,84,9,0,yes,https://www.education.gov.za/LinkClick.aspx?fileticket=eTLf9DB7ORc%3d&tabid=4504&portalid=0&mid=12300,https://www.education.gov.za/LinkClick.aspx?fileticket=LhC7PAQlQ1w%3d&tabid=4504&portalid=0&mid=12300,"MEMO_PDF_EXTRACTION_FAILED — re-ingest with force, or OCR fallback"
Life Orientation,2021,1,English,9,32,72,9,0,yes,https://www.education.gov.za/LinkClick.aspx?fileticket=M1QO6apZtHE%3d&tabid=2922&portalid=0&mid=10148,https://www.education.gov.za/LinkClick.aspx?fileticket=xgW9goZ6KuQ%3d&tabid=2922&portalid=0&mid=10148,"MEMO_PDF_EXTRACTION_FAILED — re-ingest with force, or OCR fallback"
Sesotho Second Additional Language,2023,2,Sesotho,9,9,0,0,9,yes,https://www.education.gov.za/LinkClick.aspx?fileticket=brRFGNDPHtA%3d&tabid=4504&portalid=0&mid=12291,,MEMO_IN_CATALOG_NOT_LINKED — re-ingest with force to re-pair
Information Technology,2016,1,Afrikaans,9,17,47,9,0,yes,https://www.education.gov.za/LinkClick.aspx?fileticket=Q5svV09Mzz0%3d&tabid=1000&portalid=0&mid=4442,https://www.education.gov.za/LinkClick.aspx?fileticket=Iz14SPl_He0%3d&tabid=1000&portalid=0&mid=4442,"MEMO_PDF_EXTRACTION_FAILED — re-ingest with force, or OCR fallback"
Sepedi Second Additional Language,2024,2,Sepedi,9,9,0,9,0,yes,https://www.education.gov.za/LinkClick.aspx?fileticket=J2eUJUSRlFw%3d&tabid=5193&portalid=0&mid=13696,https://www.education.gov.za/LinkClick.aspx?fileticket=tLmYaVPyiNg%3d&tabid=5193&portalid=0&mid=13696,"MEMO_PDF_EXTRACTION_FAILED — re-ingest with force, or OCR fallback"
isiNdebele Second Additional Language,2024,2,isiNdebele,9,9,0,9,0,yes,https://www.education.gov.za/LinkClick.aspx?fileticket=J_V7KjH1OlQ%3d&tabid=5193&portalid=0&mid=13692,https://www.education.gov.za/LinkClick.aspx?fileticket=y4LdZkODHoM%3d&tabid=5193&portalid=0&mid=13692,"MEMO_PDF_EXTRACTION_FAILED — re-ingest with force, or OCR fallback"
Life Orientation,2024,1,English,8,33,76,8,0,yes,https://www.education.gov.za/LinkClick.aspx?fileticket=nU_cBEiohTo%3d&tabid=5193&portalid=0&mid=13721,https://www.education.gov.za/LinkClick.aspx?fileticket=RkpmckiY5vg%3d&tabid=5193&portalid=0&mid=13721,"MEMO_PDF_EXTRACTION_FAILED — re-ingest with force, or OCR fallback"
Afrikaans Home Language,2020,1,Afrikaans,8,41,80,8,0,yes,https://www.education.gov.za/LinkClick.aspx?fileticket=ZkeNYqJEcK0%3d&tabid=2702&portalid=0&mid=10165,https://stanmorephysics.com/wp-content/uploads/2021/10/Afrikaans-FAL-Grade-12-Nov-2020-P1-and-Memo.pdf,"MEMO_PDF_EXTRACTION_FAILED — re-ingest with force, or OCR fallback"
English First Additional Language,2020,2,English,8,105,92,8,0,yes,https://www.education.gov.za/LinkClick.aspx?fileticket=VhPv8HhXra0%3d&tabid=2702&portalid=0&mid=10166,https://www.education.gov.za/LinkClick.aspx?fileticket=X_cHu32QDLw%3d&tabid=2702&portalid=0&mid=10166,"MEMO_PDF_EXTRACTION_FAILED — re-ingest with force, or OCR fallback"
isiZulu First Additional Language,2021,2,isiZulu,8,112,93,8,0,yes,https://www.education.gov.za/LinkClick.aspx?fileticket=uV84nFe9d7g%3d&tabid=2837&portalid=0&mid=10518,https://www.education.gov.za/LinkClick.aspx?fileticket=bmbl-ZbcHJc%3d&tabid=2837&portalid=0&mid=10518,"MEMO_PDF_EXTRACTION_FAILED — re-ingest with force, or OCR fallback"
Business Studies,2023,2,Afrikaans,8,50,84,8,0,yes,https://www.education.gov.za/LinkClick.aspx?fileticket=AGH4470J31A%3d&tabid=4504&portalid=0&mid=12300,https://www.education.gov.za/LinkClick.aspx?fileticket=RRyG72OdATk%3d&tabid=4504&portalid=0&mid=12300,"MEMO_PDF_EXTRACTION_FAILED — re-ingest with force, or OCR fallback"
isiXhosa Second Additional Language,2022,1,isiXhosa,8,52,85,8,0,yes,https://www.education.gov.za/LinkClick.aspx?fileticket=JYYadIUuhTg%3d&tabid=3138&portalid=0&mid=10545,https://www.saexampapers.co.za/wp-content/uploads/2023/04/IsiXhosa-NSC-SAL-P1-Memo-Nov-2022.pdf,"MEMO_PDF_EXTRACTION_FAILED — re-ingest with force, or OCR fallback"
Music,2023,1,Afrikaans,8,116,93,8,0,yes,https://www.education.gov.za/LinkClick.aspx?fileticket=Hx6Ftky2ibY%3d&tabid=4504&portalid=0&mid=12320,https://www.education.gov.za/LinkClick.aspx?fileticket=6-MLJE2krFU%3d&tabid=4504&portalid=0&mid=12320,"MEMO_PDF_EXTRACTION_FAILED — re-ingest with force, or OCR fallback"
Sepedi First Additional Language,2024,2,Sepedi,8,8,0,8,0,yes,https://www.education.gov.za/LinkClick.aspx?fileticket=6AJKCpaS4is%3d&tabid=4933&portalid=0&mid=13119,https://www.education.gov.za/LinkClick.aspx?fileticket=Gbftowl8Pco%3d&tabid=4933&portalid=0&mid=13119,"MEMO_PDF_EXTRACTION_FAILED — re-ingest with force, or OCR fallback"
English Second Additional Language,2025,1,English,8,54,85,8,0,yes,https://www.education.gov.za/LinkClick.aspx?fileticket=4sqUP0pT2qw%3d&tabid=5742&portalid=0&mid=14813,https://www.education.gov.za/LinkClick.aspx?fileticket=XlJKCx8uj0Y%3d&tabid=5742&portalid=0&mid=14813,"MEMO_PDF_EXTRACTION_FAILED — re-ingest with force, or OCR fallback"
Sesotho Home Language,2018,1,Sesotho,8,8,0,8,0,yes,https://www.education.gov.za/LinkClick.aspx?fileticket=yXoCpwCbHfM%3d&tabid=1920&portalid=0&mid=7570,https://www.education.gov.za/LinkClick.aspx?fileticket=0si7Put9ZW8%3d&tabid=1920&portalid=0&mid=7570,"MEMO_PDF_EXTRACTION_FAILED — re-ingest with force, or OCR fallback"
Tshivenda Home Language,2019,3,Tshivenda,8,11,27,8,0,yes,https://www.education.gov.za/LinkClick.aspx?fileticket=Rv1Pwb1_wIE%3d&tabid=2468&portalid=0&mid=8921,https://www.education.gov.za/LinkClick.aspx?fileticket=HG58HCzt9Hw%3d&tabid=2468&portalid=0&mid=8921,"MEMO_PDF_EXTRACTION_FAILED — re-ingest with force, or OCR fallback"
English First Additional Language,2025,1,English,8,54,85,8,0,yes,https://www.education.gov.za/LinkClick.aspx?fileticket=GcoicJwVMrY%3d&tabid=5475&portalid=0&mid=14212,https://www.education.gov.za/LinkClick.aspx?fileticket=bNUEZxAOnzo%3d&tabid=5475&portalid=0&mid=14212,"MEMO_PDF_EXTRACTION_FAILED — re-ingest with force, or OCR fallback"
Business Studies,2020,2,Afrikaans,8,51,84,8,0,yes,https://www.education.gov.za/LinkClick.aspx?fileticket=E4TuQWinjGs%3d&tabid=2702&portalid=0&mid=9616,https://www.education.gov.za/LinkClick.aspx?fileticket=ExXKZN9BgRg%3d&tabid=2702&portalid=0&mid=9616,"MEMO_PDF_EXTRACTION_FAILED — re-ingest with force, or OCR fallback"
isiNdebele First Additional Language,2017,1,isiNdebele,8,48,83,8,0,yes,https://www.education.gov.za/LinkClick.aspx?fileticket=s2piIJNSlVI%3d&tabid=1686&portalid=0&mid=6734,https://www.education.gov.za/LinkClick.aspx?fileticket=vrlGYxvPJlI%3d&tabid=1686&portalid=0&mid=6734,"MEMO_PDF_EXTRACTION_FAILED — re-ingest with force, or OCR fallback"
Business Studies,2024,2,Afrikaans,8,50,84,8,0,yes,https://www.education.gov.za/LinkClick.aspx?fileticket=YpeLraQT5S4%3d&tabid=4933&portalid=0&mid=13130,https://www.education.gov.za/LinkClick.aspx?fileticket=j6OtxvDlhlw%3d&tabid=4933&portalid=0&mid=13130,"MEMO_PDF_EXTRACTION_FAILED — re-ingest with force, or OCR fallback"
Accounting,2021,1,English,8,38,79,8,0,yes,https://www.education.gov.za/LinkClick.aspx?fileticket=ocXfbm4H7JY%3d&tabid=2837&portalid=0&mid=9893,https://www.education.gov.za/LinkClick.aspx?fileticket=GKTE6NY-FT4%3d&tabid=2837&portalid=0&mid=9893,"MEMO_PDF_EXTRACTION_FAILED — re-ingest with force, or OCR fallback"
Afrikaans Home Language,2024,1,Afrikaans,8,46,83,8,0,yes,https://www.education.gov.za/LinkClick.aspx?fileticket=sTL2Bua2EYE%3d&tabid=4933&portalid=0&mid=13113,https://www.education.gov.za/LinkClick.aspx?fileticket=PWGOKTHqcOM%3d&tabid=4933&portalid=0&mid=13113,"MEMO_PDF_EXTRACTION_FAILED — re-ingest with force, or OCR fallback"
English First Additional Language,2023,1,English,8,53,85,8,0,yes,https://www.education.gov.za/LinkClick.aspx?fileticket=P1TaC8Wb0Xs%3d&tabid=4504&portalid=0&mid=12284,https://www.education.gov.za/LinkClick.aspx?fileticket=QFD_ILsTbOE%3d&tabid=4504&portalid=0&mid=12284,"MEMO_PDF_EXTRACTION_FAILED — re-ingest with force, or OCR fallback"
Sepedi First Additional Language,2017,3,Sepedi,8,10,20,8,0,yes,https://www.education.gov.za/LinkClick.aspx?fileticket=mo07XZOCfps%3d&tabid=1686&portalid=0&mid=6737,https://www.education.gov.za/LinkClick.aspx?fileticket=wOtHtTBNV3g%3d&tabid=1686&portalid=0&mid=6737,"MEMO_PDF_EXTRACTION_FAILED — re-ingest with force, or OCR fallback"
Business Studies,2023,2,English,8,50,84,8,0,yes,https://www.education.gov.za/LinkClick.aspx?fileticket=i5x9p9afkMk%3d&tabid=4504&portalid=0&mid=12300,https://www.education.gov.za/LinkClick.aspx?fileticket=9hTT9Li_z_4%3d&tabid=4504&portalid=0&mid=12300,"MEMO_PDF_EXTRACTION_FAILED — re-ingest with force, or OCR fallback"
Sesotho Home Language,2016,1,Sesotho,8,8,0,8,0,yes,https://www.education.gov.za/LinkClick.aspx?fileticket=A0nEs-_HLts%3d&tabid=1000&portalid=0&mid=4419,https://www.education.gov.za/LinkClick.aspx?fileticket=XvNapqtE4fU%3d&tabid=1000&portalid=0&mid=4419,"MEMO_PDF_EXTRACTION_FAILED — re-ingest with force, or OCR fallback"
Business Studies,2024,2,English,8,50,84,8,0,yes,https://www.education.gov.za/LinkClick.aspx?fileticket=bPInqTo7mEM%3d&tabid=4933&portalid=0&mid=13130,https://www.education.gov.za/LinkClick.aspx?fileticket=UxVrzE_OuVA%3d&tabid=4933&portalid=0&mid=13130,"MEMO_PDF_EXTRACTION_FAILED — re-ingest with force, or OCR fallback"
Afrikaans First Additional Language,2017,3,Afrikaans,8,16,50,8,0,yes,https://www.education.gov.za/LinkClick.aspx?fileticket=IsHV2yVDPB8%3d&tabid=1686&portalid=0&mid=6732,https://www.education.gov.za/LinkClick.aspx?fileticket=wyNk3lUQoK4%3d&tabid=1686&portalid=0&mid=6732,"MEMO_PDF_EXTRACTION_FAILED — re-ingest with force, or OCR fallback"
Afrikaans Second Additional Language,2016,2,Afrikaans,8,16,50,8,0,yes,https://www.education.gov.za/LinkClick.aspx?fileticket=G6h_jXNU1UM%3d&tabid=1000&portalid=0&mid=4423,https://www.education.gov.za/LinkClick.aspx?fileticket=qqyTg-gTr1g%3d&tabid=1000&portalid=0&mid=4423,"MEMO_PDF_EXTRACTION_FAILED — re-ingest with force, or OCR fallback"
siSwati Home Language,2025,1,siSwati,8,41,80,8,0,yes,https://www.education.gov.za/LinkClick.aspx?fileticket=6x6H1KW6tEk%3d&tabid=5475&portalid=0&mid=14220,https://www.education.gov.za/LinkClick.aspx?fileticket=VpKtLP9yWmE%3d&tabid=5475&portalid=0&mid=14220,"MEMO_PDF_EXTRACTION_FAILED — re-ingest with force, or OCR fallback"
Afrikaans First Additional Language,2018,3,Afrikaans,8,15,47,8,0,yes,https://www.education.gov.za/LinkClick.aspx?fileticket=AnQiooXh76E%3d&tabid=1920&portalid=0&mid=7564,https://www.education.gov.za/LinkClick.aspx?fileticket=ZQkPUyeWAa4%3d&tabid=1920&portalid=0&mid=7564,"MEMO_PDF_EXTRACTION_FAILED — re-ingest with force, or OCR fallback"
Accounting,2021,1,Afrikaans,8,38,79,8,0,yes,https://www.education.gov.za/LinkClick.aspx?fileticket=8tCetAUPCZI%3d&tabid=2837&portalid=0&mid=9893,https://www.education.gov.za/LinkClick.aspx?fileticket=KiLmhZnYPsk%3d&tabid=2837&portalid=0&mid=9893,"MEMO_PDF_EXTRACTION_FAILED — re-ingest with force, or OCR fallback"
Life Orientation,2024,1,Afrikaans,8,33,76,8,0,yes,https://www.education.gov.za/LinkClick.aspx?fileticket=Jy3n4uMDuU8%3d&tabid=5193&portalid=0&mid=13721,https://www.education.gov.za/LinkClick.aspx?fileticket=WyLYLX8JPKo%3d&tabid=5193&portalid=0&mid=13721,"MEMO_PDF_EXTRACTION_FAILED — re-ingest with force, or OCR fallback"
Afrikaans Home Language,2018,2,Afrikaans,7,110,94,7,0,yes,https://www.education.gov.za/LinkClick.aspx?fileticket=aTfqbF8x9H8%3d&tabid=1920&portalid=0&mid=7564,https://www.education.gov.za/LinkClick.aspx?fileticket=CwMX43Y5s0k%3d&tabid=1920&portalid=0&mid=7564,"MEMO_PDF_EXTRACTION_FAILED — re-ingest with force, or OCR fallback"
Tshivenda First Additional Language,2023,2,Tshivenda,7,104,93,7,0,yes,https://www.education.gov.za/LinkClick.aspx?fileticket=hApvesnZGYU%3d&tabid=4504&portalid=0&mid=12293,https://www.education.gov.za/LinkClick.aspx?fileticket=-8drO7eOq58%3d&tabid=4504&portalid=0&mid=12293,"MEMO_PDF_EXTRACTION_FAILED — re-ingest with force, or OCR fallback"
Sesotho Home Language,2024,3,Sesotho,7,7,0,7,0,yes,https://www.education.gov.za/LinkClick.aspx?fileticket=7etXWdzDFwM%3d&tabid=4933&portalid=0&mid=13121,https://www.education.gov.za/LinkClick.aspx?fileticket=hpJ_QSKjxM4%3d&tabid=4933&portalid=0&mid=13121,"MEMO_PDF_EXTRACTION_FAILED — re-ingest with force, or OCR fallback"
Sesotho Home Language,2022,1,Sesotho,7,7,0,7,0,yes,https://www.education.gov.za/LinkClick.aspx?fileticket=mS9qphz7tog%3d&tabid=3138&portalid=0&mid=10548,https://www.education.gov.za/LinkClick.aspx?fileticket=5fgaOYnULzI%3d&tabid=3138&portalid=0&mid=10548,"MEMO_PDF_EXTRACTION_FAILED — re-ingest with force, or OCR fallback"
isiZulu First Additional Language,2015,1,isiZulu,7,50,86,7,0,yes,https://www.education.gov.za/LinkClick.aspx?fileticket=eibW7hiK0VQ%3d&tabid=979&portalid=0&mid=4302,https://www.education.gov.za/LinkClick.aspx?fileticket=MDepmb4y0J0%3d&tabid=979&portalid=0&mid=4302,"MEMO_PDF_EXTRACTION_FAILED — re-ingest with force, or OCR fallback"
Sesotho Home Language,2018,3,Sesotho,7,7,0,7,0,yes,https://www.education.gov.za/LinkClick.aspx?fileticket=XTAxc3N0-yc%3d&tabid=1920&portalid=0&mid=7570,https://www.education.gov.za/LinkClick.aspx?fileticket=or5BqKTrHao%3d&tabid=1920&portalid=0&mid=7570,"MEMO_PDF_EXTRACTION_FAILED — re-ingest with force, or OCR fallback"
Sesotho Home Language,2022,3,Sesotho,7,7,0,7,0,yes,https://www.education.gov.za/LinkClick.aspx?fileticket=Li8sMpWcJkM%3d&tabid=3138&portalid=0&mid=10548,https://www.education.gov.za/LinkClick.aspx?fileticket=_TIPUB_Z7wc%3d&tabid=3138&portalid=0&mid=10548,"MEMO_PDF_EXTRACTION_FAILED — re-ingest with force, or OCR fallback"
Sesotho Home Language,2021,3,Sesotho,7,7,0,7,0,yes,https://www.education.gov.za/LinkClick.aspx?fileticket=M_IaIqgl7jQ%3d&tabid=2837&portalid=0&mid=10519,https://www.education.gov.za/LinkClick.aspx?fileticket=5Glt9ZGWFMk%3d&tabid=2837&portalid=0&mid=10519,"MEMO_PDF_EXTRACTION_FAILED — re-ingest with force, or OCR fallback"
isiZulu First Additional Language,2022,2,isiZulu,7,160,96,7,0,yes,https://www.education.gov.za/LinkClick.aspx?fileticket=MfKebxs7vwQ%3d&tabid=3138&portalid=0&mid=10546,https://www.education.gov.za/LinkClick.aspx?fileticket=gjuf6QNsH_s%3d&tabid=3138&portalid=0&mid=10546,"MEMO_PDF_EXTRACTION_FAILED — re-ingest with force, or OCR fallback"
Sesotho Home Language,2021,1,Sesotho,7,7,0,7,0,yes,https://www.education.gov.za/LinkClick.aspx?fileticket=GybiOOWi5PI%3d&tabid=2837&portalid=0&mid=10519,https://www.education.gov.za/LinkClick.aspx?fileticket=BPNHTnV6Eb4%3d&tabid=2837&portalid=0&mid=10519,"MEMO_PDF_EXTRACTION_FAILED — re-ingest with force, or OCR fallback"
Business Studies,2024,1,English,7,52,87,7,0,yes,https://www.education.gov.za/LinkClick.aspx?fileticket=VGv_B_A4kxA%3d&tabid=5193&portalid=0&mid=13707,https://www.education.gov.za/LinkClick.aspx?fileticket=FxMmbpeumq0%3d&tabid=5193&portalid=0&mid=13707,"MEMO_PDF_EXTRACTION_FAILED — re-ingest with force, or OCR fallback"
English First Additional Language,2022,1,English,7,51,86,7,0,yes,https://www.education.gov.za/LinkClick.aspx?fileticket=fiIw1wWa3oI%3d&tabid=3138&portalid=0&mid=10543,https://www.education.gov.za/LinkClick.aspx?fileticket=ukoQeBntVlo%3d&tabid=3138&portalid=0&mid=10543,"MEMO_PDF_EXTRACTION_FAILED — re-ingest with force, or OCR fallback"
Sepedi Home Language,2023,2,Sepedi,7,7,0,7,0,yes,https://www.education.gov.za/LinkClick.aspx?fileticket=7Z4LP2cT51Q%3d&tabid=4504&portalid=0&mid=12289,https://www.education.gov.za/LinkClick.aspx?fileticket=wPhFDQOmYjo%3d&tabid=4504&portalid=0&mid=12289,"MEMO_PDF_EXTRACTION_FAILED — re-ingest with force, or OCR fallback"
siSwati First Additional Language,2022,3,siSwati,7,9,22,7,0,yes,https://www.education.gov.za/LinkClick.aspx?fileticket=-vFVLJwkI7M%3d&tabid=3138&portalid=0&mid=10550,https://www.education.gov.za/LinkClick.aspx?fileticket=ASM8H6JpLsY%3d&tabid=3138&portalid=0&mid=10550,"MEMO_PDF_EXTRACTION_FAILED — re-ingest with force, or OCR fallback"
Sesotho Home Language,2025,3,Sesotho,7,7,0,7,0,yes,https://www.education.gov.za/LinkClick.aspx?fileticket=wkBqSJubSBk%3d&tabid=5475&portalid=0&mid=14219,https://www.education.gov.za/LinkClick.aspx?fileticket=DzP6CJIK-uQ%3d&tabid=5475&portalid=0&mid=14219,"MEMO_PDF_EXTRACTION_FAILED — re-ingest with force, or OCR fallback"
Business Studies,2024,1,Afrikaans,7,52,87,7,0,yes,https://www.education.gov.za/LinkClick.aspx?fileticket=BaDBMYlwkRs%3d&tabid=5193&portalid=0&mid=13707,https://www.education.gov.za/LinkClick.aspx?fileticket=s5sWs2cyllY%3d&tabid=5193&portalid=0&mid=13707,"MEMO_PDF_EXTRACTION_FAILED — re-ingest with force, or OCR fallback"
Sesotho Home Language,2016,3,Sesotho,7,7,0,7,0,yes,https://www.education.gov.za/LinkClick.aspx?fileticket=ujELpPq-JFY%3d&tabid=1000&portalid=0&mid=4419,https://www.education.gov.za/LinkClick.aspx?fileticket=2vXlh2B8OcM%3d&tabid=1000&portalid=0&mid=4419,"MEMO_PDF_EXTRACTION_FAILED — re-ingest with force, or OCR fallback"
isiZulu Second Additional Language,2021,1,isiZulu,7,50,86,7,0,yes,https://www.education.gov.za/LinkClick.aspx?fileticket=PZPptlu94RY%3d&tabid=2922&portalid=0&mid=10179,https://www.education.gov.za/LinkClick.aspx?fileticket=9HFDDTOujLs%3d&tabid=2922&portalid=0&mid=10179,"MEMO_PDF_EXTRACTION_FAILED — re-ingest with force, or OCR fallback"
Religion Studies,2023,2,Afrikaans,7,29,76,7,0,yes,https://www.education.gov.za/LinkClick.aspx?fileticket=pKH1ASXuVLQ%3d&tabid=4504&portalid=0&mid=12322,https://www.education.gov.za/LinkClick.aspx?fileticket=rtYG8nxwLr0%3d&tabid=4504&portalid=0&mid=12322,"MEMO_PDF_EXTRACTION_FAILED — re-ingest with force, or OCR fallback"
Sesotho Home Language,2023,1,Sesotho,7,7,0,7,0,yes,https://www.education.gov.za/LinkClick.aspx?fileticket=dsq83M3zdgY%3d&tabid=4504&portalid=0&mid=12291,https://www.education.gov.za/LinkClick.aspx?fileticket=yzhXb--S54s%3d&tabid=4504&portalid=0&mid=12291,"MEMO_PDF_EXTRACTION_FAILED — re-ingest with force, or OCR fallback"
Sesotho Home Language,2019,3,Sesotho,7,7,0,7,0,yes,https://www.education.gov.za/LinkClick.aspx?fileticket=VPPsVJlJAZ4%3d&tabid=2468&portalid=0&mid=8915,https://www.education.gov.za/LinkClick.aspx?fileticket=19AlyxUclFQ%3d&tabid=2468&portalid=0&mid=8915,"MEMO_PDF_EXTRACTION_FAILED — re-ingest with force, or OCR fallback"
Sesotho Home Language,2025,1,Sesotho,7,7,0,7,0,yes,https://www.education.gov.za/LinkClick.aspx?fileticket=QShb5Kegq-I%3d&tabid=5742&portalid=0&mid=14820,https://www.education.gov.za/LinkClick.aspx?fileticket=WIXrkdQEoQs%3d&tabid=5742&portalid=0&mid=14820,"MEMO_PDF_EXTRACTION_FAILED — re-ingest with force, or OCR fallback"
Xitsonga Home Language,2017,1,Xitsonga,7,11,36,7,0,yes,https://www.education.gov.za/LinkClick.aspx?fileticket=i-chrQmxENw%3d&tabid=1686&portalid=0&mid=6742,https://www.education.gov.za/LinkClick.aspx?fileticket=rvJb_gftgjQ%3d&tabid=1686&portalid=0&mid=6742,"MEMO_PDF_EXTRACTION_FAILED — re-ingest with force, or OCR fallback"
isiZulu Home Language,2017,3,isiZulu,7,15,53,7,0,yes,https://www.education.gov.za/LinkClick.aspx?fileticket=a2wXoemD1GY%3d&tabid=1686&portalid=0&mid=6736,https://www.education.gov.za/LinkClick.aspx?fileticket=zquYlTAiuAU%3d&tabid=1686&portalid=0&mid=6736,"MEMO_PDF_EXTRACTION_FAILED — re-ingest with force, or OCR fallback"
Sesotho First Additional Language,2021,2,Sesotho,7,9,22,7,0,yes,https://www.education.gov.za/LinkClick.aspx?fileticket=EFnConO-tUE%3d&tabid=2837&portalid=0&mid=10519,https://www.education.gov.za/LinkClick.aspx?fileticket=JN-JYCtXNGs%3d&tabid=2837&portalid=0&mid=10519,"MEMO_PDF_EXTRACTION_FAILED — re-ingest with force, or OCR fallback"
Afrikaans First Additional Language,2023,3,Afrikaans,7,15,53,7,0,yes,https://www.education.gov.za/LinkClick.aspx?fileticket=e8IuVp-AVKc%3d&tabid=4504&portalid=0&mid=12283,https://www.education.gov.za/LinkClick.aspx?fileticket=2tbWXgqclvY%3d&tabid=4504&portalid=0&mid=12283,"MEMO_PDF_EXTRACTION_FAILED — re-ingest with force, or OCR fallback"
isiNdebele Home Language,2025,2,isiNdebele,7,103,93,7,0,yes,https://www.education.gov.za/LinkClick.aspx?fileticket=rZn7QB6G3OQ%3d&tabid=5475&portalid=0&mid=14213,https://www.education.gov.za/LinkClick.aspx?fileticket=yF7AOVwHNQo%3d&tabid=5475&portalid=0&mid=14213,"MEMO_PDF_EXTRACTION_FAILED — re-ingest with force, or OCR fallback"
Setswana First Additional Language,2019,1,Setswana,7,47,85,7,0,yes,https://www.education.gov.za/LinkClick.aspx?fileticket=RyvbvPQdwuI%3d&tabid=2468&portalid=0&mid=8919,https://www.education.gov.za/LinkClick.aspx?fileticket=LNlPLxm4_7U%3d&tabid=2468&portalid=0&mid=8919,"MEMO_PDF_EXTRACTION_FAILED — re-ingest with force, or OCR fallback"
Accounting,2024,2,English,7,32,78,7,0,yes,https://www.education.gov.za/LinkClick.aspx?fileticket=rw3E8Typ5og%3d&tabid=4933&portalid=0&mid=13126,https://www.education.gov.za/LinkClick.aspx?fileticket=RyV-gofOfV4%3d&tabid=4933&portalid=0&mid=13126,"MEMO_PDF_EXTRACTION_FAILED — re-ingest with force, or OCR fallback"
Sesotho First Additional Language,2019,2,Sesotho,7,10,30,7,0,yes,https://www.education.gov.za/LinkClick.aspx?fileticket=_OgmpimxIMw%3d&tabid=2468&portalid=0&mid=8915,https://www.education.gov.za/LinkClick.aspx?fileticket=-5RdYv18EAw%3d&tabid=2468&portalid=0&mid=8915,"MEMO_PDF_EXTRACTION_FAILED — re-ingest with force, or OCR fallback"
Sesotho Home Language,2019,1,Sesotho,7,7,0,7,0,yes,https://www.education.gov.za/LinkClick.aspx?fileticket=Aov-S7i2cDw%3d&tabid=2468&portalid=0&mid=8915,https://www.education.gov.za/LinkClick.aspx?fileticket=wGjriZqODZE%3d&tabid=2468&portalid=0&mid=8915,"MEMO_PDF_EXTRACTION_FAILED — re-ingest with force, or OCR fallback"
English First Additional Language,2024,1,English,7,53,87,7,0,yes,https://www.education.gov.za/LinkClick.aspx?fileticket=NjE60hPnGFo%3d&tabid=4933&portalid=0&mid=13114,https://www.education.gov.za/LinkClick.aspx?fileticket=06M5u0PGwMU%3d&tabid=4933&portalid=0&mid=13114,"MEMO_PDF_EXTRACTION_FAILED — re-ingest with force, or OCR fallback"
isiXhosa First Additional Language,2018,2,isiXhosa,7,139,95,7,0,yes,https://www.education.gov.za/LinkClick.aspx?fileticket=rip-Ht0g4D4%3d&tabid=1920&portalid=0&mid=7567,https://www.education.gov.za/LinkClick.aspx?fileticket=v5ulRXyt6t0%3d&tabid=1920&portalid=0&mid=7567,"MEMO_PDF_EXTRACTION_FAILED — re-ingest with force, or OCR fallback"
Sesotho Home Language,2023,3,Sesotho,7,7,0,7,0,yes,https://www.education.gov.za/LinkClick.aspx?fileticket=4Jq4KUSCHdI%3d&tabid=4504&portalid=0&mid=12291,https://www.education.gov.za/LinkClick.aspx?fileticket=QD17MAYa-s8%3d&tabid=4504&portalid=0&mid=12291,"MEMO_PDF_EXTRACTION_FAILED — re-ingest with force, or OCR fallback"
English First Additional Language,2018,1,English,7,54,87,7,0,yes,https://www.education.gov.za/LinkClick.aspx?fileticket=Prw-LoB2Vvg%3d&tabid=1920&portalid=0&mid=7565,https://www.education.gov.za/LinkClick.aspx?fileticket=FbXtjXO_hgM%3d&tabid=1920&portalid=0&mid=7565,"MEMO_PDF_EXTRACTION_FAILED — re-ingest with force, or OCR fallback"
isiXhosa Second Additional Language,2023,1,isiXhosa,6,47,87,6,0,yes,https://www.education.gov.za/LinkClick.aspx?fileticket=AQnNUJKwv-k%3d&tabid=4682&portalid=0&mid=12650,https://www.education.gov.za/LinkClick.aspx?fileticket=BqtkbWWX_70%3d&tabid=4682&portalid=0&mid=12650,"MEMO_PDF_EXTRACTION_FAILED — re-ingest with force, or OCR fallback"
Xitsonga Home Language,2021,1,Xitsonga,6,9,33,6,0,yes,https://www.education.gov.za/LinkClick.aspx?fileticket=A3qLN7Osj7c%3d&tabid=2837&portalid=0&mid=9890,https://www.education.gov.za/LinkClick.aspx?fileticket=cWBOE8fJQX8%3d&tabid=2837&portalid=0&mid=9890,"MEMO_PDF_EXTRACTION_FAILED — re-ingest with force, or OCR fallback"
Xitsonga Home Language,2020,1,Xitsonga,6,8,25,6,0,yes,https://www.education.gov.za/LinkClick.aspx?fileticket=2f8aiFYatAM%3d&tabid=2702&portalid=0&mid=10159,https://www.education.gov.za/LinkClick.aspx?fileticket=3an3dioiG_g%3d&tabid=2702&portalid=0&mid=10159,"MEMO_PDF_EXTRACTION_FAILED — re-ingest with force, or OCR fallback"
Visual Arts,2020,2,Afrikaans,6,6,0,0,6,no,https://www.education.gov.za/LinkClick.aspx?fileticket=D3l3QFno3Qk%3d&tabid=2702&portalid=0&mid=9639,,MEMO_NOT_PUBLISHED_BY_DBE — portfolio/practical submission assessed by embedded rubric; no memo PDF exists
Xitsonga Home Language,2018,1,Xitsonga,6,8,25,6,0,yes,https://www.education.gov.za/LinkClick.aspx?fileticket=SEK_hIKnOsA%3d&tabid=1920&portalid=0&mid=7574,https://www.education.gov.za/LinkClick.aspx?fileticket=7SCvZn0_oWM%3d&tabid=1920&portalid=0&mid=7574,"MEMO_PDF_EXTRACTION_FAILED — re-ingest with force, or OCR fallback"
Accounting,2024,1,English,6,27,78,6,0,yes,https://www.education.gov.za/LinkClick.aspx?fileticket=clETm9stwdA%3d&tabid=4933&portalid=0&mid=13126,https://www.education.gov.za/LinkClick.aspx?fileticket=8O5ZMnluubA%3d&tabid=4933&portalid=0&mid=13126,"MEMO_PDF_EXTRACTION_FAILED — re-ingest with force, or OCR fallback"
Sesotho Home Language,2024,1,Sesotho,6,6,0,6,0,yes,https://www.education.gov.za/LinkClick.aspx?fileticket=_1J4_bnseEY%3d&tabid=4933&portalid=0&mid=13121,https://www.education.gov.za/LinkClick.aspx?fileticket=jRE53uYnh0g%3d&tabid=4933&portalid=0&mid=13121,"MEMO_PDF_EXTRACTION_FAILED — re-ingest with force, or OCR fallback"
Religion Studies,2023,2,English,6,28,79,6,0,yes,https://www.education.gov.za/LinkClick.aspx?fileticket=2Sf08bUrlvw%3d&tabid=4504&portalid=0&mid=12322,https://www.education.gov.za/LinkClick.aspx?fileticket=oSF-B5_ZKSg%3d&tabid=4504&portalid=0&mid=12322,"MEMO_PDF_EXTRACTION_FAILED — re-ingest with force, or OCR fallback"
English Second Additional Language,2025,2,English,6,118,95,6,0,yes,https://www.education.gov.za/LinkClick.aspx?fileticket=R4m9pEvW7FE%3d&tabid=5742&portalid=0&mid=14813,https://www.education.gov.za/LinkClick.aspx?fileticket=_Is8PvAjRNo%3d&tabid=5742&portalid=0&mid=14813,"MEMO_PDF_EXTRACTION_FAILED — re-ingest with force, or OCR fallback"
isiXhosa Second Additional Language,2022,2,isiXhosa,6,46,87,6,0,yes,https://www.education.gov.za/LinkClick.aspx?fileticket=ddyVU4IATqU%3d&tabid=3138&portalid=0&mid=10545,https://www.education.gov.za/LinkClick.aspx?fileticket=u9EyO7zZAw0%3d&tabid=3138&portalid=0&mid=10545,"MEMO_PDF_EXTRACTION_FAILED — re-ingest with force, or OCR fallback"
isiNdebele Home Language,2017,1,isiNdebele,6,39,85,6,0,yes,https://www.education.gov.za/LinkClick.aspx?fileticket=-aXWFpmaYS0%3d&tabid=1686&portalid=0&mid=6734,https://www.education.gov.za/LinkClick.aspx?fileticket=XrhT5vKdK9Q%3d&tabid=1686&portalid=0&mid=6734,"MEMO_PDF_EXTRACTION_FAILED — re-ingest with force, or OCR fallback"
Dance studies,2017,1,Afrikaans,6,27,78,6,0,yes,https://www.education.gov.za/LinkClick.aspx?fileticket=SXBYUy3HEIE%3d&tabid=1856&portalid=0&mid=7339,https://www.education.gov.za/LinkClick.aspx?fileticket=P-YAYBzqgpA%3d&tabid=1856&portalid=0&mid=7339,"MEMO_PDF_EXTRACTION_FAILED — re-ingest with force, or OCR fallback"
Accounting,2023,1,Afrikaans,6,27,78,6,0,yes,https://www.education.gov.za/LinkClick.aspx?fileticket=Wp_UvIdOxk4%3d&tabid=4504&portalid=0&mid=12296,https://www.education.gov.za/LinkClick.aspx?fileticket=c-3sQixaHFQ%3d&tabid=4504&portalid=0&mid=12296,"MEMO_PDF_EXTRACTION_FAILED — re-ingest with force, or OCR fallback"
Xitsonga Home Language,2022,1,Xitsonga,6,8,25,6,0,yes,https://www.education.gov.za/LinkClick.aspx?fileticket=z-eOlK4Ylrw%3d&tabid=3138&portalid=0&mid=10552,https://www.education.gov.za/LinkClick.aspx?fileticket=Vz7_jcdVi-s%3d&tabid=3138&portalid=0&mid=10552,"MEMO_PDF_EXTRACTION_FAILED — re-ingest with force, or OCR fallback"
Visual Arts,2020,2,English,6,6,0,0,6,no,https://www.education.gov.za/LinkClick.aspx?fileticket=3I25Ss6148E%3d&tabid=2702&portalid=0&mid=9639,,MEMO_NOT_PUBLISHED_BY_DBE — portfolio/practical submission assessed by embedded rubric; no memo PDF exists
Music,2022,2,English,6,60,90,6,0,yes,https://www.education.gov.za/LinkClick.aspx?fileticket=i_sHurqNVyg%3d&tabid=3138&portalid=0&mid=10576,https://www.education.gov.za/LinkClick.aspx?fileticket=Gzz2BOZMYEk%3d&tabid=3138&portalid=0&mid=10576,"MEMO_PDF_EXTRACTION_FAILED — re-ingest with force, or OCR fallback"
Xitsonga Home Language,2024,1,Xitsonga,6,8,25,6,0,yes,https://www.education.gov.za/LinkClick.aspx?fileticket=ul-G1FvWRJ4%3d&tabid=4933&portalid=0&mid=13124,https://www.education.gov.za/LinkClick.aspx?fileticket=nrnbC1aAv34%3d&tabid=4933&portalid=0&mid=13124,"MEMO_PDF_EXTRACTION_FAILED — re-ingest with force, or OCR fallback"
Visual Arts,2021,2,English,6,6,0,0,6,no,https://www.education.gov.za/LinkClick.aspx?fileticket=D-ey6R_Ee24%3d&tabid=2922&portalid=0&mid=10144,,MEMO_NOT_PUBLISHED_BY_DBE — portfolio/practical submission assessed by embedded rubric; no memo PDF exists
Xitsonga Home Language,2019,1,Xitsonga,6,9,33,6,0,yes,https://www.education.gov.za/LinkClick.aspx?fileticket=3hWY5lMVDDM%3d&tabid=2468&portalid=0&mid=8922,https://www.education.gov.za/LinkClick.aspx?fileticket=eM4aCquh9Vo%3d&tabid=2468&portalid=0&mid=8922,"MEMO_PDF_EXTRACTION_FAILED — re-ingest with force, or OCR fallback"
Sepedi Home Language,2024,2,Sepedi,6,7,14,6,0,yes,https://www.education.gov.za/LinkClick.aspx?fileticket=de1zSsfdxyk%3d&tabid=4933&portalid=0&mid=13119,https://www.education.gov.za/LinkClick.aspx?fileticket=J24OfOytlZQ%3d&tabid=4933&portalid=0&mid=13119,"MEMO_PDF_EXTRACTION_FAILED — re-ingest with force, or OCR fallback"
Sesotho Home Language,2017,3,Sesotho,6,7,14,6,0,yes,https://www.education.gov.za/LinkClick.aspx?fileticket=gcEWFwcIIPM%3d&tabid=1686&portalid=0&mid=6738,https://www.education.gov.za/LinkClick.aspx?fileticket=E6ThH_VlJfM%3d&tabid=1686&portalid=0&mid=6738,"MEMO_PDF_EXTRACTION_FAILED — re-ingest with force, or OCR fallback"
Setswana Home Language,2025,1,Setswana,6,41,85,6,0,yes,https://www.education.gov.za/LinkClick.aspx?fileticket=zzSkljYs4s4%3d&tabid=5475&portalid=0&mid=14218,https://www.education.gov.za/LinkClick.aspx?fileticket=oyIF5VsZHoE%3d&tabid=5475&portalid=0&mid=14218,"MEMO_PDF_EXTRACTION_FAILED — re-ingest with force, or OCR fallback"
Accounting,2023,1,English,6,27,78,6,0,yes,https://www.education.gov.za/LinkClick.aspx?fileticket=u60bqawgYVo%3d&tabid=4504&portalid=0&mid=12296,https://www.education.gov.za/LinkClick.aspx?fileticket=SeQGCMCgjpE%3d&tabid=4504&portalid=0&mid=12296,"MEMO_PDF_EXTRACTION_FAILED — re-ingest with force, or OCR fallback"
Computer Applications Technology,2019,1,English,6,70,91,6,0,yes,https://www.education.gov.za/LinkClick.aspx?fileticket=fmtNkmqMj5E%3d&tabid=2468&portalid=0&mid=8782,https://www.education.gov.za/LinkClick.aspx?fileticket=xWhwfBdK3Yk%3d&tabid=2468&portalid=0&mid=8782,"MEMO_PDF_EXTRACTION_FAILED — re-ingest with force, or OCR fallback"
Xitsonga Home Language,2023,1,Xitsonga,6,8,25,6,0,yes,https://www.education.gov.za/LinkClick.aspx?fileticket=H5yF6PJXIL4%3d&tabid=4504&portalid=0&mid=12294,https://www.education.gov.za/LinkClick.aspx?fileticket=ixHpJOWX_8E%3d&tabid=4504&portalid=0&mid=12294,"MEMO_PDF_EXTRACTION_FAILED — re-ingest with force, or OCR fallback"
English First Additional Language,2017,1,English,6,44,86,6,0,yes,https://www.education.gov.za/LinkClick.aspx?fileticket=LFQQKKOQNxY%3d&tabid=1686&portalid=0&mid=6733,https://www.education.gov.za/LinkClick.aspx?fileticket=HNmg5Y-R0Lo%3d&tabid=1686&portalid=0&mid=6733,"MEMO_PDF_EXTRACTION_FAILED — re-ingest with force, or OCR fallback"
Visual Arts,2021,2,Afrikaans,6,6,0,0,6,no,https://www.education.gov.za/LinkClick.aspx?fileticket=r006uxdZvQI%3d&tabid=2922&portalid=0&mid=10144,,MEMO_NOT_PUBLISHED_BY_DBE — portfolio/practical submission assessed by embedded rubric; no memo PDF exists
Religion Studies,2020,2,English,6,29,79,6,0,yes,https://www.education.gov.za/LinkClick.aspx?fileticket=8er3iYIoHlg%3d&tabid=2702&portalid=0&mid=9660,https://www.education.gov.za/LinkClick.aspx?fileticket=jIzXjP6kins%3d&tabid=2702&portalid=0&mid=9660,"MEMO_PDF_EXTRACTION_FAILED — re-ingest with force, or OCR fallback"
Music,2022,2,Afrikaans,6,60,90,6,0,yes,https://www.education.gov.za/LinkClick.aspx?fileticket=3lGMl4tIlf0%3d&tabid=3138&portalid=0&mid=10576,https://www.education.gov.za/LinkClick.aspx?fileticket=wdUVPUruh1I%3d&tabid=3138&portalid=0&mid=10576,"MEMO_PDF_EXTRACTION_FAILED — re-ingest with force, or OCR fallback"
Music,2025,1,Afrikaans,6,97,94,6,0,yes,https://www.education.gov.za/LinkClick.aspx?fileticket=--dkf1q64Is%3d&tabid=5475&portalid=0&mid=14246,https://www.education.gov.za/LinkClick.aspx?fileticket=eF6op1yaSwQ%3d&tabid=5475&portalid=0&mid=14246,"MEMO_PDF_EXTRACTION_FAILED — re-ingest with force, or OCR fallback"
Dance Studies,2015,1,English,6,26,77,6,0,yes,https://www.education.gov.za/LinkClick.aspx?fileticket=LQ3VdLqE8MU%3d&tabid=979&portalid=0&mid=4278,https://www.education.gov.za/LinkClick.aspx?fileticket=wzivdj-i3Cw%3d&tabid=979&portalid=0&mid=4278,"MEMO_PDF_EXTRACTION_FAILED — re-ingest with force, or OCR fallback"
isiXhosa Home Language,2017,2,isiXhosa,6,73,92,6,0,yes,https://www.education.gov.za/LinkClick.aspx?fileticket=KEd84D5y8yE%3d&tabid=1686&portalid=0&mid=6735,https://www.education.gov.za/LinkClick.aspx?fileticket=jyPdlqeine0%3d&tabid=1686&portalid=0&mid=6735,"MEMO_PDF_EXTRACTION_FAILED — re-ingest with force, or OCR fallback"
siSwati Home Language,2024,1,siSwati,6,40,85,6,0,yes,https://www.education.gov.za/LinkClick.aspx?fileticket=MNKOZOI-GNI%3d&tabid=4933&portalid=0&mid=13122,https://www.education.gov.za/LinkClick.aspx?fileticket=hQo-OhUmG9g%3d&tabid=4933&portalid=0&mid=13122,"MEMO_PDF_EXTRACTION_FAILED — re-ingest with force, or OCR fallback"
siSwati First Additional Language,2023,2,siSwati,6,104,94,6,0,yes,https://www.education.gov.za/LinkClick.aspx?fileticket=e6zYadpk6rI%3d&tabid=4504&portalid=0&mid=12292,https://www.education.gov.za/LinkClick.aspx?fileticket=7EfoPGzfaqY%3d&tabid=4504&portalid=0&mid=12292,"MEMO_PDF_EXTRACTION_FAILED — re-ingest with force, or OCR fallback"
Sepedi First Additional Language,2017,1,Sepedi,6,8,25,6,0,yes,https://www.education.gov.za/LinkClick.aspx?fileticket=Q840f_CmKp4%3d&tabid=1686&portalid=0&mid=6737,https://www.education.gov.za/LinkClick.aspx?fileticket=rJZv8Pi8lqM%3d&tabid=1686&portalid=0&mid=6737,"MEMO_PDF_EXTRACTION_FAILED — re-ingest with force, or OCR fallback"
Xitsonga Home Language,2025,1,Xitsonga,6,8,25,6,0,yes,https://www.education.gov.za/LinkClick.aspx?fileticket=KMaNOzT9C9o%3d&tabid=5475&portalid=0&mid=14222,https://www.education.gov.za/LinkClick.aspx?fileticket=CN4FBex43i0%3d&tabid=5475&portalid=0&mid=14222,"MEMO_PDF_EXTRACTION_FAILED — re-ingest with force, or OCR fallback"
Computer Applications Technology,2019,1,Afrikaans,6,70,91,6,0,yes,https://www.education.gov.za/LinkClick.aspx?fileticket=aKMFVuiWDdc%3d&tabid=2468&portalid=0&mid=8782,https://www.education.gov.za/LinkClick.aspx?fileticket=eFf9-ZGf1GY%3d&tabid=2468&portalid=0&mid=8782,"MEMO_PDF_EXTRACTION_FAILED — re-ingest with force, or OCR fallback"
Afrikaans Home Language,2025,1,Afrikaans,5,44,89,5,0,yes,https://www.education.gov.za/LinkClick.aspx?fileticket=7eCoQ0EJ0XQ%3d&tabid=5475&portalid=0&mid=14211,https://www.education.gov.za/LinkClick.aspx?fileticket=LdtbtBH9IbU%3d&tabid=5475&portalid=0&mid=14211,"MEMO_PDF_EXTRACTION_FAILED — re-ingest with force, or OCR fallback"
Accounting,2022,2,English,5,32,84,5,0,yes,https://www.education.gov.za/LinkClick.aspx?fileticket=K5DEyUwUVOI%3d&tabid=3138&portalid=0&mid=10554,https://www.education.gov.za/LinkClick.aspx?fileticket=9rt6lL8qy_8%3d&tabid=3138&portalid=0&mid=10554,"MEMO_PDF_EXTRACTION_FAILED — re-ingest with force, or OCR fallback"
Computer Applications Technology,2024,1,Afrikaans,5,60,92,5,0,yes,https://www.education.gov.za/LinkClick.aspx?fileticket=1bJASTbUK2Q%3d&tabid=4933&portalid=0&mid=13132,https://www.education.gov.za/LinkClick.aspx?fileticket=7JkZIRo0a4Y%3d&tabid=4933&portalid=0&mid=13132,"MEMO_PDF_EXTRACTION_FAILED — re-ingest with force, or OCR fallback"
isiXhosa Home Language,2023,2,isiXhosa,5,100,95,5,0,yes,https://www.education.gov.za/LinkClick.aspx?fileticket=fogDVDG0uQg%3d&tabid=4504&portalid=0&mid=12286,https://www.education.gov.za/LinkClick.aspx?fileticket=wuqZWcIoPmQ%3d&tabid=4504&portalid=0&mid=12286,"MEMO_PDF_EXTRACTION_FAILED — re-ingest with force, or OCR fallback"
Accounting,2024,1,Afrikaans,5,27,81,5,0,yes,https://www.education.gov.za/LinkClick.aspx?fileticket=5fyICcEN_os%3d&tabid=4933&portalid=0&mid=13126,https://www.education.gov.za/LinkClick.aspx?fileticket=QWPgxLPVaIY%3d&tabid=4933&portalid=0&mid=13126,"MEMO_PDF_EXTRACTION_FAILED — re-ingest with force, or OCR fallback"
Sesotho Second Additional Language,2023,1,Sesotho,5,7,29,5,0,yes,https://www.education.gov.za/LinkClick.aspx?fileticket=jIfi7EO18cY%3d&tabid=4682&portalid=0&mid=12655,https://www.education.gov.za/LinkClick.aspx?fileticket=UvmI4LduI0g%3d&tabid=4682&portalid=0&mid=12655,"MEMO_PDF_EXTRACTION_FAILED — re-ingest with force, or OCR fallback"
Sesotho Second Additional Language,2024,1,Sesotho,5,7,29,5,0,yes,https://www.education.gov.za/LinkClick.aspx?fileticket=YGrfd2giv_k%3d&tabid=4933&portalid=0&mid=13121,https://www.education.gov.za/LinkClick.aspx?fileticket=AebSmxeFouY%3d&tabid=4933&portalid=0&mid=13121,"MEMO_PDF_EXTRACTION_FAILED — re-ingest with force, or OCR fallback"
Setswana First Additional Language,2023,1,Setswana,5,47,89,5,0,yes,https://www.education.gov.za/LinkClick.aspx?fileticket=wjI71AAWrPQ%3d&tabid=4504&portalid=0&mid=12290,https://www.education.gov.za/LinkClick.aspx?fileticket=WLLCDq9QDv0%3d&tabid=4504&portalid=0&mid=12290,"MEMO_PDF_EXTRACTION_FAILED — re-ingest with force, or OCR fallback"
isiXhosa First Additional Language,2017,1,isiXhosa,5,51,90,5,0,yes,https://www.education.gov.za/LinkClick.aspx?fileticket=-gSZp2n7VeQ%3d&tabid=1686&portalid=0&mid=6735,https://www.education.gov.za/LinkClick.aspx?fileticket=lwDCCioLmnw%3d&tabid=1686&portalid=0&mid=6735,"MEMO_PDF_EXTRACTION_FAILED — re-ingest with force, or OCR fallback"
isiXhosa Second Additional Language,2021,2,isiXhosa,5,44,89,5,0,yes,https://www.education.gov.za/LinkClick.aspx?fileticket=RfM7cAoxAjE%3d&tabid=2922&portalid=0&mid=10176,https://www.education.gov.za/LinkClick.aspx?fileticket=STZ26i99170%3d&tabid=2922&portalid=0&mid=10176,"MEMO_PDF_EXTRACTION_FAILED — re-ingest with force, or OCR fallback"
Afrikaans Home Language,2018,1,Afrikaans,5,46,89,5,0,yes,https://www.education.gov.za/LinkClick.aspx?fileticket=rEh-YM5om8E%3d&tabid=1920&portalid=0&mid=7564,https://www.education.gov.za/LinkClick.aspx?fileticket=V6q_9GRiRKI%3d&tabid=1920&portalid=0&mid=7564,"MEMO_PDF_EXTRACTION_FAILED — re-ingest with force, or OCR fallback"
Setswana First Additional Language,2022,1,Setswana,5,46,89,5,0,yes,https://www.education.gov.za/LinkClick.aspx?fileticket=btTKiVQ8UfM%3d&tabid=3138&portalid=0&mid=10549,https://www.education.gov.za/LinkClick.aspx?fileticket=ci713Ap7nxc%3d&tabid=3138&portalid=0&mid=10549,"MEMO_PDF_EXTRACTION_FAILED — re-ingest with force, or OCR fallback"
Computer Applications Technology,2016,1,Afrikaans,5,76,93,5,0,yes,https://www.education.gov.za/LinkClick.aspx?fileticket=joClDMfgs0Q%3d&tabid=1000&portalid=0&mid=4431,https://www.education.gov.za/LinkClick.aspx?fileticket=Cjt6pIwbITY%3d&tabid=1000&portalid=0&mid=4431,"MEMO_PDF_EXTRACTION_FAILED — re-ingest with force, or OCR fallback"
Setswana First Additional Language,2020,1,Setswana,5,50,90,5,0,yes,https://www.education.gov.za/LinkClick.aspx?fileticket=I-J_tS4Ly30%3d&tabid=2702&portalid=0&mid=10163,https://www.education.gov.za/LinkClick.aspx?fileticket=dnXbgJ3-vXg%3d&tabid=2702&portalid=0&mid=10163,"MEMO_PDF_EXTRACTION_FAILED — re-ingest with force, or OCR fallback"
Setswana Home Language,2021,1,Setswana,5,42,88,5,0,yes,https://www.education.gov.za/LinkClick.aspx?fileticket=iOHilcUpjxk%3d&tabid=2837&portalid=0&mid=9948,https://www.education.gov.za/LinkClick.aspx?fileticket=Yt6CSkyZ1r0%3d&tabid=2837&portalid=0&mid=9948,"MEMO_PDF_EXTRACTION_FAILED — re-ingest with force, or OCR fallback"
isiNdebele Home Language,2016,2,isiNdebele,5,72,93,5,0,yes,https://www.education.gov.za/LinkClick.aspx?fileticket=IhMZ8d_B1WA%3d&tabid=1000&portalid=0&mid=4415,https://www.education.gov.za/LinkClick.aspx?fileticket=ojs11J_2t7U%3d&tabid=1000&portalid=0&mid=4415,"MEMO_PDF_EXTRACTION_FAILED — re-ingest with force, or OCR fallback"
Setswana First Additional Language,2017,1,Setswana,5,51,90,5,0,yes,https://www.education.gov.za/LinkClick.aspx?fileticket=IkHLcwDIcYc%3d&tabid=1686&portalid=0&mid=6739,https://www.education.gov.za/LinkClick.aspx?fileticket=LNKvDrOIIP4%3d&tabid=1686&portalid=0&mid=6739,"MEMO_PDF_EXTRACTION_FAILED — re-ingest with force, or OCR fallback"
Sesotho Second Additional Language,2016,1,Sesotho,5,7,29,5,0,yes,https://www.education.gov.za/LinkClick.aspx?fileticket=klLN8FXcOxA%3d&tabid=1000&portalid=0&mid=4419,https://www.education.gov.za/LinkClick.aspx?fileticket=Hn12KdDElhU%3d&tabid=1000&portalid=0&mid=4419,"MEMO_PDF_EXTRACTION_FAILED — re-ingest with force, or OCR fallback"
English Home Language,2025,2,English,5,82,94,5,0,yes,https://www.education.gov.za/LinkClick.aspx?fileticket=yLAaz79PEc0%3d&tabid=5742&portalid=0&mid=14813,https://www.education.gov.za/LinkClick.aspx?fileticket=8rX5pa7hTZc%3d&tabid=5742&portalid=0&mid=14813,"MEMO_PDF_EXTRACTION_FAILED — re-ingest with force, or OCR fallback"
Computer Applications Technology,2021,1,English,5,51,90,5,0,yes,https://www.education.gov.za/LinkClick.aspx?fileticket=29kAdMKm_nE%3d&tabid=2837&portalid=0&mid=9901,https://www.education.gov.za/LinkClick.aspx?fileticket=A6KhAiqD2ZI%3d&tabid=2837&portalid=0&mid=9901,"MEMO_PDF_EXTRACTION_FAILED — re-ingest with force, or OCR fallback"
Sesotho Second Additional Language,2021,1,Sesotho,5,7,29,5,0,yes,https://www.education.gov.za/LinkClick.aspx?fileticket=07pV6elqLVw%3d&tabid=2922&portalid=0&mid=10180,https://www.education.gov.za/LinkClick.aspx?fileticket=4viCLLjjKlQ%3d&tabid=2922&portalid=0&mid=10180,"MEMO_PDF_EXTRACTION_FAILED — re-ingest with force, or OCR fallback"
Setswana Home Language,2016,1,Setswana,5,41,88,5,0,yes,https://www.education.gov.za/LinkClick.aspx?fileticket=DXNEHO-EYSA%3d&tabid=1000&portalid=0&mid=4420,https://www.education.gov.za/LinkClick.aspx?fileticket=zLd7KMpUX_o%3d&tabid=1000&portalid=0&mid=4420,"MEMO_PDF_EXTRACTION_FAILED — re-ingest with force, or OCR fallback"
Religion Studies,2020,2,Afrikaans,5,29,83,5,0,yes,https://www.education.gov.za/LinkClick.aspx?fileticket=ljr0aWdrRCE%3d&tabid=2702&portalid=0&mid=9660,https://www.education.gov.za/LinkClick.aspx?fileticket=I3A5jKeOIME%3d&tabid=2702&portalid=0&mid=9660,"MEMO_PDF_EXTRACTION_FAILED — re-ingest with force, or OCR fallback"
Afrikaans First Additional Language,2016,1,Afrikaans,5,64,92,5,0,yes,https://www.education.gov.za/LinkClick.aspx?fileticket=G-oVOg6vHn8%3d&tabid=1000&portalid=0&mid=4423,https://www.education.gov.za/LinkClick.aspx?fileticket=yOfpRjT33UY%3d&tabid=1000&portalid=0&mid=4423,"MEMO_PDF_EXTRACTION_FAILED — re-ingest with force, or OCR fallback"
isiZulu Home Language,2019,2,isiZulu,5,110,95,5,0,yes,https://www.education.gov.za/LinkClick.aspx?fileticket=_bUB3XgBz-A%3d&tabid=2468&portalid=0&mid=8913,https://www.education.gov.za/LinkClick.aspx?fileticket=rmBS5B0LyA8%3d&tabid=2468&portalid=0&mid=8913,"MEMO_PDF_EXTRACTION_FAILED — re-ingest with force, or OCR fallback"
isiZulu First Additional Language,2019,2,isiZulu,5,108,95,5,0,yes,https://www.education.gov.za/LinkClick.aspx?fileticket=JVoWqoAupPI%3d&tabid=2468&portalid=0&mid=8913,https://www.education.gov.za/LinkClick.aspx?fileticket=OgRPZot0waE%3d&tabid=2468&portalid=0&mid=8913,"MEMO_PDF_EXTRACTION_FAILED — re-ingest with force, or OCR fallback"
isiZulu First Additional Language,2018,1,isiZulu,5,47,89,5,0,yes,https://www.education.gov.za/LinkClick.aspx?fileticket=a9hQsTurdFU%3d&tabid=1920&portalid=0&mid=7568,https://www.education.gov.za/LinkClick.aspx?fileticket=OTXX_KQcmuw%3d&tabid=1920&portalid=0&mid=7568,"MEMO_PDF_EXTRACTION_FAILED — re-ingest with force, or OCR fallback"
Sesotho Second Additional Language,2016,2,Sesotho,5,5,0,5,0,yes,https://www.education.gov.za/LinkClick.aspx?fileticket=hAXDg2AIw6o%3d&tabid=1000&portalid=0&mid=4419,https://www.education.gov.za/LinkClick.aspx?fileticket=Gjjva4NB96M%3d&tabid=1000&portalid=0&mid=4419,"MEMO_PDF_EXTRACTION_FAILED — re-ingest with force, or OCR fallback"
Sesotho First Additional Language,2024,3,Sesotho,5,5,0,5,0,yes,https://www.education.gov.za/LinkClick.aspx?fileticket=hTu-4vQ-O7M%3d&tabid=4933&portalid=0&mid=13121,https://www.education.gov.za/LinkClick.aspx?fileticket=D2uGxErz3R0%3d&tabid=4933&portalid=0&mid=13121,"MEMO_PDF_EXTRACTION_FAILED — re-ingest with force, or OCR fallback"
Afrikaans Home Language,2025,2,Afrikaans,5,107,95,5,0,yes,https://www.education.gov.za/LinkClick.aspx?fileticket=EPJmZ5KEJwQ%3d&tabid=5475&portalid=0&mid=14211,https://www.education.gov.za/LinkClick.aspx?fileticket=8UJFzvFbUnE%3d&tabid=5475&portalid=0&mid=14211,"MEMO_PDF_EXTRACTION_FAILED — re-ingest with force, or OCR fallback"
Setswana Home Language,2018,1,Setswana,5,35,86,5,0,yes,https://www.education.gov.za/LinkClick.aspx?fileticket=8MPKx9ZJPXw%3d&tabid=1920&portalid=0&mid=7571,https://www.education.gov.za/LinkClick.aspx?fileticket=pTH9MMRJQnk%3d&tabid=1920&portalid=0&mid=7571,"MEMO_PDF_EXTRACTION_FAILED — re-ingest with force, or OCR fallback"
isiXhosa Home Language,2016,2,isiXhosa,5,78,94,5,0,yes,https://www.education.gov.za/LinkClick.aspx?fileticket=Wj3YM6ea_Kw%3d&tabid=1000&portalid=0&mid=4416,https://www.education.gov.za/LinkClick.aspx?fileticket=mpFQYuwgbDw%3d&tabid=1000&portalid=0&mid=4416,"MEMO_PDF_EXTRACTION_FAILED — re-ingest with force, or OCR fallback"
Computer Applications Technology,2021,1,Afrikaans,5,51,90,5,0,yes,https://www.education.gov.za/LinkClick.aspx?fileticket=0sisEj15BJc%3d&tabid=2837&portalid=0&mid=9901,https://www.education.gov.za/LinkClick.aspx?fileticket=C1oRjUrjrwY%3d&tabid=2837&portalid=0&mid=9901,"MEMO_PDF_EXTRACTION_FAILED — re-ingest with force, or OCR fallback"
Afrikaans Home Language,2021,1,Afrikaans,5,48,90,5,0,yes,https://www.education.gov.za/LinkClick.aspx?fileticket=ybZJDvjdGa0%3d&tabid=2837&portalid=0&mid=9945,https://www.education.gov.za/LinkClick.aspx?fileticket=WaOSDrxog5Q%3d&tabid=2837&portalid=0&mid=9945,"MEMO_PDF_EXTRACTION_FAILED — re-ingest with force, or OCR fallback"
Accounting,2022,2,Afrikaans,5,32,84,5,0,yes,https://www.education.gov.za/LinkClick.aspx?fileticket=yDETcMAA1Nc%3d&tabid=3138&portalid=0&mid=10554,https://www.education.gov.za/LinkClick.aspx?fileticket=rgpCP5CNEGM%3d&tabid=3138&portalid=0&mid=10554,"MEMO_PDF_EXTRACTION_FAILED — re-ingest with force, or OCR fallback"
Afrikaans Home Language,2016,2,Afrikaans,5,77,94,5,0,yes,https://www.education.gov.za/LinkClick.aspx?fileticket=MsTyWyYnyVw%3d&tabid=1000&portalid=0&mid=4423,https://www.education.gov.za/LinkClick.aspx?fileticket=2mkhPIflyLk%3d&tabid=1000&portalid=0&mid=4423,"MEMO_PDF_EXTRACTION_FAILED — re-ingest with force, or OCR fallback"
Religion Studies,2025,2,Afrikaans,5,25,80,5,0,yes,https://www.education.gov.za/LinkClick.aspx?fileticket=tTeDEMObcVQ%3d&tabid=5475&portalid=0&mid=14248,https://www.education.gov.za/LinkClick.aspx?fileticket=Ziev3k2Sqho%3d&tabid=5475&portalid=0&mid=14248,"MEMO_PDF_EXTRACTION_FAILED — re-ingest with force, or OCR fallback"
Setswana Home Language,2020,1,Setswana,5,37,86,5,0,yes,https://www.education.gov.za/LinkClick.aspx?fileticket=t6U8Debr1Us%3d&tabid=2702&portalid=0&mid=10163,https://www.education.gov.za/LinkClick.aspx?fileticket=_HQ6BPufmek%3d&tabid=2702&portalid=0&mid=10163,"MEMO_PDF_EXTRACTION_FAILED — re-ingest with force, or OCR fallback"
English First Additional Language,2015,1,English,5,42,88,5,0,yes,https://www.education.gov.za/LinkClick.aspx?fileticket=Xqoxo_nrVqU%3d&tabid=979&portalid=0&mid=4299,https://www.education.gov.za/LinkClick.aspx?fileticket=0p9tXxCZzaI%3d&tabid=979&portalid=0&mid=4299,"MEMO_PDF_EXTRACTION_FAILED — re-ingest with force, or OCR fallback"
siSwati First Additional Language,2025,1,siSwati,5,46,89,5,0,yes,https://www.education.gov.za/LinkClick.aspx?fileticket=vzG7P7ozG20%3d&tabid=5475&portalid=0&mid=14220,https://www.education.gov.za/LinkClick.aspx?fileticket=4tbKQXbazsw%3d&tabid=5475&portalid=0&mid=14220,"MEMO_PDF_EXTRACTION_FAILED — re-ingest with force, or OCR fallback"
Computer Applications Technology,2024,1,English,5,60,92,5,0,yes,https://www.education.gov.za/LinkClick.aspx?fileticket=95rvLDyPvkc%3d&tabid=4933&portalid=0&mid=13132,https://www.education.gov.za/LinkClick.aspx?fileticket=czxpGi9SAbI%3d&tabid=4933&portalid=0&mid=13132,"MEMO_PDF_EXTRACTION_FAILED — re-ingest with force, or OCR fallback"
Afrikaans Home Language,2017,1,Afrikaans,5,48,90,5,0,yes,https://www.education.gov.za/LinkClick.aspx?fileticket=Rc3qJRamaOg%3d&tabid=1686&portalid=0&mid=6732,https://www.education.gov.za/LinkClick.aspx?fileticket=zLOh7d26i5I%3d&tabid=1686&portalid=0&mid=6732,"MEMO_PDF_EXTRACTION_FAILED — re-ingest with force, or OCR fallback"
Religion Studies,2025,2,English,5,25,80,5,0,yes,https://www.education.gov.za/LinkClick.aspx?fileticket=b3KxPVfeII8%3d&tabid=5475&portalid=0&mid=14248,https://www.education.gov.za/LinkClick.aspx?fileticket=3oCSpSeTrAw%3d&tabid=5475&portalid=0&mid=14248,"MEMO_PDF_EXTRACTION_FAILED — re-ingest with force, or OCR fallback"
isiXhosa First Additional Language,2015,1,isiXhosa,5,48,90,5,0,yes,https://www.education.gov.za/LinkClick.aspx?fileticket=7Is6btWyYLE%3d&tabid=979&portalid=0&mid=4301,https://www.education.gov.za/LinkClick.aspx?fileticket=EL97_KZodSI%3d&tabid=979&portalid=0&mid=4301,"MEMO_PDF_EXTRACTION_FAILED — re-ingest with force, or OCR fallback"
Setswana Second Additional Language,2025,1,Setswana,5,35,86,5,0,yes,https://www.education.gov.za/LinkClick.aspx?fileticket=vzGkV9CKnkU%3d&tabid=5742&portalid=0&mid=14819,https://www.education.gov.za/LinkClick.aspx?fileticket=7YLhwAEcXaY%3d&tabid=5742&portalid=0&mid=14819,"MEMO_PDF_EXTRACTION_FAILED — re-ingest with force, or OCR fallback"
Setswana Home Language,2025,2,Setswana,4,122,97,4,0,yes,https://www.education.gov.za/LinkClick.aspx?fileticket=v1V9JvOfIs4%3d&tabid=5475&portalid=0&mid=14218,https://www.education.gov.za/LinkClick.aspx?fileticket=AyPqYWeJg9s%3d&tabid=5475&portalid=0&mid=14218,"MEMO_PDF_EXTRACTION_FAILED — re-ingest with force, or OCR fallback"
Geography,2025,2,Afrikaans,4,22,82,4,0,yes,https://www.education.gov.za/LinkClick.aspx?fileticket=wjJ6yp0wdyE%3d&tabid=5475&portalid=0&mid=14238,https://www.education.gov.za/LinkClick.aspx?fileticket=huJyaGdV_-w%3d&tabid=5475&portalid=0&mid=14238,"MEMO_PDF_EXTRACTION_FAILED — re-ingest with force, or OCR fallback"
Afrikaans Home Language,2019,2,Afrikaans,4,104,96,4,0,yes,https://www.education.gov.za/LinkClick.aspx?fileticket=hmR4a3tKdrw%3d&tabid=2468&portalid=0&mid=8904,https://www.education.gov.za/LinkClick.aspx?fileticket=P8TC2U-vGt0%3d&tabid=2468&portalid=0&mid=8904,"MEMO_PDF_EXTRACTION_FAILED — re-ingest with force, or OCR fallback"
isiNdebele Second Additional Language,2021,1,isiNdebele,4,48,92,4,0,yes,https://www.education.gov.za/LinkClick.aspx?fileticket=eTk89maPagM%3d&tabid=2922&portalid=0&mid=10169,https://www.education.gov.za/LinkClick.aspx?fileticket=7bfoYwnnQVw%3d&tabid=2922&portalid=0&mid=10169,"MEMO_PDF_EXTRACTION_FAILED — re-ingest with force, or OCR fallback"
isiNdebele Second Additional Language,2024,1,isiNdebele,4,44,91,4,0,yes,https://www.education.gov.za/LinkClick.aspx?fileticket=gCFaFdvwwo8%3d&tabid=5193&portalid=0&mid=13692,https://www.education.gov.za/LinkClick.aspx?fileticket=9pp-Uw3JT7I%3d&tabid=5193&portalid=0&mid=13692,"MEMO_PDF_EXTRACTION_FAILED — re-ingest with force, or OCR fallback"
isiXhosa First Additional Language,2015,3,isiXhosa,4,16,75,4,0,yes,https://www.education.gov.za/LinkClick.aspx?fileticket=LP_S3dgs0c0%3d&tabid=979&portalid=0&mid=4301,https://www.education.gov.za/LinkClick.aspx?fileticket=C3a1q_DMey8%3d&tabid=979&portalid=0&mid=4301,"MEMO_PDF_EXTRACTION_FAILED — re-ingest with force, or OCR fallback"
Visual Arts,2024,2,Afrikaans,4,4,0,0,4,no,https://www.education.gov.za/LinkClick.aspx?fileticket=RMt-OFzCFFk%3d&tabid=5193&portalid=0&mid=13733,,MEMO_NOT_PUBLISHED_BY_DBE — portfolio/practical submission assessed by embedded rubric; no memo PDF exists
Xitsonga First Additional Language,2024,1,Xitsonga,4,9,56,4,0,yes,https://www.education.gov.za/LinkClick.aspx?fileticket=NFvR94sZNvs%3d&tabid=4933&portalid=0&mid=13124,https://www.education.gov.za/LinkClick.aspx?fileticket=yg4Tehg15XM%3d&tabid=4933&portalid=0&mid=13124,"MEMO_PDF_EXTRACTION_FAILED — re-ingest with force, or OCR fallback"
isiXhosa Second Additional Language,2024,2,isiXhosa,4,45,91,4,0,yes,https://www.education.gov.za/LinkClick.aspx?fileticket=FVW5qdGi0qI%3d&tabid=5193&portalid=0&mid=13693,https://www.education.gov.za/LinkClick.aspx?fileticket=jqrQx4VVl6E%3d&tabid=5193&portalid=0&mid=13693,"MEMO_PDF_EXTRACTION_FAILED — re-ingest with force, or OCR fallback"
isiZulu First Additional Language,2025,1,isiZulu,4,45,91,4,0,yes,https://www.education.gov.za/LinkClick.aspx?fileticket=b-gQdK56XTA%3d&tabid=5475&portalid=0&mid=14215,https://www.education.gov.za/LinkClick.aspx?fileticket=92fCmQy-wMI%3d&tabid=5475&portalid=0&mid=14215,"MEMO_PDF_EXTRACTION_FAILED — re-ingest with force, or OCR fallback"
Computer Applications Technology,2023,1,English,4,60,93,4,0,yes,https://www.education.gov.za/LinkClick.aspx?fileticket=C8YiLeXt4WY%3d&tabid=4504&portalid=0&mid=12302,https://www.education.gov.za/LinkClick.aspx?fileticket=u1fsB7PDWGs%3d&tabid=4504&portalid=0&mid=12302,"MEMO_PDF_EXTRACTION_FAILED — re-ingest with force, or OCR fallback"
isiZulu First Additional Language,2023,1,isiZulu,4,47,91,4,0,yes,https://www.education.gov.za/LinkClick.aspx?fileticket=25f6EgLQBUk%3d&tabid=4504&portalid=0&mid=12287,https://www.education.gov.za/LinkClick.aspx?fileticket=pl2UxJOIT-A%3d&tabid=4504&portalid=0&mid=12287,"MEMO_PDF_EXTRACTION_FAILED — re-ingest with force, or OCR fallback"
Sepedi First Additional Language,2022,3,Sepedi,4,5,20,4,0,yes,https://www.education.gov.za/LinkClick.aspx?fileticket=DLfFhXfK1Gk%3d&tabid=3138&portalid=0&mid=10547,https://www.education.gov.za/LinkClick.aspx?fileticket=dK0h6xz7K2k%3d&tabid=3138&portalid=0&mid=10547,"MEMO_PDF_EXTRACTION_FAILED — re-ingest with force, or OCR fallback"
Sesotho First Additional Language,2016,3,Sesotho,4,5,20,4,0,yes,https://www.education.gov.za/LinkClick.aspx?fileticket=yQ2Z_kcRlek%3d&tabid=1000&portalid=0&mid=4419,https://www.education.gov.za/LinkClick.aspx?fileticket=R_dK2-iad6Q%3d&tabid=1000&portalid=0&mid=4419,"MEMO_PDF_EXTRACTION_FAILED — re-ingest with force, or OCR fallback"
Design,2022,1,Afrikaans,4,12,67,4,0,yes,https://www.education.gov.za/LinkClick.aspx?fileticket=l82pQSHqvMc%3d&tabid=3138&portalid=0&mid=10563,https://www.education.gov.za/LinkClick.aspx?fileticket=RRVra6T0sfc%3d&tabid=3138&portalid=0&mid=10563,"MEMO_PDF_EXTRACTION_FAILED — re-ingest with force, or OCR fallback"
siSwati First Additional Language,2024,1,siSwati,4,45,91,4,0,yes,https://www.education.gov.za/LinkClick.aspx?fileticket=gLHqx7i8v20%3d&tabid=4933&portalid=0&mid=13122,https://www.education.gov.za/LinkClick.aspx?fileticket=2g7xdnejask%3d&tabid=4933&portalid=0&mid=13122,"MEMO_PDF_EXTRACTION_FAILED — re-ingest with force, or OCR fallback"
isiNdebele Home Language,2019,1,isiNdebele,4,41,90,4,0,yes,https://www.education.gov.za/LinkClick.aspx?fileticket=YXryw86fE9w%3d&tabid=2468&portalid=0&mid=8910,https://www.education.gov.za/LinkClick.aspx?fileticket=nr_pOlPvHb8%3d&tabid=2468&portalid=0&mid=8910,"MEMO_PDF_EXTRACTION_FAILED — re-ingest with force, or OCR fallback"
isiXhosa Home Language,2025,2,isiXhosa,4,96,96,4,0,yes,https://www.education.gov.za/LinkClick.aspx?fileticket=By_vORzGhTA%3d&tabid=5475&portalid=0&mid=14214,https://www.education.gov.za/LinkClick.aspx?fileticket=2yTbx7JWkZc%3d&tabid=5475&portalid=0&mid=14214,"MEMO_PDF_EXTRACTION_FAILED — re-ingest with force, or OCR fallback"
Religion Studies,2024,2,Afrikaans,4,25,84,4,0,yes,https://www.education.gov.za/LinkClick.aspx?fileticket=ScY8xsMr-0Q%3d&tabid=4933&portalid=0&mid=13150,https://www.education.gov.za/LinkClick.aspx?fileticket=p39nrfxWiao%3d&tabid=4933&portalid=0&mid=13150,"MEMO_PDF_EXTRACTION_FAILED — re-ingest with force, or OCR fallback"
Setswana Home Language,2022,1,Setswana,4,37,89,4,0,yes,https://www.education.gov.za/LinkClick.aspx?fileticket=Iyk_RKdXldo%3d&tabid=3138&portalid=0&mid=10549,https://www.education.gov.za/LinkClick.aspx?fileticket=huWYukIYm7I%3d&tabid=3138&portalid=0&mid=10549,"MEMO_PDF_EXTRACTION_FAILED — re-ingest with force, or OCR fallback"
isiXhosa First Additional Language,2019,1,isiXhosa,4,47,91,4,0,yes,https://www.education.gov.za/LinkClick.aspx?fileticket=TBAPr1gCwME%3d&tabid=2468&portalid=0&mid=8912,https://www.education.gov.za/LinkClick.aspx?fileticket=7RwXC3F3ig4%3d&tabid=2468&portalid=0&mid=8912,"MEMO_PDF_EXTRACTION_FAILED — re-ingest with force, or OCR fallback"
Geography,2025,2,English,4,22,82,4,0,yes,https://www.education.gov.za/LinkClick.aspx?fileticket=3LThLqo5qzA%3d&tabid=5475&portalid=0&mid=14238,https://www.education.gov.za/LinkClick.aspx?fileticket=DxPrEI42LK0%3d&tabid=5475&portalid=0&mid=14238,"MEMO_PDF_EXTRACTION_FAILED — re-ingest with force, or OCR fallback"
isiXhosa First Additional Language,2024,1,isiXhosa,4,49,92,4,0,yes,https://www.education.gov.za/LinkClick.aspx?fileticket=7j6jFpB6bJ0%3d&tabid=4933&portalid=0&mid=13116,https://www.education.gov.za/LinkClick.aspx?fileticket=0WaXJfUN9ro%3d&tabid=4933&portalid=0&mid=13116,"MEMO_PDF_EXTRACTION_FAILED — re-ingest with force, or OCR fallback"
Accounting,2023,2,English,4,34,88,4,0,yes,https://www.education.gov.za/LinkClick.aspx?fileticket=ejK1OTKTHgA%3d&tabid=4504&portalid=0&mid=12296,https://www.education.gov.za/LinkClick.aspx?fileticket=wewUpvFGpms%3d&tabid=4504&portalid=0&mid=12296,"MEMO_PDF_EXTRACTION_FAILED — re-ingest with force, or OCR fallback"
isiXhosa Second Additional Language,2025,1,isiXhosa,4,48,92,4,0,yes,https://www.education.gov.za/LinkClick.aspx?fileticket=HmUs4M9bwWs%3d&tabid=5742&portalid=0&mid=14815,https://www.education.gov.za/LinkClick.aspx?fileticket=PQfGAQAOFqI%3d&tabid=5742&portalid=0&mid=14815,"MEMO_PDF_EXTRACTION_FAILED — re-ingest with force, or OCR fallback"
isiXhosa Second Additional Language,2025,2,isiXhosa,4,48,92,4,0,yes,https://www.education.gov.za/LinkClick.aspx?fileticket=eb_KqoOg-ec%3d&tabid=5742&portalid=0&mid=14815,https://www.education.gov.za/LinkClick.aspx?fileticket=Ki4dg59uJmM%3d&tabid=5742&portalid=0&mid=14815,"MEMO_PDF_EXTRACTION_FAILED — re-ingest with force, or OCR fallback"
Sesotho First Additional Language,2025,3,Sesotho,4,5,20,4,0,yes,https://www.education.gov.za/LinkClick.aspx?fileticket=l4vQbrT0BFQ%3d&tabid=5475&portalid=0&mid=14219,https://www.education.gov.za/LinkClick.aspx?fileticket=D_1inifKAmM%3d&tabid=5475&portalid=0&mid=14219,"MEMO_PDF_EXTRACTION_FAILED — re-ingest with force, or OCR fallback"
Economics,2024,2,Afrikaans,4,74,95,4,0,yes,https://www.education.gov.za/LinkClick.aspx?fileticket=zhHLKQsezxI%3d&tabid=4933&portalid=0&mid=13137,https://www.education.gov.za/LinkClick.aspx?fileticket=fvvsCutNKXs%3d&tabid=4933&portalid=0&mid=13137,"MEMO_PDF_EXTRACTION_FAILED — re-ingest with force, or OCR fallback"
isiXhosa First Additional Language,2021,1,isiXhosa,4,48,92,4,0,yes,https://www.education.gov.za/LinkClick.aspx?fileticket=5fhsmFxTtNE%3d&tabid=2837&portalid=0&mid=10517,https://www.education.gov.za/LinkClick.aspx?fileticket=adCC1fDBvDQ%3d&tabid=2837&portalid=0&mid=10517,"MEMO_PDF_EXTRACTION_FAILED — re-ingest with force, or OCR fallback"
Religion Studies,2018,2,Afrikaans,4,21,81,4,0,yes,https://www.education.gov.za/LinkClick.aspx?fileticket=8BuZGRfzQDQ%3d&tabid=1920&portalid=0&mid=7600,https://www.education.gov.za/LinkClick.aspx?fileticket=UIr1m4iHWH4%3d&tabid=1920&portalid=0&mid=7600,"MEMO_PDF_EXTRACTION_FAILED — re-ingest with force, or OCR fallback"
isiZulu First Additional Language,2022,1,isiZulu,4,47,91,4,0,yes,https://www.education.gov.za/LinkClick.aspx?fileticket=w9uT-P43ugY%3d&tabid=3138&portalid=0&mid=10546,https://www.education.gov.za/LinkClick.aspx?fileticket=NomyEE2Y4KY%3d&tabid=3138&portalid=0&mid=10546,"MEMO_PDF_EXTRACTION_FAILED — re-ingest with force, or OCR fallback"
Accounting,2023,2,Afrikaans,4,34,88,4,0,yes,https://www.education.gov.za/LinkClick.aspx?fileticket=aNVWUIxw2G4%3d&tabid=4504&portalid=0&mid=12296,https://www.education.gov.za/LinkClick.aspx?fileticket=185M-1ASrpI%3d&tabid=4504&portalid=0&mid=12296,"MEMO_PDF_EXTRACTION_FAILED — re-ingest with force, or OCR fallback"
Accounting,2021,2,Afrikaans,4,36,89,4,0,yes,https://www.education.gov.za/LinkClick.aspx?fileticket=TIr57HGefY8%3d&tabid=2837&portalid=0&mid=9893,https://www.education.gov.za/LinkClick.aspx?fileticket=IDlC2kFOZ7E%3d&tabid=2837&portalid=0&mid=9893,"MEMO_PDF_EXTRACTION_FAILED — re-ingest with force, or OCR fallback"
isiZulu Second Additional Language,2025,1,isiZulu,4,45,91,4,0,yes,https://www.education.gov.za/LinkClick.aspx?fileticket=NLs6On_97qs%3d&tabid=5742&portalid=0&mid=14816,https://www.education.gov.za/LinkClick.aspx?fileticket=ncb2ysk1-Ps%3d&tabid=5742&portalid=0&mid=14816,"MEMO_PDF_EXTRACTION_FAILED — re-ingest with force, or OCR fallback"
isiXhosa Second Additional Language,2023,2,isiXhosa,4,48,92,4,0,yes,https://www.education.gov.za/LinkClick.aspx?fileticket=6t0gJcys5A0%3d&tabid=4682&portalid=0&mid=12650,https://www.education.gov.za/LinkClick.aspx?fileticket=j8RZAhwqIHA%3d&tabid=4682&portalid=0&mid=12650,"MEMO_PDF_EXTRACTION_FAILED — re-ingest with force, or OCR fallback"
Geography,2024,1,English,4,24,83,4,0,yes,https://www.education.gov.za/LinkClick.aspx?fileticket=5lhg9xHnA2s%3d&tabid=4933&portalid=0&mid=13140,https://www.education.gov.za/LinkClick.aspx?fileticket=5Hhqhl2vVXY%3d&tabid=4933&portalid=0&mid=13140,"MEMO_PDF_EXTRACTION_FAILED — re-ingest with force, or OCR fallback"
Religion Studies,2024,2,English,4,25,84,4,0,yes,https://www.education.gov.za/LinkClick.aspx?fileticket=gzdgbSaH0kE%3d&tabid=4933&portalid=0&mid=13150,https://www.education.gov.za/LinkClick.aspx?fileticket=nJEWyypolb0%3d&tabid=4933&portalid=0&mid=13150,"MEMO_PDF_EXTRACTION_FAILED — re-ingest with force, or OCR fallback"
Religion Studies,2018,2,English,4,22,82,4,0,yes,https://www.education.gov.za/LinkClick.aspx?fileticket=Bqu_U6TRq_Y%3d&tabid=1920&portalid=0&mid=7600,https://www.education.gov.za/LinkClick.aspx?fileticket=fXtiqlJhbTU%3d&tabid=1920&portalid=0&mid=7600,"MEMO_PDF_EXTRACTION_FAILED — re-ingest with force, or OCR fallback"
Consumer Studies,2024,1,English,4,172,98,4,0,yes,https://www.education.gov.za/LinkClick.aspx?fileticket=Lyp_k8RVqGs%3d&tabid=5193&portalid=0&mid=13710,https://www.education.gov.za/LinkClick.aspx?fileticket=HNRMmMOHm1E%3d&tabid=5193&portalid=0&mid=13710,"MEMO_PDF_EXTRACTION_FAILED — re-ingest with force, or OCR fallback"
Visual Arts,2024,2,English,4,4,0,0,4,no,https://www.education.gov.za/LinkClick.aspx?fileticket=yFPJHsIY7Mw%3d&tabid=5193&portalid=0&mid=13733,,MEMO_NOT_PUBLISHED_BY_DBE — portfolio/practical submission assessed by embedded rubric; no memo PDF exists
isiNdebele First Additional Language,2021,1,isiNdebele,4,47,91,4,0,yes,https://www.education.gov.za/LinkClick.aspx?fileticket=ig1XT44M2CE%3d&tabid=2837&portalid=0&mid=10516,https://www.education.gov.za/LinkClick.aspx?fileticket=kd48I5fV6ys%3d&tabid=2837&portalid=0&mid=10516,"MEMO_PDF_EXTRACTION_FAILED — re-ingest with force, or OCR fallback"
isiNdebele First Additional Language,2025,1,isiNdebele,4,51,92,4,0,yes,https://www.education.gov.za/LinkClick.aspx?fileticket=PWtWnu-FUIc%3d&tabid=5475&portalid=0&mid=14213,https://www.education.gov.za/LinkClick.aspx?fileticket=nIcYpUduAew%3d&tabid=5475&portalid=0&mid=14213,"MEMO_PDF_EXTRACTION_FAILED — re-ingest with force, or OCR fallback"
Economics,2021,1,English,4,74,95,4,0,yes,https://www.education.gov.za/LinkClick.aspx?fileticket=ioKd6eIZIzU%3d&tabid=2837&portalid=0&mid=9906,https://www.education.gov.za/LinkClick.aspx?fileticket=cyBn34o-ROg%3d&tabid=2837&portalid=0&mid=9906,"MEMO_PDF_EXTRACTION_FAILED — re-ingest with force, or OCR fallback"
isiXhosa Second Additional Language,2021,1,isiXhosa,4,51,92,4,0,yes,https://www.education.gov.za/LinkClick.aspx?fileticket=JIErXATmKyU%3d&tabid=2922&portalid=0&mid=10176,https://www.education.gov.za/LinkClick.aspx?fileticket=762xHxo8TSI%3d&tabid=2922&portalid=0&mid=10176,"MEMO_PDF_EXTRACTION_FAILED — re-ingest with force, or OCR fallback"
isiZulu First Additional Language,2024,1,isiZulu,4,47,91,4,0,yes,https://www.education.gov.za/LinkClick.aspx?fileticket=sZwvFpMXgiU%3d&tabid=4933&portalid=0&mid=13117,https://www.education.gov.za/LinkClick.aspx?fileticket=meiNRzmi71o%3d&tabid=4933&portalid=0&mid=13117,"MEMO_PDF_EXTRACTION_FAILED — re-ingest with force, or OCR fallback"
Computer Applications Technology,2023,1,Afrikaans,4,60,93,4,0,yes,https://www.education.gov.za/LinkClick.aspx?fileticket=CQsgTD9dpHg%3d&tabid=4504&portalid=0&mid=12302,https://www.education.gov.za/LinkClick.aspx?fileticket=h5anlJOr1DU%3d&tabid=4504&portalid=0&mid=12302,"MEMO_PDF_EXTRACTION_FAILED — re-ingest with force, or OCR fallback"
English Home Language,2024,2,English,4,74,95,4,0,yes,https://www.education.gov.za/LinkClick.aspx?fileticket=308qlGMb3MY%3d&tabid=4933&portalid=0&mid=13114,https://www.education.gov.za/LinkClick.aspx?fileticket=mr4hrE88mKs%3d&tabid=4933&portalid=0&mid=13114,"MEMO_PDF_EXTRACTION_FAILED — re-ingest with force, or OCR fallback"
Accounting,2025,1,English,4,24,83,4,0,yes,https://www.education.gov.za/LinkClick.aspx?fileticket=t3P4yVJyB84%3d&tabid=5475&portalid=0&mid=14224,https://www.education.gov.za/LinkClick.aspx?fileticket=UgT06ILipvM%3d&tabid=5475&portalid=0&mid=14224,"MEMO_PDF_EXTRACTION_FAILED — re-ingest with force, or OCR fallback"
Accounting,2025,1,Afrikaans,4,24,83,4,0,yes,https://www.education.gov.za/LinkClick.aspx?fileticket=tIvHed7-cbc%3d&tabid=5475&portalid=0&mid=14224,https://www.education.gov.za/LinkClick.aspx?fileticket=5Ki2sQ_Wr-k%3d&tabid=5475&portalid=0&mid=14224,"MEMO_PDF_EXTRACTION_FAILED — re-ingest with force, or OCR fallback"
Computer Applications Technology,2020,1,English,4,59,93,4,0,yes,https://www.education.gov.za/LinkClick.aspx?fileticket=rLwLu9-BNMU%3d&tabid=2702&portalid=0&mid=9618,https://www.education.gov.za/LinkClick.aspx?fileticket=7-MZcy6A3Pg%3d&tabid=2702&portalid=0&mid=9618,"MEMO_PDF_EXTRACTION_FAILED — re-ingest with force, or OCR fallback"
isiXhosa Home Language,2016,1,isiXhosa,4,45,91,4,0,yes,https://www.education.gov.za/LinkClick.aspx?fileticket=q9nSP-qieJU%3d&tabid=1000&portalid=0&mid=4416,https://www.education.gov.za/LinkClick.aspx?fileticket=76FEZiCJ-D4%3d&tabid=1000&portalid=0&mid=4416,"MEMO_PDF_EXTRACTION_FAILED — re-ingest with force, or OCR fallback"
Accounting,2021,2,English,4,36,89,4,0,yes,https://www.education.gov.za/LinkClick.aspx?fileticket=tBxR0J5_qmY%3d&tabid=2837&portalid=0&mid=9893,https://www.education.gov.za/LinkClick.aspx?fileticket=NJk5KGCEFXI%3d&tabid=2837&portalid=0&mid=9893,"MEMO_PDF_EXTRACTION_FAILED — re-ingest with force, or OCR fallback"
Computer Applications Technology,2020,1,Afrikaans,4,59,93,4,0,yes,https://www.education.gov.za/LinkClick.aspx?fileticket=w0KhoBp5xJk%3d&tabid=2702&portalid=0&mid=9618,https://www.education.gov.za/LinkClick.aspx?fileticket=RaiL-AMWOD8%3d&tabid=2702&portalid=0&mid=9618,"MEMO_PDF_EXTRACTION_FAILED — re-ingest with force, or OCR fallback"
isiNdebele Home Language,2024,1,isiNdebele,4,37,89,4,0,yes,https://www.education.gov.za/LinkClick.aspx?fileticket=HnmzX3dE0lI%3d&tabid=4933&portalid=0&mid=13115,https://www.education.gov.za/LinkClick.aspx?fileticket=K_SO-pD7Mkw%3d&tabid=4933&portalid=0&mid=13115,"MEMO_PDF_EXTRACTION_FAILED — re-ingest with force, or OCR fallback"
isiNdebele First Additional Language,2015,1,isiNdebele,4,47,91,4,0,yes,https://www.education.gov.za/LinkClick.aspx?fileticket=bgJcqTfytvw%3d&tabid=979&portalid=0&mid=4300,https://www.education.gov.za/LinkClick.aspx?fileticket=aUziM2e7QJY%3d&tabid=979&portalid=0&mid=4300,"MEMO_PDF_EXTRACTION_FAILED — re-ingest with force, or OCR fallback"
Afrikaans Home Language,2020,2,Afrikaans,4,106,96,4,0,yes,https://www.education.gov.za/LinkClick.aspx?fileticket=-bY16Ot_BG0%3d&tabid=2702&portalid=0&mid=10165,https://www.education.gov.za/LinkClick.aspx?fileticket=BeVl6VxDzr8%3d&tabid=2702&portalid=0&mid=10165,"MEMO_PDF_EXTRACTION_FAILED — re-ingest with force, or OCR fallback"
isiNdebele Home Language,2022,1,isiNdebele,3,45,93,3,0,yes,https://www.education.gov.za/LinkClick.aspx?fileticket=o1UW9f1HX9w%3d&tabid=3138&portalid=0&mid=10544,https://www.education.gov.za/LinkClick.aspx?fileticket=PMFlBKK903I%3d&tabid=3138&portalid=0&mid=10544,"MEMO_PDF_EXTRACTION_FAILED — re-ingest with force, or OCR fallback"
Religion Studies,2015,2,Afrikaans,3,21,86,3,0,yes,https://www.education.gov.za/LinkClick.aspx?fileticket=sF3mtkJWjBA%3d&tabid=979&portalid=0&mid=4294,https://www.education.gov.za/LinkClick.aspx?fileticket=EEM12jETcrM%3d&tabid=979&portalid=0&mid=4294,"MEMO_PDF_EXTRACTION_FAILED — re-ingest with force, or OCR fallback"
isiNdebele Home Language,2021,3,isiNdebele,3,15,80,3,0,yes,https://www.education.gov.za/LinkClick.aspx?fileticket=Ua6mW0E3JT4%3d&tabid=2837&portalid=0&mid=10516,https://www.education.gov.za/LinkClick.aspx?fileticket=g61AfZ_nCd0%3d&tabid=2837&portalid=0&mid=10516,"MEMO_PDF_EXTRACTION_FAILED — re-ingest with force, or OCR fallback"
Dramatic Arts,2022,1,Afrikaans,3,22,86,3,0,yes,https://www.education.gov.za/LinkClick.aspx?fileticket=1XPMu5Ibeb4%3d&tabid=3138&portalid=0&mid=10564,https://www.education.gov.za/LinkClick.aspx?fileticket=qnvNbmkkUtY%3d&tabid=3138&portalid=0&mid=10564,"MEMO_PDF_EXTRACTION_FAILED — re-ingest with force, or OCR fallback"
Geography,2025,1,English,3,20,85,3,0,yes,https://www.education.gov.za/LinkClick.aspx?fileticket=SeR59ikc1gc%3d&tabid=5475&portalid=0&mid=14238,https://www.education.gov.za/LinkClick.aspx?fileticket=tFKimAZp21U%3d&tabid=5475&portalid=0&mid=14238,"MEMO_PDF_EXTRACTION_FAILED — re-ingest with force, or OCR fallback"
Geography,2023,1,Afrikaans,3,23,87,3,0,yes,https://www.education.gov.za/LinkClick.aspx?fileticket=hNOT1_4GSuc%3d&tabid=4504&portalid=0&mid=12310,https://www.education.gov.za/LinkClick.aspx?fileticket=5wb81S2-iO0%3d&tabid=4504&portalid=0&mid=12310,"MEMO_PDF_EXTRACTION_FAILED — re-ingest with force, or OCR fallback"
Music,2024,2,Afrikaans,3,66,95,3,0,yes,https://www.education.gov.za/LinkClick.aspx?fileticket=ezVYRolzUN0%3d&tabid=4933&portalid=0&mid=13148,https://www.education.gov.za/LinkClick.aspx?fileticket=1jJVPugi97A%3d&tabid=4933&portalid=0&mid=13148,"MEMO_PDF_EXTRACTION_FAILED — re-ingest with force, or OCR fallback"
Dramatic Arts,2024,1,Afrikaans,3,26,88,3,0,yes,https://www.education.gov.za/LinkClick.aspx?fileticket=oLo5ok11Mp0%3d&tabid=5193&portalid=0&mid=13713,https://www.education.gov.za/LinkClick.aspx?fileticket=p9A3TIz3JGg%3d&tabid=5193&portalid=0&mid=13713,"MEMO_PDF_EXTRACTION_FAILED — re-ingest with force, or OCR fallback"
Computer Applications Technology,2022,1,English,3,52,94,3,0,yes,https://www.education.gov.za/LinkClick.aspx?fileticket=yM6lzlXQgEI%3d&tabid=3138&portalid=0&mid=10560,https://www.education.gov.za/LinkClick.aspx?fileticket=DuK2AU1cGeI%3d&tabid=3138&portalid=0&mid=10560,"MEMO_PDF_EXTRACTION_FAILED — re-ingest with force, or OCR fallback"
Sesotho First Additional Language,2022,2,Sesotho,3,9,67,3,0,yes,https://www.education.gov.za/LinkClick.aspx?fileticket=j57w_MaZQ74%3d&tabid=3138&portalid=0&mid=10548,https://www.education.gov.za/LinkClick.aspx?fileticket=nixr1-mSNRU%3d&tabid=3138&portalid=0&mid=10548,"MEMO_PDF_EXTRACTION_FAILED — re-ingest with force, or OCR fallback"
Dance studies,2016,1,Afrikaans,3,26,88,3,0,yes,https://www.education.gov.za/LinkClick.aspx?fileticket=WL5lLVngtTU%3d&tabid=1000&portalid=0&mid=4433,https://www.education.gov.za/LinkClick.aspx?fileticket=95P8qTR5tK8%3d&tabid=1000&portalid=0&mid=4433,"MEMO_PDF_EXTRACTION_FAILED — re-ingest with force, or OCR fallback"
Xitsonga First Additional Language,2019,1,Xitsonga,3,9,67,3,0,yes,https://www.education.gov.za/LinkClick.aspx?fileticket=6NZqe66c4JY%3d&tabid=2468&portalid=0&mid=8922,https://www.education.gov.za/LinkClick.aspx?fileticket=vt0SKvZMZAQ%3d&tabid=2468&portalid=0&mid=8922,"MEMO_PDF_EXTRACTION_FAILED — re-ingest with force, or OCR fallback"
Setswana Home Language,2019,1,Setswana,3,39,92,3,0,yes,https://www.education.gov.za/LinkClick.aspx?fileticket=BdZ4DJL5DyY%3d&tabid=2468&portalid=0&mid=8919,https://www.education.gov.za/LinkClick.aspx?fileticket=JJnDPKpPRcg%3d&tabid=2468&portalid=0&mid=8919,"MEMO_PDF_EXTRACTION_FAILED — re-ingest with force, or OCR fallback"
Religion Studies,2015,2,English,3,21,86,3,0,yes,https://www.education.gov.za/LinkClick.aspx?fileticket=AUGl8cTWG10%3d&tabid=979&portalid=0&mid=4294,https://www.education.gov.za/LinkClick.aspx?fileticket=Zffxd6L3r8c%3d&tabid=979&portalid=0&mid=4294,"MEMO_PDF_EXTRACTION_FAILED — re-ingest with force, or OCR fallback"
Setswana First Additional Language,2025,1,Setswana,3,45,93,3,0,yes,https://www.education.gov.za/LinkClick.aspx?fileticket=NQ50_bM5eW4%3d&tabid=5475&portalid=0&mid=14218,https://www.education.gov.za/LinkClick.aspx?fileticket=oq02NgACpsY%3d&tabid=5475&portalid=0&mid=14218,"MEMO_PDF_EXTRACTION_FAILED — re-ingest with force, or OCR fallback"
Geography,2025,1,Afrikaans,3,20,85,3,0,yes,https://www.education.gov.za/LinkClick.aspx?fileticket=vfcV8qBqXYI%3d&tabid=5475&portalid=0&mid=14238,https://www.education.gov.za/LinkClick.aspx?fileticket=wb1S6vJSzc8%3d&tabid=5475&portalid=0&mid=14238,"MEMO_PDF_EXTRACTION_FAILED — re-ingest with force, or OCR fallback"
Geography,2022,1,Afrikaans,3,24,88,3,0,yes,https://www.education.gov.za/LinkClick.aspx?fileticket=XZpVpY5kjpI%3d&tabid=3138&portalid=0&mid=10568,https://www.education.gov.za/LinkClick.aspx?fileticket=kr5H_VrG_oo%3d&tabid=3138&portalid=0&mid=10568,"MEMO_PDF_EXTRACTION_FAILED — re-ingest with force, or OCR fallback"
Dramatic Arts,2022,1,English,3,22,86,3,0,yes,https://www.education.gov.za/LinkClick.aspx?fileticket=fB7ss3QLHY4%3d&tabid=3138&portalid=0&mid=10564,https://www.education.gov.za/LinkClick.aspx?fileticket=EYLmJKHc5S8%3d&tabid=3138&portalid=0&mid=10564,"MEMO_PDF_EXTRACTION_FAILED — re-ingest with force, or OCR fallback"
isiXhosa First Additional Language,2018,1,isiXhosa,3,49,94,3,0,yes,https://www.education.gov.za/LinkClick.aspx?fileticket=mgiPPEmfMyM%3d&tabid=1920&portalid=0&mid=7567,https://www.education.gov.za/LinkClick.aspx?fileticket=aTC-m4-GgGA%3d&tabid=1920&portalid=0&mid=7567,"MEMO_PDF_EXTRACTION_FAILED — re-ingest with force, or OCR fallback"
isiNdebele Home Language,2022,3,isiNdebele,3,15,80,3,0,yes,https://www.education.gov.za/LinkClick.aspx?fileticket=ZPQDnk9CkA0%3d&tabid=3138&portalid=0&mid=10544,https://www.education.gov.za/LinkClick.aspx?fileticket=rsHm-JmogXM%3d&tabid=3138&portalid=0&mid=10544,"MEMO_PDF_EXTRACTION_FAILED — re-ingest with force, or OCR fallback"
Accounting,2020,2,English,3,33,91,3,0,yes,https://www.education.gov.za/LinkClick.aspx?fileticket=hJgFl0DQaQs%3d&tabid=2702&portalid=0&mid=9612,https://www.education.gov.za/LinkClick.aspx?fileticket=d4FYbddi3U8%3d&tabid=2702&portalid=0&mid=9612,"MEMO_PDF_EXTRACTION_FAILED — re-ingest with force, or OCR fallback"
Religion Studies,2021,2,English,3,27,89,3,0,yes,https://www.education.gov.za/LinkClick.aspx?fileticket=fyR6d4VEJjE%3d&tabid=2837&portalid=0&mid=9919,https://www.education.gov.za/LinkClick.aspx?fileticket=ifZnha-uqEg%3d&tabid=2837&portalid=0&mid=9919,"MEMO_PDF_EXTRACTION_FAILED — re-ingest with force, or OCR fallback"
Accounting,2025,2,Afrikaans,3,32,91,3,0,yes,https://www.education.gov.za/LinkClick.aspx?fileticket=afG5ImC6VSY%3d&tabid=5475&portalid=0&mid=14224,https://www.education.gov.za/LinkClick.aspx?fileticket=pPIO5FcSvOc%3d&tabid=5475&portalid=0&mid=14224,"MEMO_PDF_EXTRACTION_FAILED — re-ingest with force, or OCR fallback"
isiZulu Second Additional Language,2021,3,isiZulu,3,16,81,3,0,yes,https://www.education.gov.za/LinkClick.aspx?fileticket=XkiSzlDlIU8%3d&tabid=2922&portalid=0&mid=10179,https://www.education.gov.za/LinkClick.aspx?fileticket=CjuJnE0uOCw%3d&tabid=2922&portalid=0&mid=10179,"MEMO_PDF_EXTRACTION_FAILED — re-ingest with force, or OCR fallback"
Dramatic Arts,2024,1,English,3,27,89,3,0,yes,https://www.education.gov.za/LinkClick.aspx?fileticket=2zIhDlV1wmg%3d&tabid=5193&portalid=0&mid=13713,https://www.education.gov.za/LinkClick.aspx?fileticket=8z4FuWE97_E%3d&tabid=5193&portalid=0&mid=13713,"MEMO_PDF_EXTRACTION_FAILED — re-ingest with force, or OCR fallback"
Dance studies,2016,1,English,3,23,87,3,0,yes,https://www.education.gov.za/LinkClick.aspx?fileticket=iOd8qMDzF1M%3d&tabid=1000&portalid=0&mid=4433,https://www.education.gov.za/LinkClick.aspx?fileticket=Gv8Edob3-YY%3d&tabid=1000&portalid=0&mid=4433,"MEMO_PDF_EXTRACTION_FAILED — re-ingest with force, or OCR fallback"
Dance studies,2020,1,Afrikaans,3,18,83,3,0,yes,https://www.education.gov.za/LinkClick.aspx?fileticket=n_vLd7VG-q4%3d&tabid=2702&portalid=0&mid=9620,https://www.education.gov.za/LinkClick.aspx?fileticket=9UJDSuU0hjs%3d&tabid=2702&portalid=0&mid=9620,"MEMO_PDF_EXTRACTION_FAILED — re-ingest with force, or OCR fallback"
Accounting,2018,1,English,3,20,85,3,0,yes,https://www.education.gov.za/LinkClick.aspx?fileticket=fJhUv6zhBjA%3d&tabid=1920&portalid=0&mid=7576,https://www.education.gov.za/LinkClick.aspx?fileticket=S8MhUmqzBRk%3d&tabid=1920&portalid=0&mid=7576,"MEMO_PDF_EXTRACTION_FAILED — re-ingest with force, or OCR fallback"
Economics,2020,2,English,3,74,96,3,0,yes,https://www.education.gov.za/LinkClick.aspx?fileticket=TaNsXFOsAXY%3d&tabid=2702&portalid=0&mid=9623,https://www.education.gov.za/LinkClick.aspx?fileticket=HH_ke0RDAds%3d&tabid=2702&portalid=0&mid=9623,"MEMO_PDF_EXTRACTION_FAILED — re-ingest with force, or OCR fallback"
Computer Applications Technology,2017,1,Afrikaans,3,63,95,3,0,yes,https://www.education.gov.za/LinkClick.aspx?fileticket=2FSO1dw7Auc%3d&tabid=1686&portalid=0&mid=6747,https://www.education.gov.za/LinkClick.aspx?fileticket=A5iQh9v4FZM%3d&tabid=1686&portalid=0&mid=6747,"MEMO_PDF_EXTRACTION_FAILED — re-ingest with force, or OCR fallback"
isiNdebele Home Language,2015,2,isiNdebele,3,73,96,3,0,yes,https://www.education.gov.za/LinkClick.aspx?fileticket=CdVH5_vS4_g%3d&tabid=979&portalid=0&mid=4300,https://www.education.gov.za/LinkClick.aspx?fileticket=NJGI-UiLPVg%3d&tabid=979&portalid=0&mid=4300,"MEMO_PDF_EXTRACTION_FAILED — re-ingest with force, or OCR fallback"
English First Additional Language,2016,1,English,3,41,93,3,0,yes,https://www.education.gov.za/LinkClick.aspx?fileticket=es4rML9Uovw%3d&tabid=1000&portalid=0&mid=4414,https://www.education.gov.za/LinkClick.aspx?fileticket=4BD68MCarAs%3d&tabid=1000&portalid=0&mid=4414,"MEMO_PDF_EXTRACTION_FAILED — re-ingest with force, or OCR fallback"
Information Technology,2020,1,English,3,28,89,3,0,yes,https://www.education.gov.za/LinkClick.aspx?fileticket=p6p2zCKKvzo%3d&tabid=2702&portalid=0&mid=9629,https://www.education.gov.za/LinkClick.aspx?fileticket=zRk86TeTdT0%3d&tabid=2702&portalid=0&mid=9629,"MEMO_PDF_EXTRACTION_FAILED — re-ingest with force, or OCR fallback"
Religion Studies,2021,2,Afrikaans,3,27,89,3,0,yes,https://www.education.gov.za/LinkClick.aspx?fileticket=Tnv36tS4tu0%3d&tabid=2837&portalid=0&mid=9919,https://www.education.gov.za/LinkClick.aspx?fileticket=DmlN7-dlgNE%3d&tabid=2837&portalid=0&mid=9919,"MEMO_PDF_EXTRACTION_FAILED — re-ingest with force, or OCR fallback"
Afrikaans Home Language,2022,1,Afrikaans,3,46,93,3,0,yes,https://www.education.gov.za/LinkClick.aspx?fileticket=TXm7d81iih0%3d&tabid=3138&portalid=0&mid=10542,https://www.education.gov.za/LinkClick.aspx?fileticket=fYHJ2uR0Bpc%3d&tabid=3138&portalid=0&mid=10542,"MEMO_PDF_EXTRACTION_FAILED — re-ingest with force, or OCR fallback"
isiNdebele Home Language,2021,2,isiNdebele,3,134,98,3,0,yes,https://www.education.gov.za/LinkClick.aspx?fileticket=3GKDnE4aHvU%3d&tabid=2837&portalid=0&mid=10516,https://www.education.gov.za/LinkClick.aspx?fileticket=1rDcmO77GDg%3d&tabid=2837&portalid=0&mid=10516,"MEMO_PDF_EXTRACTION_FAILED — re-ingest with force, or OCR fallback"
isiXhosa Home Language,2015,1,isiXhosa,3,45,93,3,0,yes,https://www.education.gov.za/LinkClick.aspx?fileticket=qAUsDbr8EhY%3d&tabid=979&portalid=0&mid=4301,https://www.education.gov.za/LinkClick.aspx?fileticket=Uz8lmN7uOiA%3d&tabid=979&portalid=0&mid=4301,"MEMO_PDF_EXTRACTION_FAILED — re-ingest with force, or OCR fallback"
Design,2022,1,English,3,12,75,3,0,yes,https://www.education.gov.za/LinkClick.aspx?fileticket=aUyhhmxaSng%3d&tabid=3138&portalid=0&mid=10563,https://www.education.gov.za/LinkClick.aspx?fileticket=7P5Sgb5bb_s%3d&tabid=3138&portalid=0&mid=10563,"MEMO_PDF_EXTRACTION_FAILED — re-ingest with force, or OCR fallback"
Geography,2024,1,Afrikaans,3,24,88,3,0,yes,https://www.education.gov.za/LinkClick.aspx?fileticket=erZNGJcH78E%3d&tabid=4933&portalid=0&mid=13140,https://www.education.gov.za/LinkClick.aspx?fileticket=7nULrSPd-Mo%3d&tabid=4933&portalid=0&mid=13140,"MEMO_PDF_EXTRACTION_FAILED — re-ingest with force, or OCR fallback"
Geography,2022,1,English,3,24,88,3,0,yes,https://www.education.gov.za/LinkClick.aspx?fileticket=KWIvkj6wdN4%3d&tabid=3138&portalid=0&mid=10568,https://www.education.gov.za/LinkClick.aspx?fileticket=ULXGk42Vm1c%3d&tabid=3138&portalid=0&mid=10568,"MEMO_PDF_EXTRACTION_FAILED — re-ingest with force, or OCR fallback"
Computer Applications Technology,2022,1,Afrikaans,3,52,94,3,0,yes,https://www.education.gov.za/LinkClick.aspx?fileticket=RVtqyUpqxqM%3d&tabid=3138&portalid=0&mid=10560,https://www.education.gov.za/LinkClick.aspx?fileticket=0ljzPeJeYgM%3d&tabid=3138&portalid=0&mid=10560,"MEMO_PDF_EXTRACTION_FAILED — re-ingest with force, or OCR fallback"
Afrikaans First Additional Language,2025,2,Afrikaans,3,15,80,3,0,yes,https://www.education.gov.za/LinkClick.aspx?fileticket=gcCUR4Z9VWA%3d&tabid=5475&portalid=0&mid=14211,https://www.education.gov.za/LinkClick.aspx?fileticket=kwq743mExQ8%3d&tabid=5475&portalid=0&mid=14211,"MEMO_PDF_EXTRACTION_FAILED — re-ingest with force, or OCR fallback"
isiNdebele Home Language,2016,1,isiNdebele,3,38,92,3,0,yes,https://www.education.gov.za/LinkClick.aspx?fileticket=Va4Vxg_Ti7w%3d&tabid=1000&portalid=0&mid=4415,https://www.education.gov.za/LinkClick.aspx?fileticket=wjweZdQPEr0%3d&tabid=1000&portalid=0&mid=4415,"MEMO_PDF_EXTRACTION_FAILED — re-ingest with force, or OCR fallback"
Computer Applications Technology,2015,1,English,3,67,96,3,0,yes,https://www.education.gov.za/LinkClick.aspx?fileticket=p_gabh_4Cuc%3d&tabid=979&portalid=0&mid=4275,https://www.education.gov.za/LinkClick.aspx?fileticket=xHuJDB_W3l4%3d&tabid=979&portalid=0&mid=4275,"MEMO_PDF_EXTRACTION_FAILED — re-ingest with force, or OCR fallback"
English Home Language,2020,1,English,3,32,91,3,0,yes,https://www.education.gov.za/LinkClick.aspx?fileticket=adjYmnZ_mFo%3d&tabid=2702&portalid=0&mid=10166,https://www.education.gov.za/LinkClick.aspx?fileticket=s-o6tHuP6bg%3d&tabid=2702&portalid=0&mid=10166,"MEMO_PDF_EXTRACTION_FAILED — re-ingest with force, or OCR fallback"
Information Technology,2018,1,Afrikaans,3,15,80,3,0,yes,https://www.education.gov.za/LinkClick.aspx?fileticket=y_2suRTkngs%3d&tabid=1920&portalid=0&mid=7593,https://www.education.gov.za/LinkClick.aspx?fileticket=tTN-02_yqTs%3d&tabid=1920&portalid=0&mid=7593,"MEMO_PDF_EXTRACTION_FAILED — re-ingest with force, or OCR fallback"
isiNdebele Home Language,2023,1,isiNdebele,3,43,93,3,0,yes,https://www.education.gov.za/LinkClick.aspx?fileticket=90rDdBrsH5o%3d&tabid=4504&portalid=0&mid=12285,https://www.education.gov.za/LinkClick.aspx?fileticket=7oC3bGEx9tE%3d&tabid=4504&portalid=0&mid=12285,"MEMO_PDF_EXTRACTION_FAILED — re-ingest with force, or OCR fallback"
Accounting,2025,2,English,3,32,91,3,0,yes,https://www.education.gov.za/LinkClick.aspx?fileticket=_NiVKA35ows%3d&tabid=5475&portalid=0&mid=14224,https://www.education.gov.za/LinkClick.aspx?fileticket=Qiod0_efTHk%3d&tabid=5475&portalid=0&mid=14224,"MEMO_PDF_EXTRACTION_FAILED — re-ingest with force, or OCR fallback"
Sepedi First Additional Language,2018,1,Sepedi,3,10,70,3,0,yes,https://www.education.gov.za/LinkClick.aspx?fileticket=CYQx6kIdC_I%3d&tabid=1920&portalid=0&mid=7569,https://www.education.gov.za/LinkClick.aspx?fileticket=iUu4iUqTjGE%3d&tabid=1920&portalid=0&mid=7569,"MEMO_PDF_EXTRACTION_FAILED — re-ingest with force, or OCR fallback"
English Home Language,2017,3,English,3,15,80,3,0,yes,https://www.education.gov.za/LinkClick.aspx?fileticket=VXWj1TVlnZk%3d&tabid=1686&portalid=0&mid=6733,https://www.education.gov.za/LinkClick.aspx?fileticket=7Ij5Ac08Txw%3d&tabid=1686&portalid=0&mid=6733,"MEMO_PDF_EXTRACTION_FAILED — re-ingest with force, or OCR fallback"
Geography,2023,1,English,3,23,87,3,0,yes,https://www.education.gov.za/LinkClick.aspx?fileticket=OJ6BU6YJXg8%3d&tabid=4504&portalid=0&mid=12310,https://www.education.gov.za/LinkClick.aspx?fileticket=uI-XS5yctOw%3d&tabid=4504&portalid=0&mid=12310,"MEMO_PDF_EXTRACTION_FAILED — re-ingest with force, or OCR fallback"
Computer Applications Technology,2017,1,English,3,63,95,3,0,yes,https://www.education.gov.za/LinkClick.aspx?fileticket=ICNPY_OGXQg%3d&tabid=1686&portalid=0&mid=6747,https://www.education.gov.za/LinkClick.aspx?fileticket=tAi6ngoC3bM%3d&tabid=1686&portalid=0&mid=6747,"MEMO_PDF_EXTRACTION_FAILED — re-ingest with force, or OCR fallback"
Sepedi Home Language,2024,1,Sepedi,3,10,70,3,0,yes,https://www.education.gov.za/LinkClick.aspx?fileticket=V8RMQhVntrA%3d&tabid=4933&portalid=0&mid=13119,https://www.education.gov.za/LinkClick.aspx?fileticket=w-KUFZhD5Q4%3d&tabid=4933&portalid=0&mid=13119,"MEMO_PDF_EXTRACTION_FAILED — re-ingest with force, or OCR fallback"
Accounting,2018,1,Afrikaans,3,20,85,3,0,yes,https://www.education.gov.za/LinkClick.aspx?fileticket=VxtlL9-03S4%3d&tabid=1920&portalid=0&mid=7576,https://www.education.gov.za/LinkClick.aspx?fileticket=TtjBVX-Weto%3d&tabid=1920&portalid=0&mid=7576,"MEMO_PDF_EXTRACTION_FAILED — re-ingest with force, or OCR fallback"
Information Technology,2015,1,English,2,18,89,2,0,yes,https://www.education.gov.za/LinkClick.aspx?fileticket=FcoBYcaI2fQ%3d&tabid=979&portalid=0&mid=4287,https://www.education.gov.za/LinkClick.aspx?fileticket=mVDnR2F0t3A%3d&tabid=979&portalid=0&mid=4287,"MEMO_PDF_EXTRACTION_FAILED — re-ingest with force, or OCR fallback"
Accounting,2024,2,Afrikaans,2,32,94,2,0,yes,https://www.education.gov.za/LinkClick.aspx?fileticket=_wJxIdbDrPI%3d&tabid=4933&portalid=0&mid=13126,https://www.education.gov.za/LinkClick.aspx?fileticket=sZ1nWj-36Gs%3d&tabid=4933&portalid=0&mid=13126,"MEMO_PDF_EXTRACTION_FAILED — re-ingest with force, or OCR fallback"
Dramatic Arts,2017,1,English,2,28,93,2,0,yes,https://www.education.gov.za/LinkClick.aspx?fileticket=rkTW9xDyEqc%3d&tabid=1856&portalid=0&mid=7341,https://www.education.gov.za/LinkClick.aspx?fileticket=Idx-yej3Es8%3d&tabid=1856&portalid=0&mid=7341,"MEMO_PDF_EXTRACTION_FAILED — re-ingest with force, or OCR fallback"
Information Technology,2024,1,English,2,24,92,2,0,yes,https://www.education.gov.za/LinkClick.aspx?fileticket=3-zfKBCesxk%3d&tabid=4933&portalid=0&mid=13143,https://www.education.gov.za/LinkClick.aspx?fileticket=TA4f3GIP6oc%3d&tabid=4933&portalid=0&mid=13143,"MEMO_PDF_EXTRACTION_FAILED — re-ingest with force, or OCR fallback"
siSwati Home Language,2024,2,siSwati,2,101,98,2,0,yes,https://www.education.gov.za/LinkClick.aspx?fileticket=8fUPnxmw2b4%3d&tabid=4933&portalid=0&mid=13122,https://www.education.gov.za/LinkClick.aspx?fileticket=JmdneHgsbSo%3d&tabid=4933&portalid=0&mid=13122,"MEMO_PDF_EXTRACTION_FAILED — re-ingest with force, or OCR fallback"
isiNdebele Home Language,2018,3,isiNdebele,2,15,87,2,0,yes,https://www.education.gov.za/LinkClick.aspx?fileticket=3Zo97R_T9xY%3d&tabid=1920&portalid=0&mid=7566,https://www.education.gov.za/LinkClick.aspx?fileticket=cKsB1y54i-k%3d&tabid=1920&portalid=0&mid=7566,"MEMO_PDF_EXTRACTION_FAILED — re-ingest with force, or OCR fallback"
isiNdebele Home Language,2018,1,isiNdebele,2,40,95,2,0,yes,https://www.education.gov.za/LinkClick.aspx?fileticket=KVTi4chZ100%3d&tabid=1920&portalid=0&mid=7566,https://www.education.gov.za/LinkClick.aspx?fileticket=d-rLd1QktwU%3d&tabid=1920&portalid=0&mid=7566,"MEMO_PDF_EXTRACTION_FAILED — re-ingest with force, or OCR fallback"
South African Sign Language,2025,1,English,2,26,92,2,0,yes,https://www.education.gov.za/LinkClick.aspx?fileticket=0qHsvJkLXVo%3d&tabid=5742&portalid=0&mid=14817,https://www.education.gov.za/LinkClick.aspx?fileticket=bsWC5HMjBpg%3d&tabid=5742&portalid=0&mid=14817,"MEMO_PDF_EXTRACTION_FAILED — re-ingest with force, or OCR fallback"
Dramatic Arts,2023,1,Afrikaans,2,25,92,2,0,yes,https://www.education.gov.za/LinkClick.aspx?fileticket=ZEY1CrFOizg%3d&tabid=4504&portalid=0&mid=12306,https://www.education.gov.za/LinkClick.aspx?fileticket=eu2eGo9bEWo%3d&tabid=4504&portalid=0&mid=12306,"MEMO_PDF_EXTRACTION_FAILED — re-ingest with force, or OCR fallback"
Sesotho First Additional Language,2016,1,Sesotho,2,9,78,2,0,yes,https://www.education.gov.za/LinkClick.aspx?fileticket=y-ExHjDdoJg%3d&tabid=1000&portalid=0&mid=4419,https://www.education.gov.za/LinkClick.aspx?fileticket=N_Q1E5YYN84%3d&tabid=1000&portalid=0&mid=4419,"MEMO_PDF_EXTRACTION_FAILED — re-ingest with force, or OCR fallback"
Xitsonga First Additional Language,2023,1,Xitsonga,2,9,78,2,0,yes,https://www.education.gov.za/LinkClick.aspx?fileticket=AihjKpC--lo%3d&tabid=4504&portalid=0&mid=12294,https://www.education.gov.za/LinkClick.aspx?fileticket=BgPVg-V8qXw%3d&tabid=4504&portalid=0&mid=12294,"MEMO_PDF_EXTRACTION_FAILED — re-ingest with force, or OCR fallback"
English Home Language,2019,1,English,2,29,93,2,0,yes,https://www.education.gov.za/LinkClick.aspx?fileticket=F2QJ3NXism0%3d&tabid=2468&portalid=0&mid=8909,https://www.education.gov.za/LinkClick.aspx?fileticket=6wVPT2iY6KA%3d&tabid=2468&portalid=0&mid=8909,"MEMO_PDF_EXTRACTION_FAILED — re-ingest with force, or OCR fallback"
Afrikaans Home Language,2015,2,Afrikaans,2,91,98,2,0,yes,https://www.education.gov.za/LinkClick.aspx?fileticket=weG2mwiWu7M%3d&tabid=979&portalid=0&mid=4298,https://www.education.gov.za/LinkClick.aspx?fileticket=7P_uz4yxRJE%3d&tabid=979&portalid=0&mid=4298,"MEMO_PDF_EXTRACTION_FAILED — re-ingest with force, or OCR fallback"
Xitsonga First Additional Language,2021,1,Xitsonga,2,9,78,2,0,yes,https://www.education.gov.za/LinkClick.aspx?fileticket=9gd0MymEY9Q%3d&tabid=2837&portalid=0&mid=9890,https://www.education.gov.za/LinkClick.aspx?fileticket=vTgk6x2QAvA%3d&tabid=2837&portalid=0&mid=9890,"MEMO_PDF_EXTRACTION_FAILED — re-ingest with force, or OCR fallback"
Sepedi First Additional Language,2023,2,Sepedi,2,21,90,2,0,yes,https://www.education.gov.za/LinkClick.aspx?fileticket=Tk3weAkipWw%3d&tabid=4504&portalid=0&mid=12289,https://www.education.gov.za/LinkClick.aspx?fileticket=yajhHjkZOgo%3d&tabid=4504&portalid=0&mid=12289,"MEMO_PDF_EXTRACTION_FAILED — re-ingest with force, or OCR fallback"
isiNdebele Home Language,2025,1,isiNdebele,2,42,95,2,0,yes,https://www.education.gov.za/LinkClick.aspx?fileticket=X0T9htOJj-Y%3d&tabid=5475&portalid=0&mid=14213,https://www.education.gov.za/LinkClick.aspx?fileticket=S4mvIU2t-30%3d&tabid=5475&portalid=0&mid=14213,"MEMO_PDF_EXTRACTION_FAILED — re-ingest with force, or OCR fallback"
Sesotho First Additional Language,2017,3,Sesotho,2,5,60,2,0,yes,https://www.education.gov.za/LinkClick.aspx?fileticket=l4lqD7DSJhQ%3d&tabid=1686&portalid=0&mid=6738,https://www.education.gov.za/LinkClick.aspx?fileticket=-OSYicjh3bM%3d&tabid=1686&portalid=0&mid=6738,"MEMO_PDF_EXTRACTION_FAILED — re-ingest with force, or OCR fallback"
English Home Language,2025,1,English,2,36,94,2,0,yes,https://www.education.gov.za/LinkClick.aspx?fileticket=h6GXJl6Ppfo%3d&tabid=5475&portalid=0&mid=14212,https://www.education.gov.za/LinkClick.aspx?fileticket=_QxVWxsbC48%3d&tabid=5475&portalid=0&mid=14212,"MEMO_PDF_EXTRACTION_FAILED — re-ingest with force, or OCR fallback"
Religion Studies,2022,2,English,2,19,89,2,0,yes,https://www.education.gov.za/LinkClick.aspx?fileticket=226XASdPOQY%3d&tabid=3138&portalid=0&mid=10578,https://www.education.gov.za/LinkClick.aspx?fileticket=_JLXb2bypZg%3d&tabid=3138&portalid=0&mid=10578,"MEMO_PDF_EXTRACTION_FAILED — re-ingest with force, or OCR fallback"
isiXhosa First Additional Language,2023,1,isiXhosa,2,51,96,2,0,yes,https://www.education.gov.za/LinkClick.aspx?fileticket=mYPfaazPyB0%3d&tabid=4504&portalid=0&mid=12286,https://www.education.gov.za/LinkClick.aspx?fileticket=HJcJZPd_qog%3d&tabid=4504&portalid=0&mid=12286,"MEMO_PDF_EXTRACTION_FAILED — re-ingest with force, or OCR fallback"
Accounting,2020,1,Afrikaans,2,14,86,2,0,yes,https://www.education.gov.za/LinkClick.aspx?fileticket=Kl0GfT0incQ%3d&tabid=2702&portalid=0&mid=9659,https://www.education.gov.za/LinkClick.aspx?fileticket=1HKNHyG48N8%3d&tabid=2702&portalid=0&mid=9659,"MEMO_PDF_EXTRACTION_FAILED — re-ingest with force, or OCR fallback"
Information Technology,2025,1,Afrikaans,2,24,92,2,0,yes,https://www.education.gov.za/LinkClick.aspx?fileticket=hhuouiVzthc%3d&tabid=5475&portalid=0&mid=14241,https://www.education.gov.za/LinkClick.aspx?fileticket=U6vwHXatAHc%3d&tabid=5475&portalid=0&mid=14241,"MEMO_PDF_EXTRACTION_FAILED — re-ingest with force, or OCR fallback"
siSwati Home Language,2023,3,siSwati,2,14,86,2,0,yes,https://www.education.gov.za/LinkClick.aspx?fileticket=nH0yH6tC254%3d&tabid=4682&portalid=0&mid=12656,https://www.education.gov.za/LinkClick.aspx?fileticket=OhfxK5J8iUM%3d&tabid=4682&portalid=0&mid=12656,"MEMO_PDF_EXTRACTION_FAILED — re-ingest with force, or OCR fallback"
Sesotho First Additional Language,2024,2,Sesotho,2,42,95,2,0,yes,https://www.education.gov.za/LinkClick.aspx?fileticket=IGTXDpJWIAE%3d&tabid=4933&portalid=0&mid=13121,https://www.education.gov.za/LinkClick.aspx?fileticket=kSPOB7QvjbE%3d&tabid=4933&portalid=0&mid=13121,"MEMO_PDF_EXTRACTION_FAILED — re-ingest with force, or OCR fallback"
Sesotho First Additional Language,2022,1,Sesotho,2,9,78,2,0,yes,https://www.education.gov.za/LinkClick.aspx?fileticket=wP4zRpkysQc%3d&tabid=3138&portalid=0&mid=10548,https://www.education.gov.za/LinkClick.aspx?fileticket=T_F8O5ShagI%3d&tabid=3138&portalid=0&mid=10548,"MEMO_PDF_EXTRACTION_FAILED — re-ingest with force, or OCR fallback"
Afrikaans Home Language,2016,1,Afrikaans,2,35,94,2,0,yes,https://www.education.gov.za/LinkClick.aspx?fileticket=5197gn31zKw%3d&tabid=1000&portalid=0&mid=4423,https://www.education.gov.za/LinkClick.aspx?fileticket=Jj1ZIayywo0%3d&tabid=1000&portalid=0&mid=4423,"MEMO_PDF_EXTRACTION_FAILED — re-ingest with force, or OCR fallback"
English Home Language,2022,1,English,2,35,94,2,0,yes,https://www.education.gov.za/LinkClick.aspx?fileticket=aHTE1Cat0Og%3d&tabid=3138&portalid=0&mid=10543,https://www.education.gov.za/LinkClick.aspx?fileticket=wDQObgjFvNs%3d&tabid=3138&portalid=0&mid=10543,"MEMO_PDF_EXTRACTION_FAILED — re-ingest with force, or OCR fallback"
Music,2024,2,English,2,52,96,2,0,yes,https://www.education.gov.za/LinkClick.aspx?fileticket=3rpVc-_YX40%3d&tabid=4933&portalid=0&mid=13148,https://www.education.gov.za/LinkClick.aspx?fileticket=uLEiYYwlwII%3d&tabid=4933&portalid=0&mid=13148,"MEMO_PDF_EXTRACTION_FAILED — re-ingest with force, or OCR fallback"
isiXhosa Home Language,2015,2,isiXhosa,2,76,97,2,0,yes,https://www.education.gov.za/LinkClick.aspx?fileticket=DPuIjx9h9XM%3d&tabid=979&portalid=0&mid=4301,https://www.education.gov.za/LinkClick.aspx?fileticket=YUgG2Dcl3sU%3d&tabid=979&portalid=0&mid=4301,"MEMO_PDF_EXTRACTION_FAILED — re-ingest with force, or OCR fallback"
Information Technology,2016,1,English,2,17,88,2,0,yes,https://www.education.gov.za/LinkClick.aspx?fileticket=949yLZ_mmQ4%3d&tabid=1000&portalid=0&mid=4442,https://www.education.gov.za/LinkClick.aspx?fileticket=XEiAt6KPbOc%3d&tabid=1000&portalid=0&mid=4442,"MEMO_PDF_EXTRACTION_FAILED — re-ingest with force, or OCR fallback"
Computer Applications Technology,2025,1,English,2,51,96,2,0,yes,https://www.education.gov.za/LinkClick.aspx?fileticket=eJc9iDV5LZY%3d&tabid=5742&portalid=0&mid=14831,https://www.education.gov.za/LinkClick.aspx?fileticket=bCu7Mup4UgQ%3d&tabid=5742&portalid=0&mid=14831,"MEMO_PDF_EXTRACTION_FAILED — re-ingest with force, or OCR fallback"
Information Technology,2023,1,English,2,29,93,2,0,yes,https://www.education.gov.za/LinkClick.aspx?fileticket=IzbR64VY9mY%3d&tabid=4504&portalid=0&mid=12313,https://www.education.gov.za/LinkClick.aspx?fileticket=LmW93e496fA%3d&tabid=4504&portalid=0&mid=12313,"MEMO_PDF_EXTRACTION_FAILED — re-ingest with force, or OCR fallback"
Xitsonga First Additional Language,2025,1,Xitsonga,2,9,78,2,0,yes,https://www.education.gov.za/LinkClick.aspx?fileticket=HF8IY1vIe6s%3d&tabid=5475&portalid=0&mid=14222,https://www.education.gov.za/LinkClick.aspx?fileticket=grI55oS9AfQ%3d&tabid=5475&portalid=0&mid=14222,"MEMO_PDF_EXTRACTION_FAILED — re-ingest with force, or OCR fallback"
Accounting,2020,1,English,2,14,86,2,0,yes,https://www.education.gov.za/LinkClick.aspx?fileticket=T328oA3GD1Q%3d&tabid=2702&portalid=0&mid=9659,https://www.education.gov.za/LinkClick.aspx?fileticket=yY1IDPjkPA0%3d&tabid=2702&portalid=0&mid=9659,"MEMO_PDF_EXTRACTION_FAILED — re-ingest with force, or OCR fallback"
Setswana Home Language,2023,1,Setswana,2,42,95,2,0,yes,https://www.education.gov.za/LinkClick.aspx?fileticket=g4SykchENNw%3d&tabid=4504&portalid=0&mid=12290,https://www.education.gov.za/LinkClick.aspx?fileticket=L5HiWx2OYrc%3d&tabid=4504&portalid=0&mid=12290,"MEMO_PDF_EXTRACTION_FAILED — re-ingest with force, or OCR fallback"
isiNdebele Second Additional Language,2023,1,isiNdebele,2,49,96,2,0,yes,https://www.education.gov.za/LinkClick.aspx?fileticket=2XM-8nxRgss%3d&tabid=4682&portalid=0&mid=12649,https://www.education.gov.za/LinkClick.aspx?fileticket=rjAv1FjRijg%3d&tabid=4682&portalid=0&mid=12649,"MEMO_PDF_EXTRACTION_FAILED — re-ingest with force, or OCR fallback"
Xitsonga First Additional Language,2017,1,Xitsonga,2,9,78,2,0,yes,https://www.education.gov.za/LinkClick.aspx?fileticket=2Q5KryNFpx0%3d&tabid=1686&portalid=0&mid=6742,https://www.education.gov.za/LinkClick.aspx?fileticket=dyhmxrOrpo0%3d&tabid=1686&portalid=0&mid=6742,"MEMO_PDF_EXTRACTION_FAILED — re-ingest with force, or OCR fallback"
Information Technology,2024,1,Afrikaans,2,23,91,2,0,yes,https://www.education.gov.za/LinkClick.aspx?fileticket=lGPdgoevFLE%3d&tabid=4933&portalid=0&mid=13143,https://www.education.gov.za/LinkClick.aspx?fileticket=rNHAdxSJ-yg%3d&tabid=4933&portalid=0&mid=13143,"MEMO_PDF_EXTRACTION_FAILED — re-ingest with force, or OCR fallback"
Information Technology,2017,1,Afrikaans,2,17,88,2,0,yes,https://www.education.gov.za/LinkClick.aspx?fileticket=94O_ifv8Yc8%3d&tabid=1686&portalid=0&mid=6751,https://www.education.gov.za/LinkClick.aspx?fileticket=dL4pzmX_frY%3d&tabid=1686&portalid=0&mid=6751,"MEMO_PDF_EXTRACTION_FAILED — re-ingest with force, or OCR fallback"
isiXhosa First Additional Language,2022,1,isiXhosa,2,50,96,2,0,yes,https://www.education.gov.za/LinkClick.aspx?fileticket=cjhqGf-W3Lk%3d&tabid=3138&portalid=0&mid=10545,https://www.education.gov.za/LinkClick.aspx?fileticket=yG31Hf6HjAk%3d&tabid=3138&portalid=0&mid=10545,"MEMO_PDF_EXTRACTION_FAILED — re-ingest with force, or OCR fallback"
Sepedi First Additional Language,2019,1,Sepedi,2,9,78,2,0,yes,https://www.education.gov.za/LinkClick.aspx?fileticket=qMtvD7Ol0Xo%3d&tabid=2468&portalid=0&mid=8914,https://www.education.gov.za/LinkClick.aspx?fileticket=Jg0-u2OiQnA%3d&tabid=2468&portalid=0&mid=8914,"MEMO_PDF_EXTRACTION_FAILED — re-ingest with force, or OCR fallback"
Religion Studies,2022,2,Afrikaans,2,19,89,2,0,yes,https://www.education.gov.za/LinkClick.aspx?fileticket=cyuxkqcPlyg%3d&tabid=3138&portalid=0&mid=10578,https://www.education.gov.za/LinkClick.aspx?fileticket=QKkIN5yBEuI%3d&tabid=3138&portalid=0&mid=10578,"MEMO_PDF_EXTRACTION_FAILED — re-ingest with force, or OCR fallback"
Economics,2024,2,English,2,74,97,2,0,yes,https://www.education.gov.za/LinkClick.aspx?fileticket=ycwjOX_2sjE%3d&tabid=4933&portalid=0&mid=13137,https://www.education.gov.za/LinkClick.aspx?fileticket=f-MnflllTHs%3d&tabid=4933&portalid=0&mid=13137,"MEMO_PDF_EXTRACTION_FAILED — re-ingest with force, or OCR fallback"
Sepedi First Additional Language,2015,1,Sepedi,2,9,78,2,0,yes,https://www.education.gov.za/LinkClick.aspx?fileticket=lcWWe5oQJVY%3d&tabid=979&portalid=0&mid=4303,https://www.education.gov.za/LinkClick.aspx?fileticket=oTobqxcTZqc%3d&tabid=979&portalid=0&mid=4303,"MEMO_PDF_EXTRACTION_FAILED — re-ingest with force, or OCR fallback"
Dramatic Arts,2017,1,Afrikaans,2,28,93,2,0,yes,https://www.education.gov.za/LinkClick.aspx?fileticket=MggpkQc8KAs%3d&tabid=1856&portalid=0&mid=7341,https://www.education.gov.za/LinkClick.aspx?fileticket=_CfHpVYlidI%3d&tabid=1856&portalid=0&mid=7341,"MEMO_PDF_EXTRACTION_FAILED — re-ingest with force, or OCR fallback"
English Home Language,2023,1,English,2,31,94,2,0,yes,https://www.education.gov.za/LinkClick.aspx?fileticket=GOutAK_AT-c%3d&tabid=4504&portalid=0&mid=12284,https://www.education.gov.za/LinkClick.aspx?fileticket=SrqTjxDGb78%3d&tabid=4504&portalid=0&mid=12284,"MEMO_PDF_EXTRACTION_FAILED — re-ingest with force, or OCR fallback"
Religion Studies,2016,2,Afrikaans,2,17,88,2,0,yes,https://www.education.gov.za/LinkClick.aspx?fileticket=Jx0MVGya5Ys%3d&tabid=1000&portalid=0&mid=4403,https://www.education.gov.za/LinkClick.aspx?fileticket=qlHuGuh2g1M%3d&tabid=1000&portalid=0&mid=4403,"MEMO_PDF_EXTRACTION_FAILED — re-ingest with force, or OCR fallback"
Information Technology,2023,1,Afrikaans,2,28,93,2,0,yes,https://www.education.gov.za/LinkClick.aspx?fileticket=XLCji87fFUQ%3d&tabid=4504&portalid=0&mid=12313,https://www.education.gov.za/LinkClick.aspx?fileticket=ZYdyz_V49To%3d&tabid=4504&portalid=0&mid=12313,"MEMO_PDF_EXTRACTION_FAILED — re-ingest with force, or OCR fallback"
Sepedi Home Language,2022,1,Sepedi,2,9,78,2,0,yes,https://www.education.gov.za/LinkClick.aspx?fileticket=RQYyQYTZqp4%3d&tabid=3138&portalid=0&mid=10547,https://www.education.gov.za/LinkClick.aspx?fileticket=LhmLJdZ08_k%3d&tabid=3138&portalid=0&mid=10547,"MEMO_PDF_EXTRACTION_FAILED — re-ingest with force, or OCR fallback"
isiNdebele Home Language,2021,1,isiNdebele,2,45,96,2,0,yes,https://www.education.gov.za/LinkClick.aspx?fileticket=wTgNoHOjf8M%3d&tabid=2837&portalid=0&mid=10516,https://www.education.gov.za/LinkClick.aspx?fileticket=r16fjhSgGmE%3d&tabid=2837&portalid=0&mid=10516,"MEMO_PDF_EXTRACTION_FAILED — re-ingest with force, or OCR fallback"
isiZulu Home Language,2015,1,isiZulu,2,34,94,2,0,yes,https://www.education.gov.za/LinkClick.aspx?fileticket=reM_S1qa_e4%3d&tabid=979&portalid=0&mid=4302,https://www.education.gov.za/LinkClick.aspx?fileticket=bzyX4auYAsU%3d&tabid=979&portalid=0&mid=4302,"MEMO_PDF_EXTRACTION_FAILED — re-ingest with force, or OCR fallback"
Afrikaans Home Language,2023,1,Afrikaans,2,40,95,2,0,yes,https://www.education.gov.za/LinkClick.aspx?fileticket=nw9xQ54CLac%3d&tabid=4504&portalid=0&mid=12283,https://www.education.gov.za/LinkClick.aspx?fileticket=TKz3shJ72Sg%3d&tabid=4504&portalid=0&mid=12283,"MEMO_PDF_EXTRACTION_FAILED — re-ingest with force, or OCR fallback"
isiNdebele Home Language,2019,3,isiNdebele,2,15,87,2,0,yes,https://www.education.gov.za/LinkClick.aspx?fileticket=_c4aD15TkgQ%3d&tabid=2468&portalid=0&mid=8910,https://www.education.gov.za/LinkClick.aspx?fileticket=o2EhbFAhzIo%3d&tabid=2468&portalid=0&mid=8910,"MEMO_PDF_EXTRACTION_FAILED — re-ingest with force, or OCR fallback"
Xitsonga First Additional Language,2022,1,Xitsonga,2,9,78,2,0,yes,https://www.education.gov.za/LinkClick.aspx?fileticket=gA_OGviK6Ro%3d&tabid=3138&portalid=0&mid=10552,https://www.education.gov.za/LinkClick.aspx?fileticket=nN6vR-_59C8%3d&tabid=3138&portalid=0&mid=10552,"MEMO_PDF_EXTRACTION_FAILED — re-ingest with force, or OCR fallback"
Accounting,2020,2,Afrikaans,2,33,94,2,0,yes,https://www.education.gov.za/LinkClick.aspx?fileticket=HIp_HsfpkuA%3d&tabid=2702&portalid=0&mid=9612,https://www.education.gov.za/LinkClick.aspx?fileticket=ldeFWyZKuxY%3d&tabid=2702&portalid=0&mid=9612,"MEMO_PDF_EXTRACTION_FAILED — re-ingest with force, or OCR fallback"
Information Technology,2025,1,English,2,25,92,2,0,yes,https://www.education.gov.za/LinkClick.aspx?fileticket=SzA5RXxVvAM%3d&tabid=5475&portalid=0&mid=14241,https://www.education.gov.za/LinkClick.aspx?fileticket=JquUx5WmpBM%3d&tabid=5475&portalid=0&mid=14241,"MEMO_PDF_EXTRACTION_FAILED — re-ingest with force, or OCR fallback"
Information Technology,2017,1,English,2,17,88,2,0,yes,https://www.education.gov.za/LinkClick.aspx?fileticket=UHDRQOAvKHQ%3d&tabid=1686&portalid=0&mid=6751,https://www.education.gov.za/LinkClick.aspx?fileticket=o7MOTX4fizA%3d&tabid=1686&portalid=0&mid=6751,"MEMO_PDF_EXTRACTION_FAILED — re-ingest with force, or OCR fallback"
isiNdebele Home Language,2018,2,isiNdebele,2,128,98,2,0,yes,https://www.education.gov.za/LinkClick.aspx?fileticket=doGaCRn6xmk%3d&tabid=1920&portalid=0&mid=7566,https://www.education.gov.za/LinkClick.aspx?fileticket=66-xoMfGCNk%3d&tabid=1920&portalid=0&mid=7566,"MEMO_PDF_EXTRACTION_FAILED — re-ingest with force, or OCR fallback"
Computer Applications Technology,2018,1,Afrikaans,2,63,97,2,0,yes,https://www.education.gov.za/LinkClick.aspx?fileticket=eNi0eluuckE%3d&tabid=1920&portalid=0&mid=7582,https://www.education.gov.za/LinkClick.aspx?fileticket=Eg924C4yql0%3d&tabid=1920&portalid=0&mid=7582,"MEMO_PDF_EXTRACTION_FAILED — re-ingest with force, or OCR fallback"
Sepedi First Additional Language,2020,1,Sepedi,2,10,80,2,0,yes,https://www.education.gov.za/LinkClick.aspx?fileticket=WSgXB64KIvI%3d&tabid=2702&portalid=0&mid=10164,https://www.education.gov.za/LinkClick.aspx?fileticket=Ccoqp97EpEo%3d&tabid=2702&portalid=0&mid=10164,"MEMO_PDF_EXTRACTION_FAILED — re-ingest with force, or OCR fallback"
isiZulu Home Language,2025,1,isiZulu,2,35,94,2,0,yes,https://www.education.gov.za/LinkClick.aspx?fileticket=7gEEu0WIESw%3d&tabid=5475&portalid=0&mid=14215,https://www.education.gov.za/LinkClick.aspx?fileticket=DzWyCrOK7D8%3d&tabid=5475&portalid=0&mid=14215,"MEMO_PDF_EXTRACTION_FAILED — re-ingest with force, or OCR fallback"
Afrikaans Home Language,2019,1,Afrikaans,2,38,95,2,0,yes,https://www.education.gov.za/LinkClick.aspx?fileticket=utCXH34iEBw%3d&tabid=2468&portalid=0&mid=8904,https://www.education.gov.za/LinkClick.aspx?fileticket=5Xo51eiY8wU%3d&tabid=2468&portalid=0&mid=8904,"MEMO_PDF_EXTRACTION_FAILED — re-ingest with force, or OCR fallback"
Religion Studies,2016,2,English,2,17,88,2,0,yes,https://www.education.gov.za/LinkClick.aspx?fileticket=xWnBxvfpaFo%3d&tabid=1000&portalid=0&mid=4403,https://www.education.gov.za/LinkClick.aspx?fileticket=x5xYJUfuBKM%3d&tabid=1000&portalid=0&mid=4403,"MEMO_PDF_EXTRACTION_FAILED — re-ingest with force, or OCR fallback"
Sesotho First Additional Language,2019,3,Sesotho,2,5,60,2,0,yes,https://www.education.gov.za/LinkClick.aspx?fileticket=LOdz0YO_n30%3d&tabid=2468&portalid=0&mid=8915,https://www.education.gov.za/LinkClick.aspx?fileticket=zOsyWjccY3A%3d&tabid=2468&portalid=0&mid=8915,"MEMO_PDF_EXTRACTION_FAILED — re-ingest with force, or OCR fallback"
isiXhosa First Additional Language,2016,1,isiXhosa,2,46,96,2,0,yes,https://www.education.gov.za/LinkClick.aspx?fileticket=yg74HeznkvQ%3d&tabid=1000&portalid=0&mid=4416,https://www.education.gov.za/LinkClick.aspx?fileticket=8nG15NM5rGQ%3d&tabid=1000&portalid=0&mid=4416,"MEMO_PDF_EXTRACTION_FAILED — re-ingest with force, or OCR fallback"
isiXhosa First Additional Language,2025,1,isiXhosa,2,44,95,2,0,yes,https://www.education.gov.za/LinkClick.aspx?fileticket=72_3iAQTFSs%3d&tabid=5475&portalid=0&mid=14214,https://www.education.gov.za/LinkClick.aspx?fileticket=2T_AsQqGjdY%3d&tabid=5475&portalid=0&mid=14214,"MEMO_PDF_EXTRACTION_FAILED — re-ingest with force, or OCR fallback"
Computer Applications Technology,2018,1,English,2,63,97,2,0,yes,https://www.education.gov.za/LinkClick.aspx?fileticket=x8ix4nSG6w0%3d&tabid=1920&portalid=0&mid=7582,https://www.education.gov.za/LinkClick.aspx?fileticket=3vAjR3CN99Y%3d&tabid=1920&portalid=0&mid=7582,"MEMO_PDF_EXTRACTION_FAILED — re-ingest with force, or OCR fallback"
Afrikaans Home Language,2017,2,Afrikaans,2,93,98,2,0,yes,https://www.education.gov.za/LinkClick.aspx?fileticket=8Alx8he5KY0%3d&tabid=1686&portalid=0&mid=6732,https://www.education.gov.za/LinkClick.aspx?fileticket=34Nk-4tEgPk%3d&tabid=1686&portalid=0&mid=6732,"MEMO_PDF_EXTRACTION_FAILED — re-ingest with force, or OCR fallback"
Computer Applications Technology,2025,1,Afrikaans,2,51,96,2,0,yes,https://www.education.gov.za/LinkClick.aspx?fileticket=yoJAx65WDNc%3d&tabid=5742&portalid=0&mid=14831,https://www.education.gov.za/LinkClick.aspx?fileticket=fbRSLIgenIk%3d&tabid=5742&portalid=0&mid=14831,"MEMO_PDF_EXTRACTION_FAILED — re-ingest with force, or OCR fallback"
Sesotho First Additional Language,2025,1,Sesotho,2,9,78,2,0,yes,https://www.education.gov.za/LinkClick.aspx?fileticket=BaVMEa9VXDQ%3d&tabid=5475&portalid=0&mid=14219,https://www.education.gov.za/LinkClick.aspx?fileticket=ej5h9WgN2GY%3d&tabid=5475&portalid=0&mid=14219,"MEMO_PDF_EXTRACTION_FAILED — re-ingest with force, or OCR fallback"
Sepedi Second Additional Language,2020,1,Sepedi,2,9,78,2,0,yes,https://www.education.gov.za/LinkClick.aspx?fileticket=Cqjt0vNTWy4%3d&tabid=2702&portalid=0&mid=10164,https://www.education.gov.za/LinkClick.aspx?fileticket=JLhBNU04YlA%3d&tabid=2702&portalid=0&mid=10164,"MEMO_PDF_EXTRACTION_FAILED — re-ingest with force, or OCR fallback"
Dramatic Arts,2023,1,English,2,25,92,2,0,yes,https://www.education.gov.za/LinkClick.aspx?fileticket=aVNwTJ4OiKw%3d&tabid=4504&portalid=0&mid=12306,https://www.education.gov.za/LinkClick.aspx?fileticket=wb870EGwHc8%3d&tabid=4504&portalid=0&mid=12306,"MEMO_PDF_EXTRACTION_FAILED — re-ingest with force, or OCR fallback"
Sepedi First Additional Language,2022,2,Sepedi,1,23,96,1,0,yes,https://www.education.gov.za/LinkClick.aspx?fileticket=SN-BckqGWQU%3d&tabid=3138&portalid=0&mid=10547,https://www.education.gov.za/LinkClick.aspx?fileticket=UoUlLmfSFsU%3d&tabid=3138&portalid=0&mid=10547,"MEMO_PDF_EXTRACTION_FAILED — re-ingest with force, or OCR fallback"
Mathematics,2024,1,Afrikaans,1,1,0,0,1,yes,https://www.education.gov.za/LinkClick.aspx?fileticket=BWwysjsPSXs%3d&tabid=4933&portalid=0&mid=13146,,MEMO_IN_CATALOG_NOT_LINKED — re-ingest with force to re-pair
isiXhosa First Additional Language,2017,3,isiXhosa,1,16,94,1,0,yes,https://www.education.gov.za/LinkClick.aspx?fileticket=Ir6mxiDyJ_s%3d&tabid=1686&portalid=0&mid=6735,https://www.education.gov.za/LinkClick.aspx?fileticket=GG3KN-rZ9WM%3d&tabid=1686&portalid=0&mid=6735,"MEMO_PDF_EXTRACTION_FAILED — re-ingest with force, or OCR fallback"
English Home Language,2024,1,English,1,34,97,1,0,yes,https://www.education.gov.za/LinkClick.aspx?fileticket=fl8gugXucjI%3d&tabid=4933&portalid=0&mid=13114,https://www.education.gov.za/LinkClick.aspx?fileticket=aCcFHgEzz4Q%3d&tabid=4933&portalid=0&mid=13114,"MEMO_PDF_EXTRACTION_FAILED — re-ingest with force, or OCR fallback"
Design,2024,1,Afrikaans,1,11,91,1,0,yes,https://www.education.gov.za/LinkClick.aspx?fileticket=zlnu-RF9VYE%3d&tabid=4933&portalid=0&mid=13135,https://www.education.gov.za/LinkClick.aspx?fileticket=J1OVv3CnzDE%3d&tabid=4933&portalid=0&mid=13135,"MEMO_PDF_EXTRACTION_FAILED — re-ingest with force, or OCR fallback"
English Home Language,2016,2,English,1,63,98,1,0,yes,https://www.education.gov.za/LinkClick.aspx?fileticket=cgiNTwzlvYo%3d&tabid=1000&portalid=0&mid=4414,https://www.education.gov.za/LinkClick.aspx?fileticket=esee165nCxk%3d&tabid=1000&portalid=0&mid=4414,"MEMO_PDF_EXTRACTION_FAILED — re-ingest with force, or OCR fallback"
isiXhosa Home Language,2022,3,isiXhosa,1,15,93,1,0,yes,https://www.education.gov.za/LinkClick.aspx?fileticket=XDuMYAmaEJA%3d&tabid=3138&portalid=0&mid=10545,https://www.education.gov.za/LinkClick.aspx?fileticket=J9BPXcPVm4s%3d&tabid=3138&portalid=0&mid=10545,MEMO_NOT_PUBLISHED_BY_DBE — portfolio/practical submission assessed by embedded rubric; no memo PDF exists
isiXhosa First Additional Language,2021,3,isiXhosa,1,16,94,1,0,yes,https://www.education.gov.za/LinkClick.aspx?fileticket=gBguNsKE7yE%3d&tabid=2837&portalid=0&mid=10517,https://www.education.gov.za/LinkClick.aspx?fileticket=tD5gq0Phm9U%3d&tabid=2837&portalid=0&mid=10517,"MEMO_PDF_EXTRACTION_FAILED — re-ingest with force, or OCR fallback"
Mathematics,2020,1,Afrikaans,1,1,0,0,1,yes,https://www.education.gov.za/LinkClick.aspx?fileticket=Pva8knyVfSI%3d&tabid=2702&portalid=0&mid=9632,,MEMO_IN_CATALOG_NOT_LINKED — re-ingest with force to re-pair
Setswana Home Language,2025,3,Setswana,1,14,93,1,0,yes,https://www.education.gov.za/LinkClick.aspx?fileticket=cIqD9rFq94w%3d&tabid=5475&portalid=0&mid=14218,https://www.education.gov.za/LinkClick.aspx?fileticket=CVenm-j-KmM%3d&tabid=5475&portalid=0&mid=14218,"MEMO_PDF_EXTRACTION_FAILED — re-ingest with force, or OCR fallback"
Dramatic Arts,2019,1,Afrikaans,1,19,95,1,0,yes,https://www.education.gov.za/LinkClick.aspx?fileticket=ER5FUvdRjVM%3d&tabid=2468&portalid=0&mid=8906,https://www.education.gov.za/LinkClick.aspx?fileticket=IC4Mz9JpEWY%3d&tabid=2468&portalid=0&mid=8906,"MEMO_PDF_EXTRACTION_FAILED — re-ingest with force, or OCR fallback"
isiXhosa First Additional Language,2022,3,isiXhosa,1,17,94,1,0,yes,https://www.education.gov.za/LinkClick.aspx?fileticket=TdmCKajgoMM%3d&tabid=3138&portalid=0&mid=10545,https://www.education.gov.za/LinkClick.aspx?fileticket=kCVQAxaB0WU%3d&tabid=3138&portalid=0&mid=10545,"MEMO_PDF_EXTRACTION_FAILED — re-ingest with force, or OCR fallback"
Mathematics,2023,1,Afrikaans,1,1,0,0,1,yes,https://www.education.gov.za/LinkClick.aspx?fileticket=nVAzvZTmyHA%3d&tabid=4504&portalid=0&mid=12317,,MEMO_IN_CATALOG_NOT_LINKED — re-ingest with force to re-pair
Visual Arts,2025,2,Afrikaans,1,1,0,0,1,no,https://www.education.gov.za/LinkClick.aspx?fileticket=0MzzrdYio_E%3d&tabid=5742&portalid=0&mid=14853,,MEMO_NOT_PUBLISHED_BY_DBE — portfolio/practical submission assessed by embedded rubric; no memo PDF exists
Accounting,2019,1,English,1,12,92,1,0,yes,https://www.education.gov.za/LinkClick.aspx?fileticket=mRPzVOQ_Iu4%3d&tabid=2468&portalid=0&mid=8776,https://www.education.gov.za/LinkClick.aspx?fileticket=lPPE2N5MWvA%3d&tabid=2468&portalid=0&mid=8776,"MEMO_PDF_EXTRACTION_FAILED — re-ingest with force, or OCR fallback"
Dramatic Arts,2021,1,Afrikaans,1,23,96,1,0,yes,https://www.education.gov.za/LinkClick.aspx?fileticket=fRyT3Mp7UsY%3d&tabid=2837&portalid=0&mid=9905,https://www.education.gov.za/LinkClick.aspx?fileticket=bT-lFlimosw%3d&tabid=2837&portalid=0&mid=9905,"MEMO_PDF_EXTRACTION_FAILED — re-ingest with force, or OCR fallback"
Visual Arts,2023,2,English,1,8,88,1,0,yes,https://www.education.gov.za/LinkClick.aspx?fileticket=ZHGkvjzBhvk%3d&tabid=4682&portalid=0&mid=12690,https://www.education.gov.za/LinkClick.aspx?fileticket=tm7h0Rbgb1w%3d&tabid=4682&portalid=0&mid=12690,"MEMO_PDF_EXTRACTION_FAILED — re-ingest with force, or OCR fallback"
Tshivenda First Additional Language,2019,3,Tshivenda,1,16,94,1,0,yes,https://www.education.gov.za/LinkClick.aspx?fileticket=bvsTAWL4vic%3d&tabid=2468&portalid=0&mid=8921,https://www.education.gov.za/LinkClick.aspx?fileticket=4yzTsyeG9U8%3d&tabid=2468&portalid=0&mid=8921,"MEMO_PDF_EXTRACTION_FAILED — re-ingest with force, or OCR fallback"
Tshivenda First Additional Language,2017,3,Tshivenda,1,16,94,1,0,yes,https://www.education.gov.za/LinkClick.aspx?fileticket=lSLHpfHHIBY%3d&tabid=1686&portalid=0&mid=6741,https://www.education.gov.za/LinkClick.aspx?fileticket=Rb5NgDrI5Ew%3d&tabid=1686&portalid=0&mid=6741,"MEMO_PDF_EXTRACTION_FAILED — re-ingest with force, or OCR fallback"
Mathematical Literacy,2020,1,Afrikaans,1,1,0,0,1,yes,https://www.education.gov.za/LinkClick.aspx?fileticket=M8OtsUm_uIs%3d&tabid=2702&portalid=0&mid=9631,,MEMO_IN_CATALOG_NOT_LINKED — re-ingest with force to re-pair
Setswana Home Language,2018,3,Setswana,1,15,93,1,0,yes,https://www.education.gov.za/LinkClick.aspx?fileticket=0bKBYQ1GvSY%3d&tabid=1920&portalid=0&mid=7571,https://www.education.gov.za/LinkClick.aspx?fileticket=8UlarZP2dnw%3d&tabid=1920&portalid=0&mid=7571,"MEMO_PDF_EXTRACTION_FAILED — re-ingest with force, or OCR fallback"
Visual Arts,2022,1,Afrikaans,1,15,93,1,0,yes,https://www.education.gov.za/LinkClick.aspx?fileticket=oXcbHSRPWsw%3d&tabid=3138&portalid=0&mid=10582,https://www.education.gov.za/LinkClick.aspx?fileticket=fvD-XB68Ue4%3d&tabid=3138&portalid=0&mid=10582,"MEMO_PDF_EXTRACTION_FAILED — re-ingest with force, or OCR fallback"
Afrikaans Home Language,2018,3,Afrikaans,1,15,93,1,0,yes,https://www.education.gov.za/LinkClick.aspx?fileticket=D_AR5j7UCKQ%3d&tabid=1920&portalid=0&mid=7564,https://www.education.gov.za/LinkClick.aspx?fileticket=YO2r8hsLslw%3d&tabid=1920&portalid=0&mid=7564,"MEMO_PDF_EXTRACTION_FAILED — re-ingest with force, or OCR fallback"
Setswana Home Language,2017,2,Setswana,1,113,99,1,0,yes,https://www.education.gov.za/LinkClick.aspx?fileticket=M0cFhDLeD-A%3d&tabid=1856&portalid=0&mid=8613,https://www.education.gov.za/LinkClick.aspx?fileticket=cFE62zZToHM%3d&tabid=1856&portalid=0&mid=8613,"MEMO_PDF_EXTRACTION_FAILED — re-ingest with force, or OCR fallback"
Visual Arts,2025,2,English,1,1,0,0,1,no,https://www.education.gov.za/LinkClick.aspx?fileticket=bD99Ur3qZJo%3d&tabid=5742&portalid=0&mid=14853,,MEMO_NOT_PUBLISHED_BY_DBE — portfolio/practical submission assessed by embedded rubric; no memo PDF exists
isiZulu Home Language,2018,1,isiZulu,1,35,97,1,0,yes,https://www.education.gov.za/LinkClick.aspx?fileticket=oIOzrKBaHg4%3d&tabid=1920&portalid=0&mid=7568,https://www.education.gov.za/LinkClick.aspx?fileticket=n7Y1672x4wY%3d&tabid=1920&portalid=0&mid=7568,"MEMO_PDF_EXTRACTION_FAILED — re-ingest with force, or OCR fallback"
Mathematical Literacy,2022,1,Afrikaans,1,1,0,0,1,yes,https://www.education.gov.za/LinkClick.aspx?fileticket=yOB4aEZ4qEw%3d&tabid=3138&portalid=0&mid=10573,,MEMO_IN_CATALOG_NOT_LINKED — re-ingest with force to re-pair
Visual Arts,2015,2,English,1,1,0,0,1,no,https://www.education.gov.za/LinkClick.aspx?fileticket=bzVD7DyKbJ8%3d&tabid=979&portalid=0&mid=4296,,MEMO_NOT_PUBLISHED_BY_DBE — portfolio/practical submission assessed by embedded rubric; no memo PDF exists
Setswana Home Language,2023,3,Setswana,1,14,93,1,0,yes,https://www.education.gov.za/LinkClick.aspx?fileticket=uNcK4wR2S1s%3d&tabid=4504&portalid=0&mid=12290,https://www.education.gov.za/LinkClick.aspx?fileticket=aDaXqNlutBs%3d&tabid=4504&portalid=0&mid=12290,"MEMO_PDF_EXTRACTION_FAILED — re-ingest with force, or OCR fallback"
isiNdebele Home Language,2016,3,isiNdebele,1,13,92,1,0,yes,https://www.education.gov.za/LinkClick.aspx?fileticket=AOqY6CP9l7Y%3d&tabid=1000&portalid=0&mid=4415,https://www.education.gov.za/LinkClick.aspx?fileticket=ei_7u4fwNBY%3d&tabid=1000&portalid=0&mid=4415,"MEMO_PDF_EXTRACTION_FAILED — re-ingest with force, or OCR fallback"
Mathematics,2018,1,Afrikaans,1,1,0,0,1,yes,https://www.education.gov.za/LinkClick.aspx?fileticket=PIdxSFuNPcQ%3d&tabid=1920&portalid=0&mid=7595,,MEMO_IN_CATALOG_NOT_LINKED — re-ingest with force to re-pair
Mathematics,2016,2,Afrikaans,1,1,0,0,1,yes,https://www.education.gov.za/LinkClick.aspx?fileticket=ceRJqXKF2Tk%3d&tabid=1000&portalid=0&mid=4409,,MEMO_IN_CATALOG_NOT_LINKED — re-ingest with force to re-pair
Accounting,2022,1,Afrikaans,1,24,96,1,0,yes,https://www.education.gov.za/LinkClick.aspx?fileticket=IGokQb_vBxY%3d&tabid=3138&portalid=0&mid=10554,https://www.education.gov.za/LinkClick.aspx?fileticket=yymII3Cg1Ts%3d&tabid=3138&portalid=0&mid=10554,"MEMO_PDF_EXTRACTION_FAILED — re-ingest with force, or OCR fallback"
Mathematics,2015,2,Afrikaans,1,1,0,0,1,yes,https://www.education.gov.za/LinkClick.aspx?fileticket=nLZImwmPnRs%3d&tabid=979&portalid=0&mid=4289,,MEMO_IN_CATALOG_NOT_LINKED — re-ingest with force to re-pair
Mathematics,2024,2,Afrikaans,1,1,0,0,1,yes,https://www.education.gov.za/LinkClick.aspx?fileticket=bZwYl6ijOnI%3d&tabid=4933&portalid=0&mid=13146,,MEMO_IN_CATALOG_NOT_LINKED — re-ingest with force to re-pair
isiNdebele First Additional Language,2015,3,isiNdebele,1,16,94,1,0,yes,https://www.education.gov.za/LinkClick.aspx?fileticket=ISWuf41vx84%3d&tabid=979&portalid=0&mid=4300,https://www.education.gov.za/LinkClick.aspx?fileticket=mEmm2VxG0XQ%3d&tabid=979&portalid=0&mid=4300,"MEMO_PDF_EXTRACTION_FAILED — re-ingest with force, or OCR fallback"
isiXhosa Home Language,2019,3,isiXhosa,1,15,93,1,0,yes,https://www.education.gov.za/LinkClick.aspx?fileticket=J-Jocca0Jbw%3d&tabid=2468&portalid=0&mid=8912,https://www.education.gov.za/LinkClick.aspx?fileticket=XxU03pVU2ew%3d&tabid=2468&portalid=0&mid=8912,MEMO_NOT_PUBLISHED_BY_DBE — portfolio/practical submission assessed by embedded rubric; no memo PDF exists
Mathematics,2023,2,Afrikaans,1,1,0,0,1,yes,https://www.education.gov.za/LinkClick.aspx?fileticket=wlPED3Dh0Ak%3d&tabid=4504&portalid=0&mid=12317,,MEMO_IN_CATALOG_NOT_LINKED — re-ingest with force to re-pair
Dramatic Arts,2019,1,English,1,19,95,1,0,yes,https://www.education.gov.za/LinkClick.aspx?fileticket=jup-D8AVQnE%3d&tabid=2468&portalid=0&mid=8906,https://www.education.gov.za/LinkClick.aspx?fileticket=1Gvss_ShiOg%3d&tabid=2468&portalid=0&mid=8906,"MEMO_PDF_EXTRACTION_FAILED — re-ingest with force, or OCR fallback"
Mathematics,2025,1,Afrikaans,1,1,0,0,1,yes,https://www.education.gov.za/LinkClick.aspx?fileticket=QZFBiwCKDY4%3d&tabid=5475&portalid=0&mid=14244,,MEMO_IN_CATALOG_NOT_LINKED — re-ingest with force to re-pair
isiZulu Home Language,2019,3,isiZulu,1,15,93,1,0,yes,https://www.education.gov.za/LinkClick.aspx?fileticket=d31CtYBReXo%3d&tabid=2468&portalid=0&mid=8913,https://www.education.gov.za/LinkClick.aspx?fileticket=KrySwu1sACo%3d&tabid=2468&portalid=0&mid=8913,"MEMO_PDF_EXTRACTION_FAILED — re-ingest with force, or OCR fallback"
Mathematical Literacy,2024,2,Afrikaans,1,1,0,0,1,yes,https://www.education.gov.za/LinkClick.aspx?fileticket=iXAz9_gWc_k%3d&tabid=4933&portalid=0&mid=13145,,MEMO_IN_CATALOG_NOT_LINKED — re-ingest with force to re-pair
Mathematics,2021,1,Afrikaans,1,1,0,0,1,yes,https://www.education.gov.za/LinkClick.aspx?fileticket=HvZqRqG0OLc%3d&tabid=2837&portalid=0&mid=9915,,MEMO_IN_CATALOG_NOT_LINKED — re-ingest with force to re-pair
Xitsonga First Additional Language,2020,1,Xitsonga,1,9,89,1,0,yes,https://www.education.gov.za/LinkClick.aspx?fileticket=zM574v5fJAc%3d&tabid=2702&portalid=0&mid=10159,https://www.education.gov.za/LinkClick.aspx?fileticket=7txMaAKg43E%3d&tabid=2702&portalid=0&mid=10159,"MEMO_PDF_EXTRACTION_FAILED — re-ingest with force, or OCR fallback"
Dramatic Arts,2020,1,Afrikaans,1,23,96,1,0,yes,https://www.education.gov.za/LinkClick.aspx?fileticket=88SVPZMhLCk%3d&tabid=2702&portalid=0&mid=9622,https://www.education.gov.za/LinkClick.aspx?fileticket=FsbRQAWXE90%3d&tabid=2702&portalid=0&mid=9622,"MEMO_PDF_EXTRACTION_FAILED — re-ingest with force, or OCR fallback"
isiZulu Home Language,2018,3,isiZulu,1,15,93,1,0,yes,https://www.education.gov.za/LinkClick.aspx?fileticket=R0haevhLwHs%3d&tabid=1920&portalid=0&mid=7568,https://www.education.gov.za/LinkClick.aspx?fileticket=frfUtl-93tg%3d&tabid=1920&portalid=0&mid=7568,"MEMO_PDF_EXTRACTION_FAILED — re-ingest with force, or OCR fallback"
English Home Language,2015,1,English,1,32,97,1,0,yes,https://www.education.gov.za/LinkClick.aspx?fileticket=9zNaT42q-Lc%3d&tabid=979&portalid=0&mid=4299,https://www.education.gov.za/LinkClick.aspx?fileticket=hOwPR8IPjeE%3d&tabid=979&portalid=0&mid=4299,"MEMO_PDF_EXTRACTION_FAILED — re-ingest with force, or OCR fallback"
Afrikaans Home Language,2015,1,Afrikaans,1,48,98,1,0,yes,https://www.education.gov.za/LinkClick.aspx?fileticket=fT_eZyXr8ig%3d&tabid=979&portalid=0&mid=4298,https://www.education.gov.za/LinkClick.aspx?fileticket=eyVJ08_EyQA%3d&tabid=979&portalid=0&mid=4298,"MEMO_PDF_EXTRACTION_FAILED — re-ingest with force, or OCR fallback"
Religion Studies,2019,2,Afrikaans,1,24,96,1,0,yes,https://www.education.gov.za/LinkClick.aspx?fileticket=wWYx3taZy74%3d&tabid=2468&portalid=0&mid=8942,https://www.education.gov.za/LinkClick.aspx?fileticket=NaX0G1yXTk4%3d&tabid=2468&portalid=0&mid=8942,"MEMO_PDF_EXTRACTION_FAILED — re-ingest with force, or OCR fallback"
Mathematics,2016,1,Afrikaans,1,1,0,0,1,yes,https://www.education.gov.za/LinkClick.aspx?fileticket=GLShcCSWw4Q%3d&tabid=1000&portalid=0&mid=4409,,MEMO_IN_CATALOG_NOT_LINKED — re-ingest with force to re-pair
Tshivenda First Additional Language,2019,2,Tshivenda,1,96,99,1,0,yes,https://www.education.gov.za/LinkClick.aspx?fileticket=_HI4EZbctGc%3d&tabid=2468&portalid=0&mid=8921,https://www.education.gov.za/LinkClick.aspx?fileticket=qBL_Vg7-RTA%3d&tabid=2468&portalid=0&mid=8921,"MEMO_PDF_EXTRACTION_FAILED — re-ingest with force, or OCR fallback"
Tshivenda First Additional Language,2021,3,Tshivenda,1,16,94,1,0,yes,https://www.education.gov.za/LinkClick.aspx?fileticket=JqFI8W59-3Y%3d&tabid=2837&portalid=0&mid=9950,https://www.education.gov.za/LinkClick.aspx?fileticket=zxVJUr9rVzM%3d&tabid=2837&portalid=0&mid=9950,"MEMO_PDF_EXTRACTION_FAILED — re-ingest with force, or OCR fallback"
Setswana Home Language,2024,3,Setswana,1,14,93,1,0,yes,https://www.education.gov.za/LinkClick.aspx?fileticket=cPRsPan9jmg%3d&tabid=4933&portalid=0&mid=13120,https://www.education.gov.za/LinkClick.aspx?fileticket=Pbzvgjfl660%3d&tabid=4933&portalid=0&mid=13120,"MEMO_PDF_EXTRACTION_FAILED — re-ingest with force, or OCR fallback"
Information Technology,2020,1,Afrikaans,1,7,86,1,0,yes,https://www.education.gov.za/LinkClick.aspx?fileticket=1xgZNikNru4%3d&tabid=2702&portalid=0&mid=9629,https://www.education.gov.za/LinkClick.aspx?fileticket=Cz5z-sYY9xs%3d&tabid=2702&portalid=0&mid=9629,"MEMO_PDF_EXTRACTION_FAILED — re-ingest with force, or OCR fallback"
Sesotho Second Additional Language,2025,1,Sesotho,1,6,83,1,0,yes,https://www.education.gov.za/LinkClick.aspx?fileticket=eZTMBbbwxis%3d&tabid=5475&portalid=0&mid=14219,https://www.education.gov.za/LinkClick.aspx?fileticket=Ei3IQAmWpzU%3d&tabid=5475&portalid=0&mid=14219,"MEMO_PDF_EXTRACTION_FAILED — re-ingest with force, or OCR fallback"
Mathematical Literacy,2021,1,Afrikaans,1,1,0,0,1,yes,https://www.education.gov.za/LinkClick.aspx?fileticket=QAJdKzijayM%3d&tabid=2837&portalid=0&mid=9914,,MEMO_IN_CATALOG_NOT_LINKED — re-ingest with force to re-pair
Mathematics,2020,2,Afrikaans,1,1,0,0,1,yes,https://www.education.gov.za/LinkClick.aspx?fileticket=sqawF1WlyGs%3d&tabid=2702&portalid=0&mid=9632,,MEMO_IN_CATALOG_NOT_LINKED — re-ingest with force to re-pair
Tshivenda First Additional Language,2022,3,Tshivenda,1,16,94,1,0,yes,https://www.education.gov.za/LinkClick.aspx?fileticket=ozYy0Ts55Xg%3d&tabid=3138&portalid=0&mid=10551,https://www.education.gov.za/LinkClick.aspx?fileticket=Sy8RrC5PWrM%3d&tabid=3138&portalid=0&mid=10551,"MEMO_PDF_EXTRACTION_FAILED — re-ingest with force, or OCR fallback"
Accounting,2019,1,Afrikaans,1,12,92,1,0,yes,https://www.education.gov.za/LinkClick.aspx?fileticket=nY7YzLqSJgw%3d&tabid=2468&portalid=0&mid=8776,https://www.education.gov.za/LinkClick.aspx?fileticket=VYTLik1_TPI%3d&tabid=2468&portalid=0&mid=8776,"MEMO_PDF_EXTRACTION_FAILED — re-ingest with force, or OCR fallback"
Mathematics,2017,2,Afrikaans,1,1,0,0,1,yes,https://www.education.gov.za/LinkClick.aspx?fileticket=6xJH4CGWUNU%3d&tabid=1686&portalid=0&mid=6753,,MEMO_IN_CATALOG_NOT_LINKED — re-ingest with force to re-pair
Sepedi Home Language,2023,1,Sepedi,1,8,88,1,0,yes,https://www.education.gov.za/LinkClick.aspx?fileticket=dgBacW367c0%3d&tabid=4504&portalid=0&mid=12289,https://www.education.gov.za/LinkClick.aspx?fileticket=CGFyGnRs96I%3d&tabid=4504&portalid=0&mid=12289,"MEMO_PDF_EXTRACTION_FAILED — re-ingest with force, or OCR fallback"
isiXhosa First Additional Language,2015,2,isiXhosa,1,116,99,1,0,yes,https://www.education.gov.za/LinkClick.aspx?fileticket=C3K7sAAMDzI%3d&tabid=979&portalid=0&mid=4301,https://www.education.gov.za/LinkClick.aspx?fileticket=dp5P1w7NVME%3d&tabid=979&portalid=0&mid=4301,"MEMO_PDF_EXTRACTION_FAILED — re-ingest with force, or OCR fallback"
Mathematics,2021,2,Afrikaans,1,1,0,0,1,yes,https://www.education.gov.za/LinkClick.aspx?fileticket=TOT6aHSBFak%3d&tabid=2837&portalid=0&mid=9915,,MEMO_IN_CATALOG_NOT_LINKED — re-ingest with force to re-pair
Design,2024,1,English,1,11,91,1,0,yes,https://www.education.gov.za/LinkClick.aspx?fileticket=JTwco4GA_-Y%3d&tabid=4933&portalid=0&mid=13135,https://www.education.gov.za/LinkClick.aspx?fileticket=er5eyUMmrpw%3d&tabid=4933&portalid=0&mid=13135,"MEMO_PDF_EXTRACTION_FAILED — re-ingest with force, or OCR fallback"
isiNdebele First Additional Language,2017,3,isiNdebele,1,16,94,1,0,yes,https://www.education.gov.za/LinkClick.aspx?fileticket=LK4GlmVX9p4%3d&tabid=1686&portalid=0&mid=6734,https://www.education.gov.za/LinkClick.aspx?fileticket=Zog8CHBzbN4%3d&tabid=1686&portalid=0&mid=6734,"MEMO_PDF_EXTRACTION_FAILED — re-ingest with force, or OCR fallback"
isiNdebele Home Language,2023,3,isiNdebele,1,14,93,1,0,yes,https://www.education.gov.za/LinkClick.aspx?fileticket=z1VtgKlIyYE%3d&tabid=4504&portalid=0&mid=12285,https://www.education.gov.za/LinkClick.aspx?fileticket=bXHMicHYp5Y%3d&tabid=4504&portalid=0&mid=12285,"MEMO_PDF_EXTRACTION_FAILED — re-ingest with force, or OCR fallback"
Mathematics,2015,1,Afrikaans,1,1,0,0,1,yes,https://www.education.gov.za/LinkClick.aspx?fileticket=W7qC1W3h7vc%3d&tabid=979&portalid=0&mid=4289,,MEMO_IN_CATALOG_NOT_LINKED — re-ingest with force to re-pair
Mathematical Literacy,2022,2,Afrikaans,1,1,0,0,1,yes,https://www.education.gov.za/LinkClick.aspx?fileticket=HHCef_Kew98%3d&tabid=3138&portalid=0&mid=10573,,MEMO_IN_CATALOG_NOT_LINKED — re-ingest with force to re-pair
Setswana Home Language,2022,3,Setswana,1,15,93,1,0,yes,https://www.education.gov.za/LinkClick.aspx?fileticket=xS-Dvg6X6Bw%3d&tabid=3138&portalid=0&mid=10549,https://www.education.gov.za/LinkClick.aspx?fileticket=dCJkVSxKrBg%3d&tabid=3138&portalid=0&mid=10549,"MEMO_PDF_EXTRACTION_FAILED — re-ingest with force, or OCR fallback"
Mathematical Literacy,2021,2,Afrikaans,1,1,0,0,1,yes,https://www.education.gov.za/LinkClick.aspx?fileticket=k0LpOX1uN5I%3d&tabid=2837&portalid=0&mid=9914,,MEMO_IN_CATALOG_NOT_LINKED — re-ingest with force to re-pair
Visual Arts,2024,1,Afrikaans,1,17,94,1,0,yes,https://www.education.gov.za/LinkClick.aspx?fileticket=pwGNdPQdPjU%3d&tabid=5193&portalid=0&mid=13733,https://www.education.gov.za/LinkClick.aspx?fileticket=nc-klSRP5xk%3d&tabid=5193&portalid=0&mid=13733,"MEMO_PDF_EXTRACTION_FAILED — re-ingest with force, or OCR fallback"
isiXhosa First Additional Language,2019,3,isiXhosa,1,16,94,1,0,yes,https://www.education.gov.za/LinkClick.aspx?fileticket=zBt4FGbmmIg%3d&tabid=2468&portalid=0&mid=8912,https://www.education.gov.za/LinkClick.aspx?fileticket=nswp0ShLutk%3d&tabid=2468&portalid=0&mid=8912,"MEMO_PDF_EXTRACTION_FAILED — re-ingest with force, or OCR fallback"
isiNdebele First Additional Language,2019,2,isiNdebele,1,15,93,1,0,yes,https://www.education.gov.za/LinkClick.aspx?fileticket=RwyVQJkIrZw%3d&tabid=2468&portalid=0&mid=8910,https://www.education.gov.za/LinkClick.aspx?fileticket=ZBLB2MU83Rs%3d&tabid=2468&portalid=0&mid=8910,"MEMO_PDF_EXTRACTION_FAILED — re-ingest with force, or OCR fallback"
Sepedi First Additional Language,2021,2,Sepedi,1,22,95,1,0,yes,https://www.education.gov.za/LinkClick.aspx?fileticket=BvYGRIvuEg8%3d&tabid=2837&portalid=0&mid=9946,https://www.education.gov.za/LinkClick.aspx?fileticket=0cYOUvByi7Q%3d&tabid=2837&portalid=0&mid=9946,"MEMO_PDF_EXTRACTION_FAILED — re-ingest with force, or OCR fallback"
Setswana Home Language,2019,3,Setswana,1,15,93,1,0,yes,https://www.education.gov.za/LinkClick.aspx?fileticket=XBIplqNrk1w%3d&tabid=2468&portalid=0&mid=8919,https://www.education.gov.za/LinkClick.aspx?fileticket=vWsXZtvSchE%3d&tabid=2468&portalid=0&mid=8919,"MEMO_PDF_EXTRACTION_FAILED — re-ingest with force, or OCR fallback"
Afrikaans Home Language,2015,3,Afrikaans,1,15,93,1,0,yes,https://www.education.gov.za/LinkClick.aspx?fileticket=C9RtrVmQyLc%3d&tabid=979&portalid=0&mid=4298,https://www.education.gov.za/LinkClick.aspx?fileticket=OITReXkzIsc%3d&tabid=979&portalid=0&mid=4298,"MEMO_PDF_EXTRACTION_FAILED — re-ingest with force, or OCR fallback"
Design,2017,1,Afrikaans,1,9,89,1,0,yes,https://www.education.gov.za/LinkClick.aspx?fileticket=GKbPxz6CFJo%3d&tabid=1856&portalid=0&mid=7340,https://www.education.gov.za/LinkClick.aspx?fileticket=zel8RpRSOT8%3d&tabid=1856&portalid=0&mid=7340,"MEMO_PDF_EXTRACTION_FAILED — re-ingest with force, or OCR fallback"
Mathematics,2025,2,Afrikaans,1,1,0,0,1,yes,https://www.education.gov.za/LinkClick.aspx?fileticket=pyJxsNqlbs4%3d&tabid=5475&portalid=0&mid=14244,,MEMO_IN_CATALOG_NOT_LINKED — re-ingest with force to re-pair
Dramatic Arts,2021,1,English,1,23,96,1,0,yes,https://www.education.gov.za/LinkClick.aspx?fileticket=yum2pcW78yo%3d&tabid=2837&portalid=0&mid=9905,https://www.education.gov.za/LinkClick.aspx?fileticket=ffmDTizx95Q%3d&tabid=2837&portalid=0&mid=9905,"MEMO_PDF_EXTRACTION_FAILED — re-ingest with force, or OCR fallback"
isiNdebele First Additional Language,2019,3,isiNdebele,1,16,94,1,0,yes,https://www.education.gov.za/LinkClick.aspx?fileticket=wEZrDBHyrVs%3d&tabid=2468&portalid=0&mid=8910,https://www.education.gov.za/LinkClick.aspx?fileticket=NoLvKwo0yv0%3d&tabid=2468&portalid=0&mid=8910,"MEMO_PDF_EXTRACTION_FAILED — re-ingest with force, or OCR fallback"
Mathematics,2022,2,Afrikaans,1,1,0,0,1,yes,https://www.education.gov.za/LinkClick.aspx?fileticket=b617COfgPXA%3d&tabid=3138&portalid=0&mid=10574,,MEMO_IN_CATALOG_NOT_LINKED — re-ingest with force to re-pair
isiNdebele Home Language,2017,3,isiNdebele,1,15,93,1,0,yes,https://www.education.gov.za/LinkClick.aspx?fileticket=c9FtaCsztfQ%3d&tabid=1686&portalid=0&mid=6734,https://www.education.gov.za/LinkClick.aspx?fileticket=CHu-yhwY1Wk%3d&tabid=1686&portalid=0&mid=6734,"MEMO_PDF_EXTRACTION_FAILED — re-ingest with force, or OCR fallback"
English Home Language,2017,1,English,1,28,96,1,0,yes,https://www.education.gov.za/LinkClick.aspx?fileticket=9jXsaSAU-Iw%3d&tabid=1686&portalid=0&mid=6733,https://www.education.gov.za/LinkClick.aspx?fileticket=cCITRSc7FEU%3d&tabid=1686&portalid=0&mid=6733,"MEMO_PDF_EXTRACTION_FAILED — re-ingest with force, or OCR fallback"
Mathematical Literacy,2024,1,Afrikaans,1,1,0,0,1,yes,https://www.education.gov.za/LinkClick.aspx?fileticket=i5dGGr50CPk%3d&tabid=4933&portalid=0&mid=13145,,MEMO_IN_CATALOG_NOT_LINKED — re-ingest with force to re-pair
isiNdebele First Additional Language,2021,3,isiNdebele,1,16,94,1,0,yes,https://www.education.gov.za/LinkClick.aspx?fileticket=K9ZxpHT0Uh4%3d&tabid=2837&portalid=0&mid=10516,https://www.education.gov.za/LinkClick.aspx?fileticket=S22UDtpNCp4%3d&tabid=2837&portalid=0&mid=10516,"MEMO_PDF_EXTRACTION_FAILED — re-ingest with force, or OCR fallback"
Afrikaans Home Language,2017,3,Afrikaans,1,15,93,1,0,yes,https://www.education.gov.za/LinkClick.aspx?fileticket=gQpS0_krIOo%3d&tabid=1686&portalid=0&mid=6732,https://www.education.gov.za/LinkClick.aspx?fileticket=cLwxa7E9ZRk%3d&tabid=1686&portalid=0&mid=6732,"MEMO_PDF_EXTRACTION_FAILED — re-ingest with force, or OCR fallback"
Mathematical Literacy,2025,1,Afrikaans,1,1,0,0,1,yes,https://www.education.gov.za/LinkClick.aspx?fileticket=gKiab-SE09Q%3d&tabid=5742&portalid=0&mid=14844,,MEMO_IN_CATALOG_NOT_LINKED — re-ingest with force to re-pair
Tshivenda First Additional Language,2023,3,Tshivenda,1,15,93,1,0,yes,https://www.education.gov.za/LinkClick.aspx?fileticket=YqhinVwdgKE%3d&tabid=4504&portalid=0&mid=12293,https://www.education.gov.za/LinkClick.aspx?fileticket=hzLo6Lr8_nE%3d&tabid=4504&portalid=0&mid=12293,"MEMO_PDF_EXTRACTION_FAILED — re-ingest with force, or OCR fallback"
Setswana Home Language,2020,3,Setswana,1,12,92,1,0,yes,https://www.education.gov.za/LinkClick.aspx?fileticket=z66HdUL2BFE%3d&tabid=2702&portalid=0&mid=10163,https://www.education.gov.za/LinkClick.aspx?fileticket=Yh6o532yFwk%3d&tabid=2702&portalid=0&mid=10163,"MEMO_PDF_EXTRACTION_FAILED — re-ingest with force, or OCR fallback"
English Home Language,2016,1,English,1,31,97,1,0,yes,https://www.education.gov.za/LinkClick.aspx?fileticket=99lkmM9B4qo%3d&tabid=1000&portalid=0&mid=4414,https://www.education.gov.za/LinkClick.aspx?fileticket=KgFA_JLmiOE%3d&tabid=1000&portalid=0&mid=4414,"MEMO_PDF_EXTRACTION_FAILED — re-ingest with force, or OCR fallback"
Mathematical Literacy,2020,2,Afrikaans,1,1,0,0,1,yes,https://www.education.gov.za/LinkClick.aspx?fileticket=RDBnCV0CrwM%3d&tabid=2702&portalid=0&mid=9631,,MEMO_IN_CATALOG_NOT_LINKED — re-ingest with force to re-pair
Visual Arts,2023,2,Afrikaans,1,8,88,1,0,yes,https://www.education.gov.za/LinkClick.aspx?fileticket=GCdMP6J4d6M%3d&tabid=4682&portalid=0&mid=12690,https://www.education.gov.za/LinkClick.aspx?fileticket=zC-Rb5T4_To%3d&tabid=4682&portalid=0&mid=12690,"MEMO_PDF_EXTRACTION_FAILED — re-ingest with force, or OCR fallback"
Accounting,2022,1,English,1,24,96,1,0,yes,https://www.education.gov.za/LinkClick.aspx?fileticket=WSVz7ecVKYs%3d&tabid=3138&portalid=0&mid=10554,https://www.education.gov.za/LinkClick.aspx?fileticket=Tn_tu9OWyWA%3d&tabid=3138&portalid=0&mid=10554,"MEMO_PDF_EXTRACTION_FAILED — re-ingest with force, or OCR fallback"
Setswana Home Language,2016,3,Setswana,1,15,93,1,0,yes,https://www.education.gov.za/LinkClick.aspx?fileticket=GCV9o1E-ARE%3d&tabid=1000&portalid=0&mid=4420,https://www.education.gov.za/LinkClick.aspx?fileticket=qERx_5d5wP8%3d&tabid=1000&portalid=0&mid=4420,"MEMO_PDF_EXTRACTION_FAILED — re-ingest with force, or OCR fallback"
Tourism,2025,1,Afrikaans,1,20,95,1,0,yes,https://www.education.gov.za/LinkClick.aspx?fileticket=ow6GraSU1yg%3d&tabid=5475&portalid=0&mid=14251,https://www.education.gov.za/LinkClick.aspx?fileticket=OW7Y3ZiU5gI%3d&tabid=5475&portalid=0&mid=14251,"MEMO_PDF_EXTRACTION_FAILED — re-ingest with force, or OCR fallback"
Mathematical Literacy,2025,2,Afrikaans,1,1,0,0,1,yes,https://www.education.gov.za/LinkClick.aspx?fileticket=7ToCqmDpYoA%3d&tabid=5475&portalid=0&mid=14243,,MEMO_IN_CATALOG_NOT_LINKED — re-ingest with force to re-pair
Mathematical Literacy,2023,2,Afrikaans,1,1,0,0,1,yes,https://www.education.gov.za/LinkClick.aspx?fileticket=KLYyQ2fFlgE%3d&tabid=4682&portalid=0&mid=12680,,MEMO_IN_CATALOG_NOT_LINKED — re-ingest with force to re-pair
isiZulu Home Language,2016,2,isiZulu,1,65,98,1,0,yes,https://www.education.gov.za/LinkClick.aspx?fileticket=QjexnyR1xFc%3d&tabid=1000&portalid=0&mid=4417,https://www.education.gov.za/LinkClick.aspx?fileticket=ctpLBZccZuc%3d&tabid=1000&portalid=0&mid=4417,"MEMO_PDF_EXTRACTION_FAILED — re-ingest with force, or OCR fallback"
isiXhosa First Additional Language,2018,3,isiXhosa,1,16,94,1,0,yes,https://www.education.gov.za/LinkClick.aspx?fileticket=WKpNkc_bpOU%3d&tabid=1920&portalid=0&mid=7567,https://www.education.gov.za/LinkClick.aspx?fileticket=4BfTLs9-S8c%3d&tabid=1920&portalid=0&mid=7567,"MEMO_PDF_EXTRACTION_FAILED — re-ingest with force, or OCR fallback"
isiXhosa Home Language,2016,3,isiXhosa,1,15,93,1,0,yes,https://www.education.gov.za/LinkClick.aspx?fileticket=SbRJu0SnwHE%3d&tabid=1000&portalid=0&mid=4416,https://www.education.gov.za/LinkClick.aspx?fileticket=Gp-fmxHK-qs%3d&tabid=1000&portalid=0&mid=4416,MEMO_NOT_PUBLISHED_BY_DBE — portfolio/practical submission assessed by embedded rubric; no memo PDF exists
Tshivenda First Additional Language,2020,3,Tshivenda,1,16,94,1,0,yes,https://www.education.gov.za/LinkClick.aspx?fileticket=M-vM9kD8IDQ%3d&tabid=2702&portalid=0&mid=10160,https://www.education.gov.za/LinkClick.aspx?fileticket=GMJZSbjN2tw%3d&tabid=2702&portalid=0&mid=10160,"MEMO_PDF_EXTRACTION_FAILED — re-ingest with force, or OCR fallback"
Design,2020,1,Afrikaans,1,11,91,1,0,yes,https://www.education.gov.za/LinkClick.aspx?fileticket=r8xZZR7sXt4%3d&tabid=2702&portalid=0&mid=9621,https://www.education.gov.za/LinkClick.aspx?fileticket=Ve9ZzXXeNzo%3d&tabid=2702&portalid=0&mid=9621,"MEMO_PDF_EXTRACTION_FAILED — re-ingest with force, or OCR fallback"
Mathematical Literacy,2023,1,Afrikaans,1,1,0,0,1,yes,https://www.education.gov.za/LinkClick.aspx?fileticket=tc_KiRNuNLU%3d&tabid=4504&portalid=0&mid=12316,,MEMO_IN_CATALOG_NOT_LINKED — re-ingest with force to re-pair
isiZulu Home Language,2021,3,isiZulu,1,15,93,1,0,yes,https://www.education.gov.za/LinkClick.aspx?fileticket=tFnk_e2Refk%3d&tabid=2837&portalid=0&mid=10518,https://www.education.gov.za/LinkClick.aspx?fileticket=AKM6ivqybDY%3d&tabid=2837&portalid=0&mid=10518,"MEMO_PDF_EXTRACTION_FAILED — re-ingest with force, or OCR fallback"
isiXhosa Home Language,2021,3,isiXhosa,1,15,93,1,0,yes,https://www.education.gov.za/LinkClick.aspx?fileticket=VDq8W_EvUEQ%3d&tabid=2837&portalid=0&mid=10517,https://www.education.gov.za/LinkClick.aspx?fileticket=YNGW_tw7fh8%3d&tabid=2837&portalid=0&mid=10517,MEMO_NOT_PUBLISHED_BY_DBE — portfolio/practical submission assessed by embedded rubric; no memo PDF exists
Music,2024,1,English,1,109,99,1,0,yes,https://www.education.gov.za/LinkClick.aspx?fileticket=BaJrnuTf64c%3d&tabid=4933&portalid=0&mid=13148,https://www.education.gov.za/LinkClick.aspx?fileticket=0xC3SKOJ2yM%3d&tabid=4933&portalid=0&mid=13148,"MEMO_PDF_EXTRACTION_FAILED — re-ingest with force, or OCR fallback"
Design,2017,1,English,1,9,89,1,0,yes,https://www.education.gov.za/LinkClick.aspx?fileticket=4w_CXMA9b6I%3d&tabid=1856&portalid=0&mid=7340,https://www.education.gov.za/LinkClick.aspx?fileticket=HO7XzFDNFbM%3d&tabid=1856&portalid=0&mid=7340,"MEMO_PDF_EXTRACTION_FAILED — re-ingest with force, or OCR fallback"
Sesotho First Additional Language,2021,3,Sesotho,1,5,80,1,0,yes,https://www.education.gov.za/LinkClick.aspx?fileticket=t6AsThbjvzU%3d&tabid=2837&portalid=0&mid=10519,https://www.education.gov.za/LinkClick.aspx?fileticket=Ky_aoo9ErT8%3d&tabid=2837&portalid=0&mid=10519,"MEMO_PDF_EXTRACTION_FAILED — re-ingest with force, or OCR fallback"
Tshivenda First Additional Language,2024,3,Tshivenda,1,15,93,1,0,yes,https://www.education.gov.za/LinkClick.aspx?fileticket=rVU4nTSawl4%3d&tabid=4933&portalid=0&mid=13123,https://www.education.gov.za/LinkClick.aspx?fileticket=NmdIHwz8MWQ%3d&tabid=4933&portalid=0&mid=13123,"MEMO_PDF_EXTRACTION_FAILED — re-ingest with force, or OCR fallback"
Religion Studies,2019,2,English,1,24,96,1,0,yes,https://www.education.gov.za/LinkClick.aspx?fileticket=3FKNBRSQobo%3d&tabid=2468&portalid=0&mid=8942,https://www.education.gov.za/LinkClick.aspx?fileticket=LCX68E-DvaQ%3d&tabid=2468&portalid=0&mid=8942,"MEMO_PDF_EXTRACTION_FAILED — re-ingest with force, or OCR fallback"
Setswana Home Language,2021,3,Setswana,1,15,93,1,0,yes,https://www.education.gov.za/LinkClick.aspx?fileticket=VTqoL1705Zw%3d&tabid=2837&portalid=0&mid=9948,https://www.education.gov.za/LinkClick.aspx?fileticket=oDL1QDIeNkI%3d&tabid=2837&portalid=0&mid=9948,"MEMO_PDF_EXTRACTION_FAILED — re-ingest with force, or OCR fallback"
Mathematics,2018,2,Afrikaans,1,1,0,0,1,yes,https://www.education.gov.za/LinkClick.aspx?fileticket=yqMyYWvk1mw%3d&tabid=1920&portalid=0&mid=7595,,MEMO_IN_CATALOG_NOT_LINKED — re-ingest with force to re-pair
isiZulu Home Language,2023,2,isiZulu,1,110,99,1,0,yes,https://www.education.gov.za/LinkClick.aspx?fileticket=zkE45YlGa5Y%3d&tabid=4504&portalid=0&mid=12287,https://www.education.gov.za/LinkClick.aspx?fileticket=oKml_zsYYVg%3d&tabid=4504&portalid=0&mid=12287,"MEMO_PDF_EXTRACTION_FAILED — re-ingest with force, or OCR fallback"
Dramatic Arts,2020,1,English,1,23,96,1,0,yes,https://www.education.gov.za/LinkClick.aspx?fileticket=YSR8cG7mPrc%3d&tabid=2702&portalid=0&mid=9622,https://www.education.gov.za/LinkClick.aspx?fileticket=_PI9FGCvnZo%3d&tabid=2702&portalid=0&mid=9622,"MEMO_PDF_EXTRACTION_FAILED — re-ingest with force, or OCR fallback"
Mathematics,2022,1,Afrikaans,1,1,0,0,1,yes,https://www.education.gov.za/LinkClick.aspx?fileticket=X1H2CPHKEWw%3d&tabid=3138&portalid=0&mid=10574,,MEMO_IN_CATALOG_NOT_LINKED — re-ingest with force to re-pair
siSwati Home Language,2025,3,siSwati,1,14,93,1,0,yes,https://www.education.gov.za/LinkClick.aspx?fileticket=UqzdxEO7z10%3d&tabid=5475&portalid=0&mid=14220,https://www.education.gov.za/LinkClick.aspx?fileticket=hAWLhgzQgnA%3d&tabid=5475&portalid=0&mid=14220,"MEMO_PDF_EXTRACTION_FAILED — re-ingest with force, or OCR fallback"
Visual Arts,2021,1,Afrikaans,1,15,93,1,0,yes,https://www.education.gov.za/LinkClick.aspx?fileticket=ldmLwb9Astw%3d&tabid=2837&portalid=0&mid=9924,https://www.education.gov.za/LinkClick.aspx?fileticket=HokHmTj2Fxw%3d&tabid=2837&portalid=0&mid=9924,"MEMO_PDF_EXTRACTION_FAILED — re-ingest with force, or OCR fallback"
Mathematics,2017,1,Afrikaans,1,1,0,0,1,yes,https://www.education.gov.za/LinkClick.aspx?fileticket=itFlxQ0T50c%3d&tabid=1686&portalid=0&mid=6753,,MEMO_IN_CATALOG_NOT_LINKED — re-ingest with force to re-pair
isiNdebele Home Language,2015,3,isiNdebele,1,15,93,1,0,yes,https://www.education.gov.za/LinkClick.aspx?fileticket=6T-EVhlj4-Y%3d&tabid=979&portalid=0&mid=4300,https://www.education.gov.za/LinkClick.aspx?fileticket=A16tPf2a-bQ%3d&tabid=979&portalid=0&mid=4300,"MEMO_PDF_EXTRACTION_FAILED — re-ingest with force, or OCR fallback"
isiNdebele First Additional Language,2015,2,isiNdebele,1,16,94,1,0,yes,https://www.education.gov.za/LinkClick.aspx?fileticket=rwLKPYUNqrY%3d&tabid=979&portalid=0&mid=4300,https://www.education.gov.za/LinkClick.aspx?fileticket=2ZrDArB90f0%3d&tabid=979&portalid=0&mid=4300,"MEMO_PDF_EXTRACTION_FAILED — re-ingest with force, or OCR fallback"
